1104550,8335001,Aach,78267,Landkreis Konstanz,Baden-Württemberg
1255910,7235001,Aach,54298,Landkreis Trier-Saarburg,Rheinland-Pfalz
62564,5334002,Aachen,52062,Städteregion Aachen,Nordrhein-Westfalen
62564,5334002,Aachen,52064,Städteregion Aachen,Nordrhein-Westfalen
62564,5334002,Aachen,52066,Städteregion Aachen,Nordrhein-Westfalen
62564,5334002,Aachen,52068,Städteregion Aachen,Nordrhein-Westfalen
62564,5334002,Aachen,52070,Städteregion Aachen,Nordrhein-Westfalen
62564,5334002,Aachen,52072,Städteregion Aachen,Nordrhein-Westfalen
62564,5334002,Aachen,52074,Städteregion Aachen,Nordrhein-Westfalen
62564,5334002,Aachen,52076,Städteregion Aachen,Nordrhein-Westfalen
62564,5334002,Aachen,52078,Städteregion Aachen,Nordrhein-Westfalen
62564,5334002,Aachen,52080,Städteregion Aachen,Nordrhein-Westfalen
915486,8136088,Aalen,73430,Ostalbkreis,Baden-Württemberg
915486,8136088,Aalen,73431,Ostalbkreis,Baden-Württemberg
915486,8136088,Aalen,73432,Ostalbkreis,Baden-Württemberg
915486,8136088,Aalen,73433,Ostalbkreis,Baden-Württemberg
915486,8136088,Aalen,73434,Ostalbkreis,Baden-Württemberg
413109,6439001,Aarbergen,65326,Rheingau-Taunus-Kreis,Hessen
448770,1061001,Aasbüttel,25560,Kreis Steinburg,Schleswig-Holstein
158409,9576111,Abenberg,91183,Landkreis Roth,Bayern
956651,9273111,Abensberg,93326,Landkreis Kelheim,Bayern
1244276,7134001,Abentheuer,55767,Landkreis Birkenfeld,Rheinland-Pfalz
1015097,9577111,Absberg,91720,Landkreis Weißenburg-Gunzenhausen,Bayern
410485,8125001,Abstatt,74232,Landkreis Heilbronn,Baden-Württemberg
2389084,16065001,Abtsbessingen,99713,Kyffhäuserkreis,Thüringen
915445,8136002,Abtsgmünd,73453,Ostalbkreis,Baden-Württemberg
537061,6431001,Abtsteinach,69518,Kreis Bergstraße,Hessen
283691,9675111,Abtswind,97355,Landkreis Kitzingen,Bayern
1244067,7133001,Abtweiler,55568,Landkreis Bad Kreuznach,Rheinland-Pfalz
2806596,8436001,Achberg,88147,Landkreis Ravensburg,Baden-Württemberg
452972,8317001,Achern,77855,Ortenaukreis,Baden-Württemberg
1182036,3361001,Achim,28832,Landkreis Verden,Niedersachsen
959175,9276111,Achslach,94250,Landkreis Regen,Bayern
2801019,8426001,Achstetten,88480,Landkreis Biberach,Baden-Württemberg
548033,7137001,Acht,56729,Landkreis Mayen-Koblenz,Rheinland-Pfalz
1246405,7134002,Achtelsbach,55767,Landkreis Birkenfeld,Rheinland-Pfalz
548502,1058001,Achterwehr,24239,Kreis Rendsburg-Eckernförde,Schleswig-Holstein
1417214,1054001,Achtrup,25917,Kreis Nordfriesland,Schleswig-Holstein
2825844,8117001,Adelberg,73099,Landkreis Göppingen,Baden-Württemberg
1399100,3159001,Adelebsen,37139,Landkreis Göttingen,Niedersachsen
1796300,3351001,Adelheidsdorf,29352,Landkreis Celle,Niedersachsen
915446,8136003,Adelmannsfelden,73486,Ostalbkreis,Baden-Württemberg
943553,9176111,Adelschlag,85111,Landkreis Eichstätt,Bayern
1016518,9572111,Adelsdorf,91325,Landkreis Erlangen-Höchstadt,Bayern
403733,8225001,Adelsheim,74740,Neckar-Odenwald-Kreis,Baden-Württemberg
534077,9571111,Adelshofen,91587,Landkreis Ansbach,Bayern
933549,9179111,Adelshofen,82276,Landkreis Fürstenfeldbruck,Bayern
452562,9772111,Adelsried,86477,Landkreis Augsburg,Bayern
163655,9771111,Adelzhausen,86559,Landkreis Aichach-Friedberg,Bayern
1060416,7131001,Adenau,53518,Landkreis Ahrweiler,Rheinland-Pfalz
1246784,7336001,Adenbach,67742,Landkreis Kusel,Rheinland-Pfalz
1363679,3151001,Adenbüttel,38528,Landkreis Gifhorn,Niedersachsen
1392133,3355001,Adendorf,21365,Landkreis Lüneburg,Niedersachsen
191347,9274111,Adlkofen,84166,Landkreis Landshut,Bayern
391131,13072001,Admannshagen-Bargeshagen,18211,Landkreis Rostock,Mecklenburg-Vorpommern
443610,14523010,Adorf/Vogtland,08626,Vogtlandkreis,Sachsen
448016,1061002,Aebtissinwisch,25572,Kreis Steinburg,Schleswig-Holstein
1169356,3252001,Aerzen,31855,Landkreis Hameln-Pyrmont,Niedersachsen
405290,8118001,Affalterbach,71563,Landkreis Ludwigsburg,Baden-Württemberg
393482,9771112,Affing,86444,Landkreis Aichach-Friedberg,Bayern
1992924,3251001,Affinghausen,27257,Landkreis Diepholz,Niedersachsen
1171872,7232001,Affler,54689,Eifelkreis Bitburg-Prüm,Rheinland-Pfalz
445842,3359001,Agathenburg,21684,Landkreis Stade,Niedersachsen
448765,1061003,Agethorst,25560,Kreis Steinburg,Schleswig-Holstein
403747,8225002,Aglasterhausen,74858,Neckar-Odenwald-Kreis,Baden-Württemberg
191355,9274112,Aham,84168,Landkreis Landshut,Bayern
162877,5554004,Ahaus,48683,Kreis Borken,Nordrhein-Westfalen
965596,3357001,Ahausen,27367,Landkreis Rotenburg (Wümme),Niedersachsen
1408072,13075001,Ahlbeck,17375,Landkreis Vorpommern-Greifswald,Mecklenburg-Vorpommern
1808860,3358001,Ahlden,29693,Landkreis Heidekreis,Niedersachsen
548612,1058175,Ahlefeld-Bistensee,24358,Kreis Rendsburg-Eckernförde,Schleswig-Holstein
152285,5570004,Ahlen,59227,Kreis Warendorf,Nordrhein-Westfalen
152285,5570004,Ahlen,59229,Kreis Warendorf,Nordrhein-Westfalen
446435,3359002,Ahlerstedt,21702,Landkreis Stade,Niedersachsen
2409456,15087010,Ahlsdorf,06313,Landkreis Mansfeld-Südharz,Sachsen-Anhalt
1273264,16069001,Ahlstädt,98553,Landkreis Hildburghausen,Thüringen
530915,6633001,Ahnatal,34292,Landkreis Kassel,Hessen
1145086,1059102,Ahneby,24996,Kreis Schleswig-Flensburg,Schleswig-Holstein
1797682,3351002,Ahnsbeck,29353,Landkreis Celle,Niedersachsen
1169362,3257001,Ahnsen,31708,Landkreis Schaumburg,Niedersachsen
959667,9278112,Aholfing,94345,Landkreis Straubing-Bogen,Bayern
959803,9271111,Aholming,94527,Landkreis Deggendorf,Bayern
401808,8128138,Ahorn,74744,Main-Tauber-Kreis,Baden-Württemberg
956872,9473112,Ahorn,96482,Landkreis Coburg,Bayern
1071012,9472111,Ahorntal,95491,Landkreis Bayreuth,Bayern
1021829,7131002,Ahrbrück,53506,Landkreis Ahrweiler,Rheinland-Pfalz
382442,1055001,Ahrensbök,23623,Kreis Ostholstein,Schleswig-Holstein
453746,1062001,Ahrensburg,22926,Kreis Stormarn,Schleswig-Holstein
1318349,12060005,Ahrensfelde,16356,Landkreis Barnim,Brandenburg
374204,13073001,Ahrenshagen-Daskow,18320,Landkreis Vorpommern-Rügen,Mecklenburg-Vorpommern
62422,11000000,Berlin,10781,,Berlin
1406816,1054002,Ahrenshöft,25853,Kreis Nordfriesland,Schleswig-Holstein
374244,13073002,Ahrenshoop,18347,Landkreis Vorpommern-Rügen,Mecklenburg-Vorpommern
1406979,1054003,Ahrenviöl,25885,Kreis Nordfriesland,Schleswig-Holstein
1406977,1054004,Ahrenviölfeld,24896,Kreis Nordfriesland,Schleswig-Holstein
1406977,1054004,Ahrenviölfeld,25885,Kreis Nordfriesland,Schleswig-Holstein
161897,9771113,Aichach,86551,Landkreis Aichach-Friedberg,Bayern
958122,9275111,Aicha vorm Wald,94529,Landkreis Passau,Bayern
2792688,8117002,Aichelberg,73101,Landkreis Göppingen,Baden-Württemberg
935172,9774166,Aichen,86479,Landkreis Günzburg,Bayern
943754,8325001,Aichhalden,78733,Landkreis Rottweil,Baden-Württemberg
2806735,8436003,Aichstetten,88317,Landkreis Ravensburg,Baden-Württemberg
2796466,8116081,Aichtal,72631,Landkreis Esslingen,Baden-Württemberg
2792901,8116076,Aichwald,73773,Landkreis Esslingen,Baden-Württemberg
958099,9275112,Aidenbach,94501,Landkreis Passau,Bayern
388769,9674111,Aidhausen,97491,Landkreis Haßberge,Bayern
722153,8115001,Aidlingen,71134,Landkreis Böblingen,Baden-Württemberg
956660,9273113,Aiglsbach,84089,Landkreis Kelheim,Bayern
535001,7143200,Ailertchen,56459,Westerwaldkreis,Rheinland-Pfalz
162453,9771114,Aindling,86447,Landkreis Aichach-Friedberg,Bayern
941761,9172111,Ainring,83404,Landkreis Berchtesgadener Land,Bayern
956819,9773111,Aislingen,89344,Landkreis Dillingen an der Donau,Bayern
959661,9278113,Aiterhofen,94330,Landkreis Straubing-Bogen,Bayern
1244183,8336004,Aitern,79677,Landkreis Lörrach,Baden-Württemberg
2806736,8436004,Aitrach,88319,Landkreis Ravensburg,Baden-Württemberg
447974,9777111,Aitrang,87648,Landkreis Ostallgäu,Bayern
1329407,15082005,Aken (Elbe),06385,Landkreis Anhalt-Bitterfeld,Sachsen-Anhalt
1329407,15082005,Aken (Elbe),06386,Landkreis Anhalt-Bitterfeld,Sachsen-Anhalt
1284770,15090003,Aland,39615,Landkreis Stendal,Sachsen-Anhalt
2186953,9187186,Albaching,83544,Landkreis Rosenheim,Bayern
2786234,8337002,Albbruck,79774,Landkreis Waldshut,Baden-Württemberg
423032,1051001,Albersdorf,25767,Kreis Dithmarschen,Schleswig-Holstein
2778355,16074001,Albersdorf,07646,Saale-Holzland-Kreis,Thüringen
2792707,8117003,Albershausen,73095,Landkreis Göppingen,Baden-Württemberg
1252774,7337001,Albersweiler,76857,Landkreis Südliche Weinstraße,Rheinland-Pfalz
283563,9675112,Albertshofen,97320,Landkreis Kitzingen,Bayern
1246578,7336002,Albessen,66871,Landkreis Kusel,Rheinland-Pfalz
1248583,7331001,Albig,55234,Landkreis Alzey-Worms,Rheinland-Pfalz
1254398,7333001,Albisheim (Pfrimm),67308,Donnersbergkreis,Rheinland-Pfalz
1471102,1053001,Albsfelde,23909,Kreis Herzogtum Lauenburg,Schleswig-Holstein
2779017,8417079,Albstadt,72458,Zollernalbkreis,Baden-Württemberg
2779017,8417079,Albstadt,72459,Zollernalbkreis,Baden-Württemberg
2779017,8417079,Albstadt,72461,Zollernalbkreis,Baden-Württemberg
158407,5358004,Aldenhoven,52457,Kreis Düren,Nordrhein-Westfalen
958104,9275114,Aldersbach,94501,Landkreis Passau,Bayern
1231975,8327002,Aldingen,78554,Landkreis Tuttlingen,Baden-Württemberg
962467,9779111,Alerheim,86733,Landkreis Donau-Ries,Bayern
1015138,9577113,Alesheim,91793,Landkreis Weißenburg-Gunzenhausen,Bayern
568238,9774111,Aletshausen,86480,Landkreis Günzburg,Bayern
1269727,7135001,Alf,56859,Landkreis Cochem-Zell,Rheinland-Pfalz
401623,8119001,Alfdorf,73553,Rems-Murr-Kreis,Baden-Württemberg
401623,8119001,Alfdorf,73655,Rems-Murr-Kreis,Baden-Württemberg
966167,9574111,Alfeld,91236,Landkreis Nürnberger Land,Bayern
1168905,3254002,Alfeld (Leine),31061,Landkreis Hildesheim,Niedersachsen
1821138,3459001,Alfhausen,49594,Landkreis Osnabrück,Niedersachsen
1269816,7135002,Alflen,56828,Landkreis Cochem-Zell,Rheinland-Pfalz
1079020,3357002,Alfstedt,27432,Landkreis Rotenburg (Wümme),Niedersachsen
172095,5382004,Alfter,53347,Rhein-Sieg-Kreis,Nordrhein-Westfalen
91859,3254003,Algermissen,31191,Landkreis Hildesheim,Niedersachsen
238961,6632001,Alheim,36211,Landkreis Hersfeld-Rotenburg,Hessen
546611,7137201,Alken,56332,Landkreis Mayen-Koblenz,Rheinland-Pfalz
396563,16070001,Alkersleben,99310,Ilm-Kreis,Thüringen
1428588,1054005,Alkersum,25938,Kreis Nordfriesland,Schleswig-Holstein
1245131,7134003,Allenbach,55758,Landkreis Birkenfeld,Rheinland-Pfalz
418611,6531001,Allendorf,35469,Landkreis Gießen,Hessen
539713,7141001,Allendorf,56370,Rhein-Lahn-Kreis,Rheinland-Pfalz
1273287,16073001,Allendorf,07426,Landkreis Saalfeld-Rudolstadt,Thüringen
443591,6635001,Allendorf (Eder),35108,Landkreis Waldeck-Frankenberg,Hessen
1244219,7133002,Allenfeld,55595,Landkreis Bad Kreuznach,Rheinland-Pfalz
2784841,8335002,Allensbach,78476,Landkreis Konstanz,Baden-Württemberg
158406,9576113,Allersberg,90584,Landkreis Roth,Bayern
30015,9178113,Allershausen,85391,Landkreis Freising,Bayern
2801344,8426005,Alleshausen,88422,Landkreis Biberach,Baden-Württemberg
933491,9179113,Alling,82239,Landkreis Fürstenfeldbruck,Bayern
445854,9772114,Allmannshofen,86695,Landkreis Augsburg,Bayern
2801315,8426006,Allmannsweiler,88348,Landkreis Biberach,Baden-Württemberg
2803631,8425002,Allmendingen,89604,Alb-Donau-Kreis,Baden-Württemberg
400939,8119003,Allmersbach im Tal,71573,Rems-Murr-Kreis,Baden-Württemberg
2397385,15087015,Allstedt,06542,Landkreis Mansfeld-Südharz,Sachsen-Anhalt
1567454,1054006,Almdorf,25821,Kreis Nordfriesland,Schleswig-Holstein
418894,7132001,Almersbach,57610,Landkreis Altenkirchen,Rheinland-Pfalz
58618,5170004,Alpen,46519,Kreis Wesel,Nordrhein-Westfalen
453150,7143202,Alpenrod,57642,Westerwaldkreis,Rheinland-Pfalz
453150,7143202,Alpenrod,57647,Westerwaldkreis,Rheinland-Pfalz
2411295,16068001,Alperstedt,99195,Landkreis Sömmerda,Thüringen
935834,8237002,Alpirsbach,72275,Landkreis Freudenstadt,Baden-Württemberg
532368,7143001,Alsbach,56237,Westerwaldkreis,Rheinland-Pfalz
452415,6432001,Alsbach-Hähnlein,64665,Landkreis Darmstadt-Dieburg,Hessen
157993,5334004,Alsdorf,52477,Städteregion Aachen,Nordrhein-Westfalen
422316,7132002,Alsdorf,57518,Landkreis Altenkirchen,Rheinland-Pfalz
1163504,7232002,Alsdorf,54668,Eifelkreis Bitburg-Prüm,Rheinland-Pfalz
1253873,7333003,Alsenz,67821,Donnersbergkreis,Rheinland-Pfalz
418327,6535001,Alsfeld,36304,Vogelsbergkreis,Hessen
1248686,7331002,Alsheim,67577,Landkreis Alzey-Worms,Rheinland-Pfalz
1332300,15089005,Alsleben,06425,Salzlandkreis,Sachsen-Anhalt
2792885,8116004,Altbach,73776,Landkreis Esslingen,Baden-Württemberg
1157542,1059001,Alt Bennebek,24848,Kreis Schleswig-Flensburg,Schleswig-Holstein
394333,13072002,Alt Bukow,18233,Landkreis Rostock,Mecklenburg-Vorpommern
1322902,12066008,Altdöbern,03229,Landkreis Oberspreewald-Lausitz,Brandenburg
190875,9274113,Altdorf,84032,Landkreis Landshut,Bayern
722061,8115002,Altdorf,71155,Landkreis Böblingen,Baden-Württemberg
902680,8116005,Altdorf,72655,Landkreis Esslingen,Baden-Württemberg
1252492,7337002,Altdorf,67482,Landkreis Südliche Weinstraße,Rheinland-Pfalz
966164,9574112,Altdorf bei Nürnberg,90518,Landkreis Nürnberger Land,Bayern
548573,1058003,Alt Duvenstedt,24782,Kreis Rendsburg-Eckernförde,Schleswig-Holstein
548573,1058003,Alt Duvenstedt,24791,Kreis Rendsburg-Eckernförde,Schleswig-Holstein
548573,1058003,Alt Duvenstedt,24811,Kreis Rendsburg-Eckernförde,Schleswig-Holstein
1438081,13073003,Altefähr,18573,Landkreis Vorpommern-Rügen,Mecklenburg-Vorpommern
964628,9375113,Alteglofsheim,93087,Landkreis Regensburg,Bayern
168547,5962004,Altena,58762,Märkischer Kreis,Nordrhein-Westfalen
1021826,7131003,Altenahr,53505,Landkreis Ahrweiler,Rheinland-Pfalz
1244034,7133003,Altenbamberg,55585,Landkreis Bad Kreuznach,Rheinland-Pfalz
148072,5774004,Altenbeken,33184,Kreis Paderborn,Nordrhein-Westfalen
455484,14628010,Altenberg,01773,Landkreis Sächsische Schweiz-Osterzgebirge,Sachsen
455484,14628010,Altenberg,01778,Landkreis Sächsische Schweiz-Osterzgebirge,Sachsen
2458400,16074002,Altenberga,07768,Saale-Holzland-Kreis,Thüringen
155779,5566004,Altenberge,48341,Kreis Steinfurt,Nordrhein-Westfalen
1273353,16073002,Altenbeuthen,07338,Landkreis Saalfeld-Rudolstadt,Thüringen
394512,9676111,Altenbuch,97901,Landkreis Miltenberg,Bayern
1263721,16077001,Altenburg,04600,Landkreis Altenburger Land,Thüringen
537133,7141002,Altendiez,65624,Rhein-Lahn-Kreis,Rheinland-Pfalz
962080,9376112,Altendorf,92540,Landkreis Schwandorf,Bayern
1077529,9471111,Altendorf,96146,Landkreis Bamberg,Bayern
1246622,7336003,Altenglan,66885,Landkreis Kusel,Rheinland-Pfalz
1427896,13071002,Altenhagen,17091,Landkreis Mecklenburgische Seenplatte,Mecklenburg-Vorpommern
1286652,15083020,Altenhausen,39343,Landkreis Börde,Sachsen-Anhalt
554562,1058004,Altenhof,24340,Kreis Rendsburg-Eckernförde,Schleswig-Holstein
1424152,13071003,Altenhof,17209,Landkreis Mecklenburgische Seenplatte,Mecklenburg-Vorpommern
554747,1058005,Altenholz,24161,Kreis Rendsburg-Eckernförde,Schleswig-Holstein
1252363,7336004,Altenkirchen,66903,Landkreis Kusel,Rheinland-Pfalz
1437950,13073004,Altenkirchen,18556,Landkreis Vorpommern-Rügen,Mecklenburg-Vorpommern
418895,7132501,Altenkirchen (Westerwald),57610,Landkreis Altenkirchen,Rheinland-Pfalz
382409,1055002,Altenkrempe,23730,Kreis Ostholstein,Schleswig-Holstein
1026858,9478111,Altenkunstadt,96264,Landkreis Lichtenfels,Bayern
941639,9189111,Altenmarkt an der Alz,83352,Landkreis Traunstein,Bayern
1460228,3360001,Altenmedingen,29575,Landkreis Uelzen,Niedersachsen
447188,1061004,Altenmoor,25335,Kreis Steinburg,Schleswig-Holstein
452561,9772115,Altenmünster,86450,Landkreis Augsburg,Bayern
374185,13073005,Altenpleen,18445,Landkreis Vorpommern-Rügen,Mecklenburg-Vorpommern
2796467,8116006,Altenriet,72657,Landkreis Esslingen,Baden-Württemberg
450108,6440001,Altenstadt,63674,Wetteraukreis,Hessen
936742,9190111,Altenstadt,86972,Landkreis Weilheim-Schongau,Bayern
941073,9775111,Altenstadt,89281,Landkreis Neu-Ulm,Bayern
1059433,9374111,Altenstadt an der Waldnaab,92665,Landkreis Neustadt an der Waldnaab,Bayern
1174479,8235006,Altensteig,72213,Landkreis Calw,Baden-Württemberg
964624,9375114,Altenthann,93177,Landkreis Regensburg,Bayern
1427888,13071004,Altentreptow,17087,Landkreis Mecklenburgische Seenplatte,Mecklenburg-Vorpommern
1204726,7140001,Alterkülz,56288,Rhein-Hunsrück-Kreis,Rheinland-Pfalz
180669,9679165,Altertheim,97237,Landkreis Würzburg,Bayern
191496,9274114,Altfraunhofen,84169,Landkreis Landshut,Bayern
933521,9179114,Althegnenberg,82278,Landkreis Fürstenfeldbruck,Bayern
2802280,8426008,Altheim,88499,Landkreis Biberach,Baden-Württemberg
2803632,8425004,Altheim,89605,Alb-Donau-Kreis,Baden-Württemberg
2790973,8425005,Altheim (Alb),89174,Alb-Donau-Kreis,Baden-Württemberg
933498,8235007,Althengstett,75382,Landkreis Calw,Baden-Württemberg
1250687,7340201,Althornbach,66484,Landkreis Südwestpfalz,Rheinland-Pfalz
400938,8119004,Althütte,71566,Rems-Murr-Kreis,Baden-Württemberg
1318343,12060012,Althüttendorf,16247,Landkreis Barnim,Brandenburg
2020631,13072004,Altkalen,17179,Landkreis Rostock,Mecklenburg-Vorpommern
1451540,13076001,Alt Krenzlin,19288,Landkreis Ludwigslust-Parchim,Mecklenburg-Vorpommern
1332946,12064029,Altlandsberg,15345,Landkreis Märkisch-Oderland,Brandenburg
1269719,7135003,Altlay,56858,Landkreis Cochem-Zell,Rheinland-Pfalz
1249748,7332001,Altleiningen,67316,Landkreis Bad Dürkheim,Rheinland-Pfalz
1249748,7332001,Altleiningen,67317,Landkreis Bad Dürkheim,Rheinland-Pfalz
453415,8226003,Altlußheim,68804,Rhein-Neckar-Kreis,Baden-Württemberg
943548,9176112,Altmannstein,93336,Landkreis Eichstätt,Bayern
1284744,15090007,Altmärkische Höhe,39606,Landkreis Stendal,Sachsen-Anhalt
1284744,15090007,Altmärkische Höhe,39615,Landkreis Stendal,Sachsen-Anhalt
1284749,15090008,Altmärkische Wische,39615,Landkreis Stendal,Sachsen-Anhalt
1444893,13074001,Alt Meteln,19069,Landkreis Nordwestmecklenburg,Mecklenburg-Vorpommern
414485,14522010,Altmittweida,09648,Landkreis Mittelsachsen,Sachsen
1467346,1053002,Alt Mölln,23881,Kreis Herzogtum Lauenburg,Schleswig-Holstein
167317,9174111,Altomünster,85250,Landkreis Dachau,Bayern
942029,9171111,Altötting,84503,Landkreis Altötting,Bayern
1259135,7231001,Altrich,54518,Landkreis Bernkastel-Wittlich,Rheinland-Pfalz
418402,7338001,Altrip,67122,Rhein-Pfalz-Kreis,Rheinland-Pfalz
1171858,7232003,Altscheid,54636,Eifelkreis Bitburg-Prüm,Rheinland-Pfalz
1424389,13071001,Alt Schwerin,17214,Landkreis Mecklenburgische Seenplatte,Mecklenburg-Vorpommern
2808120,8436005,Altshausen,88361,Landkreis Ravensburg,Baden-Württemberg
1269731,7135004,Altstrimmig,56858,Landkreis Cochem-Zell,Rheinland-Pfalz
1996945,13072003,Alt Sührkow,17166,Landkreis Rostock,Mecklenburg-Vorpommern
1427539,13075002,Alt Tellin,17129,Landkreis Vorpommern-Greifswald,Mecklenburg-Vorpommern
1332921,12064009,Alt Tucheband,15328,Landkreis Märkisch-Oderland,Brandenburg
957781,9780112,Altusried,87452,Landkreis Oberallgäu,Bayern
1408065,13075003,Altwarp,17375,Landkreis Vorpommern-Greifswald,Mecklenburg-Vorpommern
1241628,7140002,Altweidelbach,55469,Rhein-Hunsrück-Kreis,Rheinland-Pfalz
1410793,13075004,Altwigshagen,17379,Landkreis Vorpommern-Greifswald,Mecklenburg-Vorpommern
1451533,13076002,Alt Zachun,19230,Landkreis Ludwigslust-Parchim,Mecklenburg-Vorpommern
1388877,12061005,Alt Zauche-Wußwerk,15913,Landkreis Dahme-Spreewald,Brandenburg
442764,1060002,Alveslohe,25486,Kreis Segeberg,Schleswig-Holstein
534148,9671111,Alzenau,63755,Landkreis Aschaffenburg,Bayern
902672,7331003,Alzey,55232,Landkreis Alzey-Worms,Rheinland-Pfalz
62772,9361000,Amberg,92224,,Bayern
958187,9778111,Amberg,86854,Landkreis Unterallgäu,Bayern
1846190,3355002,Amelinghausen,21385,Landkreis Lüneburg,Niedersachsen
2156163,9187113,Amerang,83123,Landkreis Rosenheim,Bayern
962454,9779112,Amerdingen,86735,Landkreis Donau-Ries,Bayern
9206494,16071102,Am Ettersberg,99439,Landkreis Weimarer Land,Thüringen
1286625,15083025,Am Großen Bruch,39393,Landkreis Börde,Sachsen-Anhalt
1171847,7232004,Ammeldingen an der Our,54675,Eifelkreis Bitburg-Prüm,Rheinland-Pfalz
1171880,7232005,Ammeldingen bei Neuerburg,54673,Eifelkreis Bitburg-Prüm,Rheinland-Pfalz
176780,12072002,Am Mellensee,15838,Landkreis Teltow-Fläming,Brandenburg
2778907,8416048,Ammerbuch,72119,Landkreis Tübingen,Baden-Württemberg
1016395,9573111,Ammerndorf,90614,Landkreis Fürth,Bayern
312038,1062090,Ammersbek,22949,Kreis Stormarn,Schleswig-Holstein
1028553,9371111,Ammerthal,92260,Landkreis Amberg-Sulzbach,Bayern
2799906,16061116,Am Ohmberg,37345,Landkreis Eichsfeld,Thüringen
225501,6534001,Amöneburg,35287,Landkreis Marburg-Biedenkopf,Hessen
393471,9676112,Amorbach,63916,Landkreis Miltenberg,Bayern
941001,9183112,Ampfing,84539,Landkreis Mühldorf am Inn,Bayern
394330,13072005,Am Salzhaff,18233,Landkreis Rostock,Mecklenburg-Vorpommern
2770608,8425008,Amstetten,73340,Alb-Donau-Kreis,Baden-Württemberg
10519401,16063104,Amt Creuzburg,99831,Wartburgkreis,Thüringen
1851834,3355049,Amt Neuhaus,19273,Landkreis Lüneburg,Niedersachsen
422409,14521010,Amtsberg,09439,Erzgebirgskreis,Sachsen
2666038,16070028,Amt Wachsenburg,99334,Ilm-Kreis,Thüringen
2808296,8436006,Amtzell,88279,Landkreis Ravensburg,Baden-Württemberg
932296,9188117,Andechs,82346,Landkreis Starnberg,Bayern
1079012,3357003,Anderlingen,27446,Landkreis Rotenburg (Wümme),Niedersachsen
541666,7137003,Andernach,56626,Landkreis Mayen-Koblenz,Rheinland-Pfalz
2402486,15084012,An der Poststraße,06647,Burgenlandkreis,Sachsen-Anhalt
9205121,16065088,An der Schmücke,06577,Kyffhäuserkreis,Thüringen
2006684,3454001,Andervenne,49832,Landkreis Emsland,Niedersachsen
2411239,16068002,Andisleben,99189,Landkreis Sömmerda,Thüringen
453373,8226102,Angelbachtal,74918,Rhein-Neckar-Kreis,Baden-Württemberg
225487,6534002,Angelburg,35719,Landkreis Marburg-Biedenkopf,Hessen
941791,9172112,Anger,83454,Landkreis Berchtesgadener Land,Bayern
1334084,12073008,Angermünde,16278,Landkreis Uckermark,Brandenburg
1286657,15083030,Angern,39326,Landkreis Börde,Sachsen-Anhalt
1286657,15083030,Angern,39517,Landkreis Börde,Sachsen-Anhalt
444701,7138002,Anhausen,56584,Landkreis Neuwied,Rheinland-Pfalz
1424417,13071005,Ankershagen,17219,Landkreis Mecklenburgische Seenplatte,Mecklenburg-Vorpommern
1432550,13075005,Anklam,17389,Landkreis Vorpommern-Greifswald,Mecklenburg-Vorpommern
1817198,3459002,Ankum,49577,Landkreis Osnabrück,Niedersachsen
536625,14521020,Annaberg-Buchholz,09456,Erzgebirgskreis,Sachsen
2283775,15091010,Annaburg,06925,Landkreis Wittenberg,Sachsen-Anhalt
1252764,7337501,Annweiler am Trifels,76855,Landkreis Südliche Weinstraße,Rheinland-Pfalz
153400,5974004,Anröchte,59609,Kreis Soest,Nordrhein-Westfalen
62654,9561000,Ansbach,91522,,Bayern
548034,7137004,Anschau,56729,Landkreis Mayen-Koblenz,Rheinland-Pfalz
936943,9190113,Antdorf,82387,Landkreis Weilheim-Schongau,Bayern
418326,6535002,Antrifttal,36326,Vogelsbergkreis,Hessen
1060412,7131004,Antweiler,53533,Landkreis Ahrweiler,Rheinland-Pfalz
929824,9175111,Anzing,85646,Landkreis Ebersberg,Bayern
1176599,3257002,Apelern,31552,Landkreis Schaumburg,Niedersachsen
1187347,3451001,Apen,26689,Landkreis Ammerland,Niedersachsen
1285614,15081026,Apenburg-Winterfeld,38486,Altmarkkreis Salzwedel,Sachsen-Anhalt
446434,3359003,Apensen,21641,Landkreis Stade,Niedersachsen
932427,9181111,Apfeldorf,86974,Landkreis Landsberg am Lech,Bayern
957119,9778113,Apfeltrach,87742,Landkreis Unterallgäu,Bayern
2856439,16071001,Apolda,99510,Landkreis Weimarer Land,Thüringen
278581,3353001,Appel,21279,Landkreis Harburg,Niedersachsen
443484,1056001,Appen,25482,Kreis Pinneberg,Schleswig-Holstein
1245804,7339001,Appenheim,55437,Landkreis Mainz-Bingen,Rheinland-Pfalz
452982,8317005,Appenweier,77767,Ortenaukreis,Baden-Württemberg
1075157,7233201,Arbach,56769,Landkreis Vulkaneifel,Rheinland-Pfalz
534392,9571113,Arberg,91722,Landkreis Ansbach,Bayern
1060418,7131005,Aremberg,53533,Landkreis Ahrweiler,Rheinland-Pfalz
1285588,15081030,Arendsee (Altmark),39619,Altmarkkreis Salzwedel,Sachsen-Anhalt
1259126,7231003,Arenrath,54518,Landkreis Bernkastel-Wittlich,Rheinland-Pfalz
2395853,16061001,Arenshausen,37318,Landkreis Eichsfeld,Thüringen
943712,9185113,Aresing,86561,Landkreis Neuburg-Schrobenhausen,Bayern
548036,7137006,Arft,56729,Landkreis Mayen-Koblenz,Rheinland-Pfalz
2806737,8436094,Argenbühl,88260,Landkreis Ravensburg,Baden-Württemberg
62422,11000000,Berlin,10783,,Berlin
1244212,7133004,Argenschwang,55595,Landkreis Bad Kreuznach,Rheinland-Pfalz
1241484,7140003,Argenthal,55496,Rhein-Hunsrück-Kreis,Rheinland-Pfalz
2011073,3255001,Arholzen,37627,Landkreis Holzminden,Niedersachsen
423046,1051002,Arkebek,25767,Kreis Dithmarschen,Schleswig-Holstein
1405506,1054007,Arlewatt,25860,Kreis Nordfriesland,Schleswig-Holstein
1248409,7331004,Armsheim,55288,Landkreis Alzey-Worms,Rheinland-Pfalz
423191,1060003,Armstedt,24616,Kreis Segeberg,Schleswig-Holstein
1527157,3352002,Armstorf,21769,Landkreis Cuxhaven,Niedersachsen
959155,9276113,Arnbruck,93471,Landkreis Regen,Bayern
1284740,15090010,Arneburg,39596,Landkreis Stendal,Sachsen-Anhalt
1145353,1059002,Arnis,24399,Kreis Schleswig-Flensburg,Schleswig-Holstein
157396,5958004,Arnsberg,59755,Hochsauerlandkreis,Nordrhein-Westfalen
157396,5958004,Arnsberg,59757,Hochsauerlandkreis,Nordrhein-Westfalen
157396,5958004,Arnsberg,59759,Hochsauerlandkreis,Nordrhein-Westfalen
157396,5958004,Arnsberg,59821,Hochsauerlandkreis,Nordrhein-Westfalen
157396,5958004,Arnsberg,59823,Hochsauerlandkreis,Nordrhein-Westfalen
959922,9372112,Arnschwang,93473,Landkreis Cham,Bayern
1307625,14625010,Arnsdorf,01477,Landkreis Bautzen,Sachsen
534472,7143203,Arnshöfen,56244,Westerwaldkreis,Rheinland-Pfalz
393582,16070004,Arnstadt,99310,Ilm-Kreis,Thüringen
336476,9677114,Arnstein,97450,Landkreis Main-Spessart,Bayern
2408603,15087031,Arnstein,06456,Landkreis Mansfeld-Südharz,Sachsen-Anhalt
957058,9277111,Arnstorf,94424,Landkreis Rottal-Inn,Bayern
553601,1058007,Arpsdorf,24634,Kreis Rendsburg-Eckernförde,Schleswig-Holstein
959919,9372113,Arrach,93474,Landkreis Cham,Bayern
2387266,16065086,Artern,06556,Kyffhäuserkreis,Thüringen
1388559,3355003,Artlenburg,21380,Landkreis Lüneburg,Niedersachsen
535686,7141201,Arzbach,56337,Rhein-Lahn-Kreis,Rheinland-Pfalz
534446,14730010,Arzberg,04886,Landkreis Nordsachsen,Sachsen
1022878,9479112,Arzberg,95659,Landkreis Wunsiedel im Fichtelgebirge,Bayern
1113734,7232201,Arzfeld,54687,Eifelkreis Bitburg-Prüm,Rheinland-Pfalz
443469,7138003,Asbach,53567,Landkreis Neuwied,Rheinland-Pfalz
1245096,7134004,Asbach,55758,Landkreis Birkenfeld,Rheinland-Pfalz
562971,9779115,Asbach-Bäumenheim,86663,Landkreis Donau-Ries,Bayern
2813820,16061002,Asbach-Sickenberg,37318,Landkreis Eichsfeld,Thüringen
959656,9278116,Ascha,94347,Landkreis Straubing-Bogen,Bayern
62532,9661000,Aschaffenburg,63739,,Bayern
62532,9661000,Aschaffenburg,63741,,Bayern
62532,9661000,Aschaffenburg,63743,,Bayern
941055,9183113,Aschau am Inn,84544,Landkreis Mühldorf am Inn,Bayern
2186909,9187114,Aschau im Chiemgau,83229,Landkreis Rosenheim,Bayern
1246671,7336005,Aschbach,67753,Landkreis Kusel,Rheinland-Pfalz
157717,5558004,Ascheberg,59387,Kreis Coesfeld,Nordrhein-Westfalen
310405,1057001,Ascheberg,24326,Kreis Plön,Schleswig-Holstein
548614,1058008,Ascheffel,24358,Kreis Rendsburg-Eckernförde,Schleswig-Holstein
79801,15089015,Aschersleben,06449,Salzlandkreis,Sachsen-Anhalt
2168238,9184112,Aschheim,85609,Landkreis München,Bayern
306573,3353002,Asendorf,21271,Landkreis Harburg,Niedersachsen
1461193,3251002,Asendorf,27330,Landkreis Diepholz,Niedersachsen
400932,8119087,Aspach,71546,Rems-Murr-Kreis,Baden-Württemberg
405809,8118003,Asperg,71679,Landkreis Ludwigsburg,Baden-Württemberg
1239627,7339002,Aspisheim,55459,Landkreis Mainz-Bingen,Rheinland-Pfalz
402686,8128006,Assamstadt,97959,Main-Tauber-Kreis,Baden-Württemberg
2791715,8425011,Asselfingen,89176,Alb-Donau-Kreis,Baden-Württemberg
215977,6532001,Aßlar,35614,Lahn-Dill-Kreis,Hessen
929921,9175112,Aßling,85617,Landkreis Ebersberg,Bayern
453151,7143204,Astert,57627,Westerwaldkreis,Rheinland-Pfalz
163178,5966004,Attendorn,57439,Kreis Olpe,Nordrhein-Westfalen
540056,7141003,Attenhausen,56370,Rhein-Lahn-Kreis,Rheinland-Pfalz
956663,9273115,Attenhofen,84091,Landkreis Kelheim,Bayern
29830,9178115,Attenkirchen,85395,Landkreis Freising,Bayern
2801345,8426011,Attenweiler,88448,Landkreis Biberach,Baden-Württemberg
959671,9278117,Atting,94348,Landkreis Straubing-Bogen,Bayern
453152,7143205,Atzelgift,57629,Westerwaldkreis,Rheinland-Pfalz
1946230,8315003,Au,79280,Landkreis Breisgau-Hochschwarzwald,Baden-Württemberg
907190,8216002,Au am Rhein,76474,Landkreis Rastatt,Baden-Württemberg
162693,9679114,Aub,97239,Landkreis Würzburg,Bayern
387526,9673113,Aubstadt,97633,Landkreis Rhön-Grabfeld,Bayern
1269806,7135005,Auderath,56766,Landkreis Cochem-Zell,Rheinland-Pfalz
9301683,14521035,Aue-Bad Schlema,08280,Erzgebirgskreis,Sachsen
9301683,14521035,Aue-Bad Schlema,08301,Erzgebirgskreis,Sachsen
539909,7141004,Auel,56357,Rhein-Lahn-Kreis,Rheinland-Pfalz
1244153,7133005,Auen,55569,Landkreis Bad Kreuznach,Rheinland-Pfalz
1263898,16069058,Auengrund,98673,Landkreis Hildburghausen,Thüringen
400935,8119006,Auenwald,71549,Rems-Murr-Kreis,Baden-Württemberg
536016,14521040,Auerbach,09392,Erzgebirgskreis,Sachsen
959825,9271113,Auerbach,94530,Landkreis Deggendorf,Bayern
1028547,9371113,Auerbach in der Oberpfalz,91275,Landkreis Amberg-Sulzbach,Bayern
444398,14523020,Auerbach/Vogtland,08209,Vogtlandkreis,Sachsen
1169353,3257003,Auetal,31749,Landkreis Schaumburg,Niedersachsen
966625,9375115,Aufhausen,93089,Landkreis Regensburg,Bayern
1070999,9472115,Aufseß,91347,Landkreis Bayreuth,Bayern
1965078,8315004,Auggen,79424,Landkreis Breisgau-Hochschwarzwald,Baden-Württemberg
62407,9761000,Augsburg,86150,,Bayern
62407,9761000,Augsburg,86152,,Bayern
62407,9761000,Augsburg,86153,,Bayern
62407,9761000,Augsburg,86154,,Bayern
62407,9761000,Augsburg,86156,,Bayern
62407,9761000,Augsburg,86157,,Bayern
62407,9761000,Augsburg,86159,,Bayern
62407,9761000,Augsburg,86161,,Bayern
62407,9761000,Augsburg,86163,,Bayern
62407,9761000,Augsburg,86165,,Bayern
62407,9761000,Augsburg,86167,,Bayern
62407,9761000,Augsburg,86169,,Bayern
62407,9761000,Augsburg,86179,,Bayern
62407,9761000,Augsburg,86199,,Bayern
142752,5766004,Augustdorf,32832,Kreis Lippe,Nordrhein-Westfalen
378773,14522020,Augustusburg,09573,Landkreis Mittelsachsen,Sachsen
1182471,3257004,Auhagen,31553,Landkreis Schaumburg,Niedersachsen
962601,9779117,Auhausen,86736,Landkreis Donau-Ries,Bayern
29823,9178116,Au in der Hallertau,84072,Landkreis Freising,Bayern
556088,1058009,Aukrug,24613,Kreis Rendsburg-Eckernförde,Schleswig-Holstein
2808122,8436008,Aulendorf,88326,Landkreis Ravensburg,Baden-Württemberg
537134,7141005,Aull,65582,Rhein-Lahn-Kreis,Rheinland-Pfalz
2783122,16076092,Auma-Weidatal,07955,Landkreis Greiz,Thüringen
324694,1053003,Aumühle,21521,Kreis Herzogtum Lauenburg,Schleswig-Holstein
383696,9672111,Aura a.d.Saale,97717,Landkreis Bad Kissingen,Bayern
534187,9571114,Aurach,91589,Landkreis Ansbach,Bayern
1016525,9572114,Aurachtal,91086,Landkreis Erlangen-Höchstadt,Bayern
349932,9677116,Aura im Sinngrund,97773,Landkreis Main-Spessart,Bayern
898628,3452001,Aurich,26603,Landkreis Aurich,Niedersachsen
898628,3452001,Aurich,26605,Landkreis Aurich,Niedersachsen
898628,3452001,Aurich,26607,Landkreis Aurich,Niedersachsen
1149284,1059103,Ausacker,24975,Kreis Schleswig-Flensburg,Schleswig-Holstein
1286666,15083035,Ausleben,39393,Landkreis Börde,Sachsen-Anhalt
959813,9271114,Außernzell,94532,Landkreis Deggendorf,Bayern
450514,1061005,Auufer,25548,Kreis Steinburg,Schleswig-Holstein
1162782,7232006,Auw an der Kyll,54664,Eifelkreis Bitburg-Prüm,Rheinland-Pfalz
1108037,7232202,Auw bei Prüm,54597,Eifelkreis Bitburg-Prüm,Rheinland-Pfalz
1418654,1054009,Aventoft,25927,Kreis Nordfriesland,Schleswig-Holstein
938073,1051003,Averlak,25715,Kreis Dithmarschen,Schleswig-Holstein
904552,3356001,Axstedt,27729,Landkreis Osterholz,Niedersachsen
539953,9184137,Aying,85653,Landkreis München,Bayern
1256023,7235002,Ayl,54441,Landkreis Trier-Saarburg,Rheinland-Pfalz
443333,9772117,Aystetten,86482,Landkreis Augsburg,Bayern
1437797,13073006,Baabe,18586,Landkreis Vorpommern-Rügen,Mecklenburg-Vorpommern
161965,9771176,Baar,86674,Landkreis Aichach-Friedberg,Bayern
548035,7137007,Baar,56729,Landkreis Mayen-Koblenz,Rheinland-Pfalz
387301,9186113,Baar-Ebenhausen,85107,Landkreis Pfaffenhofen an der Ilm,Bayern
452387,6432002,Babenhausen,64832,Landkreis Darmstadt-Dieburg,Hessen
958621,9778115,Babenhausen,87727,Landkreis Unterallgäu,Bayern
2186910,9187116,Babensham,83547,Landkreis Rosenheim,Bayern
966624,9375116,Bach an der Donau,93090,Landkreis Regensburg,Bayern
1239652,7339003,Bacharach,55422,Landkreis Mainz-Bingen,Rheinland-Pfalz
418891,7132004,Bachenberg,57610,Landkreis Altenkirchen,Rheinland-Pfalz
955236,9773112,Bachhagel,89429,Landkreis Dillingen an der Donau,Bayern
956749,9773113,Bächingen a.d.Brenz,89431,Landkreis Dillingen an der Donau,Bayern
165637,8119008,Backnang,71522,Rems-Murr-Kreis,Baden-Württemberg
956650,9273116,Bad Abbach,93077,Landkreis Kelheim,Bayern
2186911,9187117,Bad Aibling,83043,Landkreis Rosenheim,Bayern
1022866,9479111,Bad Alexandersbad,95680,Landkreis Wunsiedel im Fichtelgebirge,Bayern
162356,6635002,Bad Arolsen,34454,Landkreis Waldeck-Frankenberg,Hessen
937778,9180113,Bad Bayersoien,82435,Landkreis Garmisch-Partenkirchen,Bayern
1130288,8336006,Bad Bellingen,79415,Landkreis Lörrach,Baden-Württemberg
540424,12069020,Bad Belzig,14806,Landkreis Potsdam-Mittelmark,Brandenburg
1272230,3456001,Bad Bentheim,48455,Landkreis Grafschaft Bentheim,Niedersachsen
1817279,3459007,Badbergen,49635,Landkreis Osnabrück,Niedersachsen
1252824,7337005,Bad Bergzabern,76887,Landkreis Südliche Weinstraße,Rheinland-Pfalz
2856985,16071003,Bad Berka,99438,Landkreis Weimarer Land,Thüringen
1891507,5970004,Bad Berleburg,57319,Kreis Siegen-Wittgenstein,Nordrhein-Westfalen
1070989,9472116,Bad Berneck im Fichtelgebirge,95460,Landkreis Bayreuth,Bayern
1269808,7135501,Bad Bertrich,56864,Landkreis Cochem-Zell,Rheinland-Pfalz
1460241,3360002,Bad Bevensen,29549,Landkreis Uelzen,Niedersachsen
2402429,15084015,Bad Bibra,06647,Burgenlandkreis,Sachsen-Anhalt
957047,9277113,Bad Birnbach,84364,Landkreis Rottal-Inn,Bayern
1273350,16073005,Bad Blankenburg,07422,Landkreis Saalfeld-Rudolstadt,Thüringen
383699,9672112,Bad Bocklet,97708,Landkreis Bad Kissingen,Bayern
1250039,3360005,Bad Bodenteich,29389,Landkreis Uelzen,Niedersachsen
2792631,8117012,Bad Boll,73087,Landkreis Göppingen,Baden-Württemberg
443526,14523030,Bad Brambach,08648,Vogtlandkreis,Sachsen
423223,1060004,Bad Bramstedt,24576,Kreis Segeberg,Schleswig-Holstein
1022829,7131006,Bad Breisig,53498,Landkreis Ahrweiler,Rheinland-Pfalz
384270,9672113,Bad Brückenau,97769,Landkreis Bad Kissingen,Bayern
2801316,8426013,Bad Buchau,88422,Landkreis Biberach,Baden-Württemberg
324314,6533003,Bad Camberg,65520,Landkreis Limburg-Weilburg,Hessen
1432674,3158002,Baddeckenstedt,38271,Landkreis Wolfenbüttel,Niedersachsen
2772178,8117006,Bad Ditzenbach,73312,Landkreis Göppingen,Baden-Württemberg
2772178,8117006,Bad Ditzenbach,73342,Landkreis Göppingen,Baden-Württemberg
2772178,8117006,Bad Ditzenbach,73345,Landkreis Göppingen,Baden-Württemberg
394348,13072006,Bad Doberan,18209,Landkreis Rostock,Mecklenburg-Vorpommern
148591,5762004,Bad Driburg,33014,Kreis Höxter,Nordrhein-Westfalen
445993,14730020,Bad Düben,04849,Landkreis Nordsachsen,Sachsen
907045,7332002,Bad Dürkheim,67098,Landkreis Bad Dürkheim,Rheinland-Pfalz
2405940,15088020,Bad Dürrenberg,06231,Saalekreis,Sachsen-Anhalt
1242133,8326003,Bad Dürrheim,78073,Schwarzwald-Baar-Kreis,Baden-Württemberg
1182505,3257005,Bad Eilsen,31707,Landkreis Schaumburg,Niedersachsen
443527,14523040,Bad Elster,08645,Vogtlandkreis,Sachsen
1140558,7232007,Badem,54657,Eifelkreis Bitburg-Prüm,Rheinland-Pfalz
535689,7141006,Bad Ems,56130,Rhein-Lahn-Kreis,Rheinland-Pfalz
453738,6633006,Bad Emstal,34308,Landkreis Kassel,Hessen
62340,8211000,Baden-Baden,76530,,Baden-Württemberg
62340,8211000,Baden-Baden,76532,,Baden-Württemberg
62340,8211000,Baden-Baden,76534,,Baden-Württemberg
225491,6534003,Bad Endbach,35080,Landkreis Marburg-Biedenkopf,Hessen
532398,1062003,Badendorf,23619,Kreis Stormarn,Schleswig-Holstein
2186912,9187128,Bad Endorf,83093,Landkreis Rosenheim,Bayern
1182320,7140005,Badenhard,56291,Rhein-Hunsrück-Kreis,Rheinland-Pfalz
1245782,7339004,Badenheim,55576,Landkreis Mainz-Bingen,Rheinland-Pfalz
311915,8315007,Badenweiler,79410,Landkreis Breisgau-Hochschwarzwald,Baden-Württemberg
1819247,3459003,Bad Essen,49152,Landkreis Osnabrück,Niedersachsen
1808964,3358008,Bad Fallingbostel,29683,Landkreis Heidekreis,Niedersachsen
2186913,9187129,Bad Feilnbach,83075,Landkreis Rosenheim,Bayern
2388467,16065003,Bad Frankenhausen/Kyffhäuser,06567,Kyffhäuserkreis,Thüringen
1332952,12064044,Bad Freienwalde (Oder),16259,Landkreis Märkisch-Oderland,Brandenburg
409716,8125005,Bad Friedrichshall,74177,Landkreis Heilbronn,Baden-Württemberg
958089,9275116,Bad Füssing,94072,Landkreis Passau,Bayern
163003,3155001,Bad Gandersheim,37581,Landkreis Northeim,Niedersachsen
534518,14628020,Bad Gottleuba-Berggießhübel,01816,Landkreis Sächsische Schweiz-Osterzgebirge,Sachsen
958091,9275124,Bad Griesbach i.Rottal,94086,Landkreis Passau,Bayern
958686,9778144,Bad Grönenbach,87730,Landkreis Unterallgäu,Bayern
1416141,3159002,Bad Grund,37539,Landkreis Göttingen,Niedersachsen
1421451,3153002,Bad Harzburg,38667,Landkreis Goslar,Niedersachsen
935232,9173111,Bad Heilbrunn,83670,Landkreis Bad Tölz-Wolfratshausen,Bayern
309849,8235033,Bad Herrenalb,76332,Landkreis Calw,Baden-Württemberg
275075,6632002,Bad Hersfeld,36251,Landkreis Hersfeld-Rotenburg,Hessen
958126,9780123,Bad Hindelang,87541,Landkreis Oberallgäu,Bayern
338875,6434001,Bad Homburg vor der Höhe,61348,Hochtaunuskreis,Hessen
338875,6434001,Bad Homburg vor der Höhe,61350,Hochtaunuskreis,Hessen
338875,6434001,Bad Homburg vor der Höhe,61352,Hochtaunuskreis,Hessen
173112,5382008,Bad Honnef,53604,Rhein-Sieg-Kreis,Nordrhein-Westfalen
444290,7138004,Bad Hönningen,53547,Landkreis Neuwied,Rheinland-Pfalz
444290,7138004,Bad Hönningen,53557,Landkreis Neuwied,Rheinland-Pfalz
1819469,3459004,Bad Iburg,49186,Landkreis Osnabrück,Niedersachsen
1112227,6633002,Bad Karlshafen,34385,Landkreis Kassel,Hessen
383698,9672114,Bad Kissingen,97688,Landkreis Bad Kissingen,Bayern
1515589,13074002,Bad Kleinen,23996,Landkreis Nordwestmecklenburg,Mecklenburg-Vorpommern
2778356,16074003,Bad Klosterlausnitz,07639,Saale-Holzland-Kreis,Thüringen
937894,9180112,Bad Kohlgrub,82433,Landkreis Garmisch-Partenkirchen,Bayern
451777,6437001,Bad König,64732,Odenwaldkreis,Hessen
387529,9673141,Bad Königshofen im Grabfeld,97631,Landkreis Rhön-Grabfeld,Bayern
2501390,16076003,Bad Köstritz,07586,Landkreis Greiz,Thüringen
959885,9372137,Bad Kötzting,93444,Landkreis Cham,Bayern
611084,7133006,Bad Kreuznach,55543,Landkreis Bad Kreuznach,Rheinland-Pfalz
611084,7133006,Bad Kreuznach,55545,Landkreis Bad Kreuznach,Rheinland-Pfalz
611084,7133006,Bad Kreuznach,55583,Landkreis Bad Kreuznach,Rheinland-Pfalz
1959388,8315006,Bad Krozingen,79189,Landkreis Breisgau-Hochschwarzwald,Baden-Württemberg
163247,5970028,Bad Laasphe,57334,Kreis Siegen-Wittgenstein,Nordrhein-Westfalen
1418992,3459005,Bad Laer,49196,Landkreis Osnabrück,Niedersachsen
2874751,16064003,Bad Langensalza,99947,Unstrut-Hainich-Kreis,Thüringen
422335,14729010,Bad Lausick,04651,Landkreis Leipzig,Sachsen
1416144,3159003,Bad Lauterberg im Harz,37431,Landkreis Göttingen,Niedersachsen
2498094,16063099,Bad Liebenstein,36448,Wartburgkreis,Thüringen
1328907,12062024,Bad Liebenwerda,04895,Landkreis Elbe-Elster,Brandenburg
1328907,12062024,Bad Liebenwerda,04924,Landkreis Elbe-Elster,Brandenburg
1328907,12062024,Bad Liebenwerda,04931,Landkreis Elbe-Elster,Brandenburg
911760,8235008,Bad Liebenzell,75378,Landkreis Calw,Baden-Württemberg
148066,5774008,Bad Lippspringe,33175,Kreis Paderborn,Nordrhein-Westfalen
2179147,16075062,Bad Lobenstein,07356,Saale-Orla-Kreis,Thüringen
451701,7143206,Bad Marienberg (Westerwald),56470,Westerwaldkreis,Rheinland-Pfalz
402687,8128007,Bad Mergentheim,97980,Main-Tauber-Kreis,Baden-Württemberg
367045,3252002,Bad Münder am Deister,31848,Landkreis Hameln-Pyrmont,Niedersachsen
158145,5366004,Bad Münstereifel,53902,Kreis Euskirchen,Nordrhein-Westfalen
1310515,14626010,Bad Muskau - Mužakow,02953,Landkreis Görlitz,Sachsen
167408,6440002,Bad Nauheim,61231,Wetteraukreis,Hessen
1169366,3257006,Bad Nenndorf,31542,Landkreis Schaumburg,Niedersachsen
968897,9377142,Bad Neualbenreuth,95698,Landkreis Tirschenreuth,Bayern
378389,7131007,Bad Neuenahr-Ahrweiler,53474,Landkreis Ahrweiler,Rheinland-Pfalz
387466,9673114,Bad Neustadt an der Saale,97616,Landkreis Rhön-Grabfeld,Bayern
144930,5770004,Bad Oeynhausen,32545,Kreis Minden-Lübbecke,Nordrhein-Westfalen
144930,5770004,Bad Oeynhausen,32547,Kreis Minden-Lübbecke,Nordrhein-Westfalen
144930,5770004,Bad Oeynhausen,32549,Kreis Minden-Lübbecke,Nordrhein-Westfalen
532325,1062004,Bad Oldesloe,23843,Kreis Stormarn,Schleswig-Holstein
535933,6435001,Bad Orb,63619,Main-Kinzig-Kreis,Hessen
452986,8317008,Bad Peterstal-Griesbach,72250,Ortenaukreis,Baden-Württemberg
452986,8317008,Bad Peterstal-Griesbach,77740,Ortenaukreis,Baden-Württemberg
1184314,3252003,Bad Pyrmont,31812,Landkreis Hameln-Pyrmont,Niedersachsen
410526,8125006,Bad Rappenau,74906,Landkreis Heilbronn,Baden-Württemberg
941794,9172114,Bad Reichenhall,83435,Landkreis Berchtesgadener Land,Bayern
935831,8237075,Bad Rippoldsau-Schapbach,77776,Landkreis Freudenstadt,Baden-Württemberg
956804,9473158,Bad Rodach,96476,Landkreis Coburg,Bayern
1086003,3459006,Bad Rothenfelde,49214,Landkreis Osnabrück,Niedersachsen
1384831,12067024,Bad Saarow,15526,Landkreis Oder-Spree,Brandenburg
1416156,3159004,Bad Sachsa,37441,Landkreis Göttingen,Niedersachsen
2787775,8337096,Bad Säckingen,79713,Landkreis Waldshut,Baden-Württemberg
1168892,3254005,Bad Salzdetfurth,31162,Landkreis Hildesheim,Niedersachsen
454867,6631001,Bad Salzschlirf,36364,Landkreis Fulda,Hessen
142623,5766008,Bad Salzuflen,32105,Kreis Lippe,Nordrhein-Westfalen
142623,5766008,Bad Salzuflen,32107,Kreis Lippe,Nordrhein-Westfalen
142623,5766008,Bad Salzuflen,32108,Kreis Lippe,Nordrhein-Westfalen
2874389,16063003,Bad Salzungen,36433,Wartburgkreis,Thüringen
2874389,16063003,Bad Salzungen,36469,Wartburgkreis,Thüringen
153518,5974008,Bad Sassendorf,59505,Kreis Soest,Nordrhein-Westfalen
2805478,8437100,Bad Saulgau,88348,Landkreis Sigmaringen,Baden-Württemberg
534534,14628030,Bad Schandau,01814,Landkreis Sächsische Schweiz-Osterzgebirge,Sachsen
1327705,15091020,Bad Schmiedeberg,06905,Landkreis Wittenberg,Sachsen-Anhalt
659810,8215100,Bad Schönborn,76669,Landkreis Karlsruhe,Baden-Württemberg
2801317,8426014,Bad Schussenried,88427,Landkreis Biberach,Baden-Württemberg
1734859,6439002,Bad Schwalbach,65307,Rheingau-Taunus-Kreis,Hessen
382446,1055004,Bad Schwartau,23611,Kreis Ostholstein,Schleswig-Holstein
442912,1060005,Bad Segeberg,23795,Kreis Segeberg,Schleswig-Holstein
1244160,7133501,Bad Sobernheim,55566,Landkreis Bad Kreuznach,Rheinland-Pfalz
414829,6436001,Bad Soden am Taunus,65812,Main-Taunus-Kreis,Hessen
535936,6435002,Bad Soden-Salmünster,63628,Main-Kinzig-Kreis,Hessen
549414,6636001,Bad Sooden-Allendorf,37242,Werra-Meißner-Kreis,Hessen
1026857,9478165,Bad Staffelstein,96231,Landkreis Lichtenfels,Bayern
1021713,9475112,Bad Steben,95138,Landkreis Hof,Bayern
2856440,16071004,Bad Sulza,99518,Landkreis Weimarer Land,Thüringen
372885,13073007,Bad Sülze,18334,Landkreis Vorpommern-Rügen,Mecklenburg-Vorpommern
2816590,16067064,Bad Tabarz,99891,Landkreis Gotha,Thüringen
1183355,8235084,Bad Teinach-Zavelstein,75385,Landkreis Calw,Baden-Württemberg
2895776,16064004,Bad Tennstedt,99955,Unstrut-Hainich-Kreis,Thüringen
935181,9173112,Bad Tölz,83646,Landkreis Bad Tölz-Wolfratshausen,Bayern
2772179,8117007,Bad Überkingen,73337,Landkreis Göppingen,Baden-Württemberg
2774073,8415078,Bad Urach,72574,Landkreis Reutlingen,Baden-Württemberg
450123,6440003,Bad Vilbel,61118,Wetteraukreis,Hessen
2806787,8436009,Bad Waldsee,88339,Landkreis Ravensburg,Baden-Württemberg
935946,9182111,Bad Wiessee,83707,Landkreis Miesbach,Bayern
310068,8235079,Bad Wildbad,75323,Landkreis Calw,Baden-Württemberg
443584,6635003,Bad Wildungen,34537,Landkreis Waldeck-Frankenberg,Hessen
1289819,12070008,Bad Wilsnack,19336,Landkreis Prignitz,Brandenburg
410469,8125007,Bad Wimpfen,74206,Landkreis Heilbronn,Baden-Württemberg
357057,9575112,Bad Windsheim,91438,Landkreis Neustadt an der Aisch-Bad Windsheim,Bayern
445544,9778116,Bad Wörishofen,86825,Landkreis Unterallgäu,Bayern
146471,5774040,Bad Wünnenberg,33181,Kreis Paderborn,Nordrhein-Westfalen
2806738,8436010,Bad Wurzach,88410,Landkreis Ravensburg,Baden-Württemberg
452203,6634027,Bad Zwesten,34596,Schwalm-Eder-Kreis,Hessen
1186777,3451002,Bad Zwischenahn,26160,Landkreis Ammerland,Niedersachsen
157991,5334008,Baesweiler,52499,Städteregion Aachen,Nordrhein-Westfalen
1124266,8316002,Bahlingen,79353,Landkreis Emmendingen,Baden-Württemberg
1446642,3154001,Bahrdorf,38459,Landkreis Helmstedt,Niedersachsen
1675310,3251003,Bahrenborstel,27245,Landkreis Diepholz,Niedersachsen
447344,1061006,Bahrenfleth,25569,Kreis Steinburg,Schleswig-Holstein
422815,1060006,Bahrenhof,23845,Kreis Segeberg,Schleswig-Holstein
534517,14628040,Bahretal,01819,Landkreis Sächsische Schweiz-Osterzgebirge,Sachsen
2808123,8436011,Baienfurt,88255,Landkreis Ravensburg,Baden-Württemberg
191657,9274118,Baierbach,84171,Landkreis Landshut,Bayern
929705,9184113,Baierbrunn,82065,Landkreis München,Bayern
929923,9175113,Baiern,85625,Landkreis Ebersberg,Bayern
935839,8237004,Baiersbronn,72270,Landkreis Freudenstadt,Baden-Württemberg
1016531,9572115,Baiersdorf,91083,Landkreis Erlangen-Höchstadt,Bayern
2808297,8436012,Baindt,88255,Landkreis Ravensburg,Baden-Württemberg
445503,9777114,Baisweil,87650,Landkreis Ostallgäu,Bayern
1470112,1053004,Bäk,23909,Kreis Herzogtum Lauenburg,Schleswig-Holstein
1398845,3460001,Bakum,49456,Landkreis Vechta,Niedersachsen
1465979,1053005,Bälau,23881,Kreis Herzogtum Lauenburg,Schleswig-Holstein
958134,9780113,Balderschwang,87538,Landkreis Oberallgäu,Bayern
1256078,7235003,Baldringen,54314,Landkreis Trier-Saarburg,Rheinland-Pfalz
537135,7141503,Balduinstein,65558,Rhein-Lahn-Kreis,Rheinland-Pfalz
1140565,7232203,Balesfeld,54597,Eifelkreis Bitburg-Prüm,Rheinland-Pfalz
1183253,3256001,Balge,31609,Landkreis Nienburg/Weser,Niedersachsen
1231981,8327005,Balgheim,78582,Landkreis Tuttlingen,Baden-Württemberg
2403546,15084025,Balgstädt,06632,Burgenlandkreis,Sachsen-Anhalt
2779376,8417002,Balingen,72336,Zollernalbkreis,Baden-Württemberg
446467,3359004,Balje,21730,Landkreis Stade,Niedersachsen
2791016,8425013,Ballendorf,89177,Alb-Donau-Kreis,Baden-Württemberg
158546,15085040,Ballenstedt,06493,Landkreis Harz,Sachsen-Anhalt
2902811,16064005,Ballhausen,99955,Unstrut-Hainich-Kreis,Thüringen
276112,8315008,Ballrechten-Dottingen,79282,Landkreis Breisgau-Hochschwarzwald,Baden-Württemberg
2856986,16071005,Ballstedt,99439,Landkreis Weimarer Land,Thüringen
1451607,13076003,Balow,19300,Landkreis Ludwigslust-Parchim,Mecklenburg-Vorpommern
2792899,8116007,Baltmannsweiler,73666,Landkreis Esslingen,Baden-Württemberg
897893,3452002,Baltrum,26579,Landkreis Aurich,Niedersachsen
168532,5962008,Balve,58802,Märkischer Kreis,Nordrhein-Westfalen
963831,9774115,Balzhausen,86483,Landkreis Günzburg,Bayern
2801098,8425140,Balzheim,88481,Alb-Donau-Kreis,Baden-Württemberg
62525,9461000,Bamberg,96047,,Bayern
62525,9461000,Bamberg,96049,,Bayern
62525,9461000,Bamberg,96050,,Bayern
62525,9461000,Bamberg,96052,,Bayern
453393,8226006,Bammental,69245,Rhein-Neckar-Kreis,Baden-Württemberg
1433746,13075006,Bandelin,17506,Landkreis Vorpommern-Greifswald,Mecklenburg-Vorpommern
1451570,13076004,Bandenitz,19230,Landkreis Ludwigslust-Parchim,Mecklenburg-Vorpommern
1253822,7335002,Bann,66851,Landkreis Kaiserslautern,Rheinland-Pfalz
535124,7143003,Bannberscheid,56424,Westerwaldkreis,Rheinland-Pfalz
455481,14628050,Bannewitz,01728,Landkreis Sächsische Schweiz-Osterzgebirge,Sachsen
449928,13076005,Banzkow,19079,Landkreis Ludwigslust-Parchim,Mecklenburg-Vorpommern
1252836,7337006,Barbelroth,76889,Landkreis Südliche Weinstraße,Rheinland-Pfalz
964619,9375117,Barbing,93092,Landkreis Regensburg,Bayern
62422,11000000,Berlin,10785,,Berlin
389267,15089026,Barby,39240,Salzlandkreis,Sachsen-Anhalt
389267,15089026,Barby,39249,Salzlandkreis,Sachsen-Anhalt
2673508,16063004,Barchfeld-Immelborn,36456,Wartburgkreis,Thüringen
1708067,3355004,Bardowick,21357,Landkreis Lüneburg,Niedersachsen
1214569,7140006,Bärenbach,55483,Rhein-Hunsrück-Kreis,Rheinland-Pfalz
1244080,7133008,Bärenbach,55758,Landkreis Bad Kreuznach,Rheinland-Pfalz
1675311,3251004,Barenburg,27245,Landkreis Diepholz,Niedersachsen
1944342,3355005,Barendorf,21397,Landkreis Lüneburg,Niedersachsen
536628,14521060,Bärenstein,09471,Erzgebirgskreis,Sachsen
1231963,8327004,Bärenthal,78580,Landkreis Tuttlingen,Baden-Württemberg
420612,1051004,Bargenstedt,25704,Kreis Dithmarschen,Schleswig-Holstein
453725,1062005,Bargfeld-Stegen,23863,Kreis Stormarn,Schleswig-Holstein
1432542,13075007,Bargischow,17398,Landkreis Vorpommern-Greifswald,Mecklenburg-Vorpommern
556603,1058010,Bargstall,24806,Kreis Rendsburg-Eckernförde,Schleswig-Holstein
446433,3359005,Bargstedt,21698,Landkreis Stade,Niedersachsen
548556,1058011,Bargstedt,24793,Kreis Rendsburg-Eckernförde,Schleswig-Holstein
453723,1062006,Bargteheide,22941,Kreis Stormarn,Schleswig-Holstein
1416814,1054010,Bargum,25842,Kreis Nordfriesland,Schleswig-Holstein
422879,1060007,Bark,23826,Kreis Segeberg,Schleswig-Holstein
554540,1058012,Barkelsby,24360,Kreis Rendsburg-Eckernförde,Schleswig-Holstein
962312,1051005,Barkenholm,25791,Kreis Dithmarschen,Schleswig-Holstein
449883,13076006,Barkhagen,19395,Landkreis Ludwigslust-Parchim,Mecklenburg-Vorpommern
79776,15083040,Barleben,39179,Landkreis Börde,Sachsen-Anhalt
418085,1051006,Barlt,25719,Kreis Dithmarschen,Schleswig-Holstein
310417,1057002,Barmissen,24245,Kreis Plön,Schleswig-Holstein
444140,1056002,Barmstedt,25355,Kreis Pinneberg,Schleswig-Holstein
968892,9377112,Bärnau,95671,Landkreis Tirschenreuth,Bayern
1515585,13074003,Barnekow,23968,Landkreis Nordwestmecklenburg,Mecklenburg-Vorpommern
449931,13076007,Barnin,19089,Landkreis Ludwigslust-Parchim,Mecklenburg-Vorpommern
532324,1062008,Barnitz,23858,Kreis Stormarn,Schleswig-Holstein
2396133,15088030,Barnstädt,06268,Saalekreis,Sachsen-Anhalt
1846197,3355006,Barnstedt,21406,Landkreis Lüneburg,Niedersachsen
1461203,3251005,Barnstorf,49406,Landkreis Diepholz,Niedersachsen
142694,5766012,Barntrup,32683,Kreis Lippe,Nordrhein-Westfalen
251074,1057003,Barsbek,24217,Kreis Plön,Schleswig-Holstein
2073736,1062009,Barsbüttel,22885,Kreis Stormarn,Schleswig-Holstein
2012699,3241002,Barsinghausen,30890,Region Hannover,Niedersachsen
1109688,3453001,Barßel,26676,Landkreis Cloppenburg,Niedersachsen
156532,13072007,Bartenshagen-Parkentin,18209,Landkreis Rostock,Mecklenburg-Vorpommern
374297,13073009,Barth,18356,Landkreis Vorpommern-Rügen,Mecklenburg-Vorpommern
2792054,8136007,Bartholomä,73566,Ostalbkreis,Baden-Württemberg
1427891,13071006,Bartow,17089,Landkreis Mecklenburgische Seenplatte,Mecklenburg-Vorpommern
1246462,3360003,Barum,29576,Landkreis Uelzen,Niedersachsen
1944505,3355007,Barum,21357,Landkreis Lüneburg,Niedersachsen
422443,12072014,Baruth/Mark,15837,Landkreis Teltow-Fläming,Brandenburg
1588116,3251006,Barver,49453,Landkreis Diepholz,Niedersachsen
1355542,3151002,Barwedel,38476,Landkreis Gifhorn,Niedersachsen
1060419,7131008,Barweiler,53534,Landkreis Ahrweiler,Rheinland-Pfalz
1244156,7133009,Bärweiler,55606,Landkreis Bad Kreuznach,Rheinland-Pfalz
330945,7233002,Basberg,54578,Landkreis Vulkaneifel,Rheinland-Pfalz
1079025,3357004,Basdahl,27432,Landkreis Rotenburg (Wümme),Niedersachsen
1427277,13071007,Basedow,17139,Landkreis Mecklenburgische Seenplatte,Mecklenburg-Vorpommern
1467754,1053006,Basedow,21483,Kreis Herzogtum Lauenburg,Schleswig-Holstein
548976,7137202,Bassenheim,56220,Landkreis Mayen-Koblenz,Rheinland-Pfalz
1461189,3251007,Bassum,27211,Landkreis Diepholz,Niedersachsen
387412,9673116,Bastheim,97654,Landkreis Rhön-Grabfeld,Bayern
1466113,1053007,Basthorst,21493,Kreis Herzogtum Lauenburg,Schleswig-Holstein
394351,13072008,Bastorf,18230,Landkreis Rostock,Mecklenburg-Vorpommern
443589,6635004,Battenberg (Eder),35088,Landkreis Waldeck-Frankenberg,Hessen
1249676,7332003,Battenberg (Pfalz),67271,Landkreis Bad Dürkheim,Rheinland-Pfalz
1250692,7340202,Battweiler,66484,Landkreis Südwestpfalz,Rheinland-Pfalz
357013,9575113,Baudenbach,91460,Landkreis Neustadt an der Aisch-Bad Windsheim,Bayern
1060427,7131009,Bauler,53534,Landkreis Ahrweiler,Rheinland-Pfalz
1171870,7232008,Bauler,54673,Eifelkreis Bitburg-Prüm,Rheinland-Pfalz
1959686,13072009,Baumgarten,18246,Landkreis Rostock,Mecklenburg-Vorpommern
1245060,7134005,Baumholder,55774,Landkreis Birkenfeld,Rheinland-Pfalz
1077543,9471115,Baunach,96148,Landkreis Bamberg,Bayern
533536,6633003,Baunatal,34225,Landkreis Kassel,Hessen
1258631,7231004,Bausendorf,54538,Landkreis Bernkastel-Wittlich,Rheinland-Pfalz
1152671,7232009,Baustert,54636,Eifelkreis Bitburg-Prüm,Rheinland-Pfalz
1309674,14625020,Bautzen - Budyšin,02625,Landkreis Bautzen,Sachsen
1809876,3454002,Bawinkel,49844,Landkreis Emsland,Niedersachsen
957056,9277112,Bayerbach,94137,Landkreis Rottal-Inn,Bayern
179066,9274119,Bayerbach b. Ergoldsbach,84092,Landkreis Landshut,Bayern
1253972,7333004,Bayerfeld-Steckweiler,67808,Donnersbergkreis,Rheinland-Pfalz
1253972,7333004,Bayerfeld-Steckweiler,67822,Donnersbergkreis,Rheinland-Pfalz
959173,9276115,Bayerisch Eisenstein,94252,Landkreis Regen,Bayern
941795,9172115,Bayerisch Gmain,83457,Landkreis Berchtesgadener Land,Bayern
62640,9462000,Bayreuth,95444,,Bayern
62640,9462000,Bayreuth,95445,,Bayern
62640,9462000,Bayreuth,95447,,Bayern
62640,9462000,Bayreuth,95448,,Bayern
935962,9182112,Bayrischzell,83735,Landkreis Miesbach,Bayern
422764,1060008,Bebensee,23816,Kreis Segeberg,Schleswig-Holstein
237802,6632003,Bebra,36179,Landkreis Hersfeld-Rotenburg,Hessen
535693,7141008,Becheln,56132,Rhein-Lahn-Kreis,Rheinland-Pfalz
1248567,7331005,Bechenheim,55234,Landkreis Alzey-Worms,Rheinland-Pfalz
1244063,7133011,Becherbach,67827,Landkreis Bad Kreuznach,Rheinland-Pfalz
62422,11000000,Berlin,10787,,Berlin
1244079,7133010,Becherbach bei Kirn,55608,Landkreis Bad Kreuznach,Rheinland-Pfalz
534394,9571115,Bechhofen,91572,Landkreis Ansbach,Bayern
1250670,7340203,Bechhofen,66894,Landkreis Südwestpfalz,Rheinland-Pfalz
1273278,16073006,Bechstedt,07426,Landkreis Saalfeld-Rudolstadt,Thüringen
1248786,7331006,Bechtheim,67595,Landkreis Alzey-Worms,Rheinland-Pfalz
1248582,7331007,Bechtolsheim,55234,Landkreis Alzey-Worms,Rheinland-Pfalz
1059442,9374170,Bechtsrieth,92699,Landkreis Neustadt an der Waldnaab,Bayern
446429,3359006,Beckdorf,21643,Landkreis Stade,Niedersachsen
1176595,3257007,Beckedorf,31699,Landkreis Schaumburg,Niedersachsen
2012317,3458001,Beckeln,27243,Landkreis Oldenburg,Niedersachsen
1187156,10042111,Beckingen,66701,Landkreis Merzig-Wadern,Saarland
152281,5570008,Beckum,59269,Kreis Warendorf,Nordrhein-Westfalen
168465,5362004,Bedburg,50181,Rhein-Erft-Kreis,Nordrhein-Westfalen
167967,5154004,Bedburg-Hau,47551,Kreis Kleve,Nordrhein-Westfalen
1246630,7336106,Bedesbach,66885,Landkreis Kusel,Rheinland-Pfalz
1797683,3351003,Beedenbostel,29355,Landkreis Celle,Niedersachsen
152282,5570012,Beelen,48361,Kreis Warendorf,Nordrhein-Westfalen
531653,12069017,Beelitz,14547,Landkreis Potsdam-Mittelmark,Brandenburg
1286629,15083060,Beendorf,39343,Landkreis Börde,Sachsen-Anhalt
1384849,12067036,Beeskow,15848,Landkreis Oder-Spree,Brandenburg
2006778,3454003,Beesten,49832,Landkreis Emsland,Niedersachsen
1285606,15081045,Beetzendorf,38489,Altmarkkreis Salzwedel,Sachsen-Anhalt
967757,12069018,Beetzsee,14778,Landkreis Potsdam-Mittelmark,Brandenburg
967759,12069019,Beetzseeheide,14778,Landkreis Potsdam-Mittelmark,Brandenburg
1427229,13071008,Beggerow,17111,Landkreis Mecklenburgische Seenplatte,Mecklenburg-Vorpommern
1470175,1053008,Behlendorf,23919,Kreis Herzogtum Lauenburg,Schleswig-Holstein
1406980,1054011,Behrendorf,25850,Kreis Nordfriesland,Schleswig-Holstein
1432583,13075008,Behrenhoff,17498,Landkreis Vorpommern-Greifswald,Mecklenburg-Vorpommern
2020632,13072010,Behren-Lübchin,17179,Landkreis Rostock,Mecklenburg-Vorpommern
288915,1057004,Behrensdorf,24321,Kreis Plön,Schleswig-Holstein
447772,1061007,Beidenfleth,25573,Kreis Steinburg,Schleswig-Holstein
1310862,14626020,Beiersdorf,02736,Landkreis Görlitz,Sachsen
1332943,12064053,Beiersdorf-Freudenberg,16259,Landkreis Märkisch-Oderland,Brandenburg
1446650,3154002,Beierstedt,38382,Landkreis Helmstedt,Niedersachsen
1162783,7232010,Beilingen,54662,Eifelkreis Bitburg-Prüm,Rheinland-Pfalz
943535,9176114,Beilngries,92339,Landkreis Eichstätt,Bayern
534449,14730030,Beilrode,04886,Landkreis Nordsachsen,Sachsen
410484,8125008,Beilstein,71543,Landkreis Heilbronn,Baden-Württemberg
410484,8125008,Beilstein,71717,Landkreis Heilbronn,Baden-Württemberg
1259304,7135007,Beilstein,56814,Landkreis Cochem-Zell,Rheinland-Pfalz
2789591,8425014,Beimerstetten,89179,Alb-Donau-Kreis,Baden-Württemberg
422692,7338002,Beindersheim,67259,Rhein-Pfalz-Kreis,Rheinland-Pfalz
1270375,16069003,Beinerstadt,98660,Landkreis Hildburghausen,Thüringen
1075137,7233003,Beinhausen,54552,Landkreis Vulkaneifel,Rheinland-Pfalz
448712,1061008,Bekdorf,25554,Kreis Steinburg,Schleswig-Holstein
448710,1061010,Bekmünde,25524,Kreis Steinburg,Schleswig-Holstein
1255940,7235004,Bekond,54340,Landkreis Trier-Saarburg,Rheinland-Pfalz
310408,1057005,Belau,24601,Kreis Plön,Schleswig-Holstein
556122,1058013,Beldorf,25557,Kreis Rendsburg-Eckernförde,Schleswig-Holstein
556122,1058013,Beldorf,25767,Kreis Rendsburg-Eckernförde,Schleswig-Holstein
1245163,7140007,Belg,56858,Rhein-Hunsrück-Kreis,Rheinland-Pfalz
2688685,14730045,Belgern-Schildau,04874,Landkreis Nordsachsen,Sachsen
2688685,14730045,Belgern-Schildau,04889,Landkreis Nordsachsen,Sachsen
420484,14729020,Belgershain,04683,Landkreis Leipzig,Sachsen
1241629,7140008,Belgweiler,55469,Rhein-Hunsrück-Kreis,Rheinland-Pfalz
544234,7137008,Bell,56745,Landkreis Mayen-Koblenz,Rheinland-Pfalz
941084,9775115,Bellenberg,89287,Landkreis Neu-Ulm,Bayern
1250392,7334001,Bellheim,76756,Landkreis Germersheim,Rheinland-Pfalz
1204724,7140009,Bell (Hunsrück),56288,Rhein-Hunsrück-Kreis,Rheinland-Pfalz
535002,7143207,Bellingen,56459,Westerwaldkreis,Rheinland-Pfalz
2389085,16065005,Bellstedt,99713,Kyffhäuserkreis,Thüringen
1819474,3459008,Belm,49191,Landkreis Osnabrück,Niedersachsen
2826990,16066005,Belrieth,98617,Landkreis Schmalkalden-Meiningen,Thüringen
1451581,13076008,Belsch,19230,Landkreis Ludwigslust-Parchim,Mecklenburg-Vorpommern
1204718,7140010,Beltheim,56290,Rhein-Hunsrück-Kreis,Rheinland-Pfalz
1527084,3352004,Belum,21785,Landkreis Cuxhaven,Niedersachsen
2796103,8116008,Bempflingen,72658,Landkreis Esslingen,Baden-Württemberg
280521,3353003,Bendestorf,21227,Landkreis Harburg,Niedersachsen
165535,1057006,Bendfeld,24217,Kreis Plön,Schleswig-Holstein
541667,7137203,Bendorf,56170,Landkreis Mayen-Koblenz,Rheinland-Pfalz
556117,1058014,Bendorf,25557,Kreis Rendsburg-Eckernförde,Schleswig-Holstein
935269,9173113,Benediktbeuern,83671,Landkreis Bad Tölz-Wolfratshausen,Bayern
1258636,7231005,Bengel,54538,Landkreis Bernkastel-Wittlich,Rheinland-Pfalz
1451499,13076009,Bengerstorf,19258,Landkreis Ludwigslust-Parchim,Mecklenburg-Vorpommern
394325,13072011,Benitz,18258,Landkreis Rostock,Mecklenburg-Vorpommern
2409457,15087045,Benndorf,06308,Landkreis Mansfeld-Südharz,Sachsen-Anhalt
422921,14729030,Bennewitz,04828,Landkreis Leipzig,Sachsen
1254069,7333005,Bennhausen,67808,Donnersbergkreis,Rheinland-Pfalz
958685,9778118,Benningen,87734,Landkreis Unterallgäu,Bayern
405840,8118006,Benningen am Neckar,71726,Landkreis Ludwigsburg,Baden-Württemberg
964589,12069028,Bensdorf,14789,Landkreis Potsdam-Mittelmark,Brandenburg
537055,6431002,Bensheim,64625,Kreis Bergstraße,Hessen
393339,13072012,Bentwisch,18182,Landkreis Rostock,Mecklenburg-Vorpommern
1427537,13075009,Bentzin,17129,Landkreis Vorpommern-Greifswald,Mecklenburg-Vorpommern
1433093,13075010,Benz,17429,Landkreis Vorpommern-Greifswald,Mecklenburg-Vorpommern
1515588,13074004,Benz,23970,Landkreis Nordwestmecklenburg,Mecklenburg-Vorpommern
1241478,7140011,Benzweiler,55494,Rhein-Hunsrück-Kreis,Rheinland-Pfalz
965019,9375118,Beratzhausen,93176,Landkreis Regensburg,Bayern
1028801,9373112,Berching,92334,Landkreis Neumarkt in der Oberpfalz,Bayern
941837,9172116,Berchtesgaden,83471,Landkreis Berchtesgadener Land,Bayern
1075132,7233202,Bereborn,56769,Landkreis Vulkaneifel,Rheinland-Pfalz
1075158,7233203,Berenbach,56766,Landkreis Vulkaneifel,Rheinland-Pfalz
540444,7141009,Berg,56357,Rhein-Lahn-Kreis,Rheinland-Pfalz
932489,9188113,Berg,82335,Landkreis Starnberg,Bayern
1021686,9475113,Berg,95180,Landkreis Hof,Bayern
1021827,7131011,Berg,53505,Landkreis Ahrweiler,Rheinland-Pfalz
2808298,8436013,Berg,88276,Landkreis Ravensburg,Baden-Württemberg
2397458,15087055,Berga,06536,Landkreis Mansfeld-Südharz,Sachsen-Anhalt
2786785,16076004,Berga/Elster,07980,Landkreis Greiz,Thüringen
289113,8436014,Bergatreute,88368,Landkreis Ravensburg,Baden-Württemberg
1028810,9373113,Berg b.Neumarkt i.d.OPf.,92348,Landkreis Neumarkt in der Oberpfalz,Bayern
1289818,12070028,Berge,19348,Landkreis Prignitz,Brandenburg
1808615,3459009,Berge,49626,Landkreis Osnabrück,Niedersachsen
444285,14523050,Bergen,08239,Vogtlandkreis,Sachsen
941749,9189113,Bergen,83346,Landkreis Traunstein,Bayern
1015148,9577115,Bergen,91790,Landkreis Weißenburg-Gunzenhausen,Bayern
1245120,7134006,Bergen,55608,Landkreis Birkenfeld,Rheinland-Pfalz
1797917,3351004,Bergen,29303,Landkreis Celle,Niedersachsen
1821916,3354001,Bergen an der Dumme,29468,Landkreis Lüchow-Dannenberg,Niedersachsen
1437544,13073010,Bergen auf Rügen,18528,Landkreis Vorpommern-Rügen,Mecklenburg-Vorpommern
1241635,7140012,Bergenhausen,55469,Rhein-Hunsrück-Kreis,Rheinland-Pfalz
1157800,1059005,Bergenhusen,24861,Kreis Schleswig-Flensburg,Schleswig-Holstein
952365,1051008,Bergewöhrden,25779,Kreis Dithmarschen,Schleswig-Holstein
1329536,3151003,Bergfeld,38467,Landkreis Gifhorn,Niedersachsen
452995,8317009,Berghaupten,77791,Ortenaukreis,Baden-Württemberg
539714,7141010,Berghausen,56368,Rhein-Lahn-Kreis,Rheinland-Pfalz
168469,5362008,Bergheim,50126,Rhein-Erft-Kreis,Nordrhein-Westfalen
168469,5362008,Bergheim,50127,Rhein-Erft-Kreis,Nordrhein-Westfalen
168469,5362008,Bergheim,50129,Rhein-Erft-Kreis,Nordrhein-Westfalen
943685,9185118,Bergheim,86673,Landkreis Neuburg-Schrobenhausen,Bayern
1407864,13075011,Bergholz,17321,Landkreis Vorpommern-Greifswald,Mecklenburg-Vorpommern
2788220,8425017,Berghülen,89180,Alb-Donau-Kreis,Baden-Württemberg
943732,9185116,Berg im Gau,86562,Landkreis Neuburg-Schrobenhausen,Bayern
173103,5378004,Bergisch Gladbach,51427,Rheinisch-Bergischer Kreis,Nordrhein-Westfalen
173103,5378004,Bergisch Gladbach,51429,Rheinisch-Bergischer Kreis,Nordrhein-Westfalen
173103,5378004,Bergisch Gladbach,51465,Rheinisch-Bergischer Kreis,Nordrhein-Westfalen
173103,5378004,Bergisch Gladbach,51467,Rheinisch-Bergischer Kreis,Nordrhein-Westfalen
173103,5378004,Bergisch Gladbach,51469,Rheinisch-Bergischer Kreis,Nordrhein-Westfalen
158457,5978004,Bergkamen,59192,Kreis Unna,Nordrhein-Westfalen
934458,9174113,Bergkirchen,85232,Landkreis Dachau,Bayern
1245059,7134007,Berglangenbach,55776,Landkreis Birkenfeld,Rheinland-Pfalz
401646,8119089,Berglen,73663,Rems-Murr-Kreis,Baden-Württemberg
934747,9177112,Berglern,85459,Landkreis Erding,Bayern
1258425,7231006,Berglicht,54426,Landkreis Bernkastel-Wittlich,Rheinland-Pfalz
173857,5374004,Bergneustadt,51702,Oberbergischer Kreis,Nordrhein-Westfalen
1250483,7334002,Berg (Pfalz),76768,Landkreis Germersheim,Rheinland-Pfalz
318734,9678115,Bergrheinfeld,97493,Landkreis Schweinfurt,Bayern
182322,9679117,Bergtheim,97241,Landkreis Würzburg,Bayern
1259147,7231007,Bergweiler,54518,Landkreis Bernkastel-Wittlich,Rheinland-Pfalz
556099,1058015,Beringstedt,25575,Kreis Rendsburg-Eckernförde,Schleswig-Holstein
549415,6636002,Berkatal,37297,Werra-Meißner-Kreis,Hessen
2899666,16063006,Berka vor dem Hainich,99826,Wartburgkreis,Thüringen
1384819,12067040,Berkenbrück,15518,Landkreis Oder-Spree,Brandenburg
1469273,1053009,Berkenthin,23919,Kreis Herzogtum Lauenburg,Schleswig-Holstein
2801244,8426019,Berkheim,88450,Landkreis Biberach,Baden-Württemberg
1171853,7232011,Berkoth,54673,Eifelkreis Bitburg-Prüm,Rheinland-Pfalz
62422,11000000,Berlin,10115,,Berlin
62422,11000000,Berlin,10117,,Berlin
62422,11000000,Berlin,10119,,Berlin
62422,11000000,Berlin,10178,,Berlin
62422,11000000,Berlin,10179,,Berlin
62422,11000000,Berlin,10243,,Berlin
62422,11000000,Berlin,10245,,Berlin
62422,11000000,Berlin,10247,,Berlin
62422,11000000,Berlin,10249,,Berlin
62422,11000000,Berlin,10315,,Berlin
62422,11000000,Berlin,10317,,Berlin
62422,11000000,Berlin,10318,,Berlin
62422,11000000,Berlin,10319,,Berlin
62422,11000000,Berlin,10365,,Berlin
62422,11000000,Berlin,10367,,Berlin
62422,11000000,Berlin,10369,,Berlin
62422,11000000,Berlin,10405,,Berlin
62422,11000000,Berlin,10407,,Berlin
62422,11000000,Berlin,10409,,Berlin
62422,11000000,Berlin,10435,,Berlin
62422,11000000,Berlin,10437,,Berlin
62422,11000000,Berlin,10439,,Berlin
62422,11000000,Berlin,10551,,Berlin
62422,11000000,Berlin,10553,,Berlin
62422,11000000,Berlin,10555,,Berlin
62422,11000000,Berlin,10557,,Berlin
62422,11000000,Berlin,10559,,Berlin
62422,11000000,Berlin,10585,,Berlin
62422,11000000,Berlin,10587,,Berlin
62422,11000000,Berlin,10589,,Berlin
62422,11000000,Berlin,10623,,Berlin
62422,11000000,Berlin,10625,,Berlin
62422,11000000,Berlin,10627,,Berlin
62422,11000000,Berlin,10629,,Berlin
62422,11000000,Berlin,10707,,Berlin
62422,11000000,Berlin,10709,,Berlin
62422,11000000,Berlin,10711,,Berlin
62422,11000000,Berlin,10713,,Berlin
62422,11000000,Berlin,10715,,Berlin
62422,11000000,Berlin,10717,,Berlin
62422,11000000,Berlin,10719,,Berlin
62422,11000000,Berlin,10777,,Berlin
62422,11000000,Berlin,10779,,Berlin
62422,11000000,Berlin,10789,,Berlin
62422,11000000,Berlin,10823,,Berlin
62422,11000000,Berlin,10825,,Berlin
62422,11000000,Berlin,10827,,Berlin
62422,11000000,Berlin,10829,,Berlin
62422,11000000,Berlin,10961,,Berlin
62422,11000000,Berlin,10963,,Berlin
62422,11000000,Berlin,10965,,Berlin
62422,11000000,Berlin,10967,,Berlin
62422,11000000,Berlin,10969,,Berlin
62422,11000000,Berlin,10997,,Berlin
62422,11000000,Berlin,10999,,Berlin
62422,11000000,Berlin,12043,,Berlin
62422,11000000,Berlin,12045,,Berlin
62422,11000000,Berlin,12047,,Berlin
62422,11000000,Berlin,12049,,Berlin
62422,11000000,Berlin,12051,,Berlin
62422,11000000,Berlin,12053,,Berlin
62422,11000000,Berlin,12055,,Berlin
62422,11000000,Berlin,12057,,Berlin
62422,11000000,Berlin,12059,,Berlin
62422,11000000,Berlin,12099,,Berlin
62422,11000000,Berlin,12101,,Berlin
62422,11000000,Berlin,12103,,Berlin
62422,11000000,Berlin,12105,,Berlin
62422,11000000,Berlin,12107,,Berlin
62422,11000000,Berlin,12109,,Berlin
62422,11000000,Berlin,12157,,Berlin
62422,11000000,Berlin,12159,,Berlin
62422,11000000,Berlin,12161,,Berlin
62422,11000000,Berlin,12163,,Berlin
62422,11000000,Berlin,12165,,Berlin
62422,11000000,Berlin,12167,,Berlin
62422,11000000,Berlin,12169,,Berlin
62422,11000000,Berlin,12203,,Berlin
62422,11000000,Berlin,12205,,Berlin
62422,11000000,Berlin,12207,,Berlin
62422,11000000,Berlin,12209,,Berlin
62422,11000000,Berlin,12247,,Berlin
62422,11000000,Berlin,12249,,Berlin
62422,11000000,Berlin,12277,,Berlin
62422,11000000,Berlin,12279,,Berlin
62422,11000000,Berlin,12305,,Berlin
62422,11000000,Berlin,12307,,Berlin
62422,11000000,Berlin,12309,,Berlin
62422,11000000,Berlin,12347,,Berlin
62422,11000000,Berlin,12349,,Berlin
62422,11000000,Berlin,12351,,Berlin
62422,11000000,Berlin,12353,,Berlin
62422,11000000,Berlin,12355,,Berlin
62422,11000000,Berlin,12357,,Berlin
62422,11000000,Berlin,12359,,Berlin
62422,11000000,Berlin,12435,,Berlin
62422,11000000,Berlin,12437,,Berlin
62422,11000000,Berlin,12439,,Berlin
62422,11000000,Berlin,12459,,Berlin
62422,11000000,Berlin,12487,,Berlin
62422,11000000,Berlin,12489,,Berlin
62422,11000000,Berlin,12524,,Berlin
62422,11000000,Berlin,12526,,Berlin
62422,11000000,Berlin,12527,,Berlin
62422,11000000,Berlin,12555,,Berlin
62422,11000000,Berlin,12557,,Berlin
62422,11000000,Berlin,12559,,Berlin
62422,11000000,Berlin,12587,,Berlin
62422,11000000,Berlin,12589,,Berlin
62422,11000000,Berlin,12619,,Berlin
62422,11000000,Berlin,12621,,Berlin
62422,11000000,Berlin,12623,,Berlin
62422,11000000,Berlin,12627,,Berlin
62422,11000000,Berlin,12629,,Berlin
62422,11000000,Berlin,12679,,Berlin
62422,11000000,Berlin,12681,,Berlin
62422,11000000,Berlin,12683,,Berlin
62422,11000000,Berlin,12685,,Berlin
62422,11000000,Berlin,12687,,Berlin
62422,11000000,Berlin,12689,,Berlin
62422,11000000,Berlin,13051,,Berlin
62422,11000000,Berlin,13053,,Berlin
62422,11000000,Berlin,13055,,Berlin
62422,11000000,Berlin,13057,,Berlin
62422,11000000,Berlin,13059,,Berlin
62422,11000000,Berlin,13086,,Berlin
62422,11000000,Berlin,13088,,Berlin
62422,11000000,Berlin,13089,,Berlin
62422,11000000,Berlin,13125,,Berlin
62422,11000000,Berlin,13127,,Berlin
62422,11000000,Berlin,13129,,Berlin
62422,11000000,Berlin,13156,,Berlin
62422,11000000,Berlin,13158,,Berlin
62422,11000000,Berlin,13159,,Berlin
62422,11000000,Berlin,13187,,Berlin
62422,11000000,Berlin,13189,,Berlin
62422,11000000,Berlin,13347,,Berlin
62422,11000000,Berlin,13349,,Berlin
62422,11000000,Berlin,13351,,Berlin
62422,11000000,Berlin,13353,,Berlin
62422,11000000,Berlin,13355,,Berlin
62422,11000000,Berlin,13357,,Berlin
62422,11000000,Berlin,13359,,Berlin
62422,11000000,Berlin,13403,,Berlin
62422,11000000,Berlin,13405,,Berlin
62422,11000000,Berlin,13407,,Berlin
62422,11000000,Berlin,13409,,Berlin
62422,11000000,Berlin,13435,,Berlin
62422,11000000,Berlin,13437,,Berlin
62422,11000000,Berlin,13439,,Berlin
62422,11000000,Berlin,13465,,Berlin
62422,11000000,Berlin,13467,,Berlin
62422,11000000,Berlin,13469,,Berlin
62422,11000000,Berlin,13503,,Berlin
62422,11000000,Berlin,13505,,Berlin
62422,11000000,Berlin,13507,,Berlin
62422,11000000,Berlin,13509,,Berlin
62422,11000000,Berlin,13581,,Berlin
62422,11000000,Berlin,13583,,Berlin
62422,11000000,Berlin,13585,,Berlin
62422,11000000,Berlin,13587,,Berlin
62422,11000000,Berlin,13589,,Berlin
62422,11000000,Berlin,13591,,Berlin
62422,11000000,Berlin,13593,,Berlin
62422,11000000,Berlin,13595,,Berlin
62422,11000000,Berlin,13597,,Berlin
62422,11000000,Berlin,13599,,Berlin
62422,11000000,Berlin,13627,,Berlin
62422,11000000,Berlin,13629,,Berlin
62422,11000000,Berlin,14050,,Berlin
62422,11000000,Berlin,14052,,Berlin
62422,11000000,Berlin,14053,,Berlin
62422,11000000,Berlin,14055,,Berlin
62422,11000000,Berlin,14057,,Berlin
62422,11000000,Berlin,14059,,Berlin
62422,11000000,Berlin,14089,,Berlin
62422,11000000,Berlin,14109,,Berlin
62422,11000000,Berlin,14129,,Berlin
62422,11000000,Berlin,14163,,Berlin
62422,11000000,Berlin,14165,,Berlin
62422,11000000,Berlin,14167,,Berlin
62422,11000000,Berlin,14169,,Berlin
62422,11000000,Berlin,14193,,Berlin
62422,11000000,Berlin,14195,,Berlin
62422,11000000,Berlin,14197,,Berlin
62422,11000000,Berlin,14199,,Berlin
1074559,7233004,Berlingen,54570,Landkreis Vulkaneifel,Rheinland-Pfalz
2393736,16061003,Berlingerode,37339,Landkreis Eichsfeld,Thüringen
2806391,8435005,Bermatingen,88697,Bodenseekreis,Baden-Württemberg
548037,7137011,Bermel,56729,Landkreis Mayen-Koblenz,Rheinland-Pfalz
1248787,7331009,Bermersheim,67593,Landkreis Alzey-Worms,Rheinland-Pfalz
1248585,7331008,Bermersheim vor der Höhe,55234,Landkreis Alzey-Worms,Rheinland-Pfalz
1318337,12060020,Bernau,16321,Landkreis Barnim,Brandenburg
2186914,9187118,Bernau am Chiemsee,83233,Landkreis Rosenheim,Bayern
1240406,8337013,Bernau im Schwarzwald,79872,Landkreis Waldshut,Baden-Württemberg
936752,9190114,Bernbeuren,86975,Landkreis Weilheim-Schongau,Bayern
124297,15089030,Bernburg,06406,Salzlandkreis,Sachsen-Anhalt
330907,7233005,Berndorf,54578,Landkreis Vulkaneifel,Rheinland-Pfalz
539718,7141011,Berndroth,56370,Rhein-Lahn-Kreis,Rheinland-Pfalz
532787,3461001,Berne,27804,Landkreis Wesermarsch,Niedersachsen
1028816,9373114,Berngau,92361,Landkreis Neumarkt in der Oberpfalz,Bayern
964623,9375119,Bernhardswald,93170,Landkreis Regensburg,Bayern
1958439,13072013,Bernitt,18246,Landkreis Rostock,Mecklenburg-Vorpommern
1958439,13072013,Bernitt,18249,Landkreis Rostock,Mecklenburg-Vorpommern
1258355,7231008,Bernkastel-Kues,54470,Landkreis Bernkastel-Wittlich,Rheinland-Pfalz
1258355,7231008,Bernkastel-Kues,54492,Landkreis Bernkastel-Wittlich,Rheinland-Pfalz
959818,9271116,Bernried,94505,Landkreis Deggendorf,Bayern
936914,9190115,Bernried am Starnberger See,82347,Landkreis Weilheim-Schongau,Bayern
417025,14524010,Bernsdorf,09337,Landkreis Zwickau,Sachsen
1307707,14625030,Bernsdorf,02994,Landkreis Bautzen,Sachsen
937641,8425019,Bernstadt,89182,Alb-Donau-Kreis,Baden-Württemberg
418663,14626030,Bernstadt auf dem Eigen,02748,Landkreis Görlitz,Sachsen
1479858,13074005,Bernstorf,23936,Landkreis Nordwestmecklenburg,Mecklenburg-Vorpommern
418870,7132201,Berod bei Hachenburg,57614,Landkreis Altenkirchen,Rheinland-Pfalz
534473,7143208,Berod bei Wallmerod,56414,Westerwaldkreis,Rheinland-Pfalz
1171892,7232012,Berscheid,54673,Eifelkreis Bitburg-Prüm,Rheinland-Pfalz
1245055,7134008,Berschweiler bei Baumholder,55777,Landkreis Birkenfeld,Rheinland-Pfalz
1245119,7134009,Berschweiler bei Kirn,55608,Landkreis Birkenfeld,Rheinland-Pfalz
1817474,3459010,Bersenbrück,49593,Landkreis Osnabrück,Niedersachsen
1389284,12061017,Bersteland,15910,Landkreis Dahme-Spreewald,Brandenburg
418121,14626050,Bertsdorf-Hörnitz,02763,Landkreis Görlitz,Sachsen
898199,3452003,Berumbur,26524,Landkreis Aurich,Niedersachsen
535003,7143209,Berzhahn,56459,Westerwaldkreis,Rheinland-Pfalz
416402,7132005,Berzhausen,57632,Landkreis Altenkirchen,Rheinland-Pfalz
1257090,7235005,Bescheid,54413,Landkreis Trier-Saarburg,Rheinland-Pfalz
382412,1055006,Beschendorf,23738,Kreis Ostholstein,Schleswig-Holstein
448762,1061011,Besdorf,25584,Kreis Steinburg,Schleswig-Holstein
324306,6533001,Beselich,65614,Landkreis Limburg-Weilburg,Hessen
1473800,1053010,Besenthal,23899,Kreis Herzogtum Lauenburg,Schleswig-Holstein
1419837,13071009,Beseritz,17039,Landkreis Mecklenburgische Seenplatte,Mecklenburg-Vorpommern
405302,8118007,Besigheim,74354,Landkreis Ludwigsburg,Baden-Württemberg
1451509,13076010,Besitz,19258,Landkreis Ludwigslust-Parchim,Mecklenburg-Vorpommern
379883,9671112,Bessenbach,63856,Landkreis Aschaffenburg,Bayern
1352904,12061020,Bestensee,15741,Landkreis Dahme-Spreewald,Brandenburg
157422,5958008,Bestwig,59909,Hochsauerlandkreis,Nordrhein-Westfalen
2532075,16076006,Bethenhausen,07554,Landkreis Greiz,Thüringen
949970,7233006,Betteldorf,54570,Landkreis Vulkaneifel,Rheinland-Pfalz
540445,7141012,Bettendorf,56355,Rhein-Lahn-Kreis,Rheinland-Pfalz
1258872,7231009,Bettenfeld,54533,Landkreis Bernkastel-Wittlich,Rheinland-Pfalz
1152679,7232013,Bettingen,54646,Eifelkreis Bitburg-Prüm,Rheinland-Pfalz
422315,7132006,Betzdorf,57518,Landkreis Altenkirchen,Rheinland-Pfalz
1383378,3355008,Betzendorf,21386,Landkreis Lüneburg,Niedersachsen
1070975,9472118,Betzenstein,91282,Landkreis Bayreuth,Bayern
2827890,8426020,Betzenweiler,88422,Landkreis Biberach,Baden-Württemberg
957714,9780114,Betzigau,87488,Landkreis Oberallgäu,Bayern
1182317,7140201,Beulich,56283,Rhein-Hunsrück-Kreis,Rheinland-Pfalz
1269814,7135008,Beuren,56825,Landkreis Cochem-Zell,Rheinland-Pfalz
2795771,8116011,Beuren,72660,Landkreis Esslingen,Baden-Württemberg
1257087,7235008,Beuren (Hochwald),54413,Landkreis Trier-Saarburg,Rheinland-Pfalz
2805752,8437005,Beuron,88631,Landkreis Sigmaringen,Baden-Württemberg
958112,9275117,Beutelsbach,94501,Landkreis Passau,Bayern
444153,1056003,Bevern,25355,Kreis Pinneberg,Schleswig-Holstein
1184658,3255002,Bevern,37639,Landkreis Holzminden,Niedersachsen
2012142,3352059,Beverstedt,27616,Landkreis Cuxhaven,Niedersachsen
148589,5762008,Beverungen,37688,Kreis Höxter,Nordrhein-Westfalen
1184820,10045111,Bexbach,66450,Saarpfalz-Kreis,Saarland
3375478,8317011,Biberach,77781,Ortenaukreis,Baden-Württemberg
2801346,8426021,Biberach an der Riß,88400,Landkreis Biberach,Baden-Württemberg
445867,9772121,Biberbach,86485,Landkreis Augsburg,Bayern
964469,9774119,Bibertal,89346,Landkreis Günzburg,Bayern
537048,6431003,Biblis,68647,Kreis Bergstraße,Hessen
1444874,13074006,Bibow,19417,Landkreis Nordwestmecklenburg,Mecklenburg-Vorpommern
2748747,16074004,Bibra,07768,Saale-Holzland-Kreis,Thüringen
956670,9273119,Biburg,93354,Landkreis Kelheim,Bayern
935270,9173115,Bichl,83673,Landkreis Bad Tölz-Wolfratshausen,Bayern
452416,6432003,Bickenbach,64404,Landkreis Darmstadt-Dieburg,Hessen
1182304,7140014,Bickenbach,56291,Rhein-Hunsrück-Kreis,Rheinland-Pfalz
1152682,7232014,Bickendorf,54636,Eifelkreis Bitburg-Prüm,Rheinland-Pfalz
447977,9777118,Bidingen,87651,Landkreis Ostallgäu,Bayern
1248572,7331010,Biebelnheim,55234,Landkreis Alzey-Worms,Rheinland-Pfalz
283565,9675113,Biebelried,97318,Landkreis Kitzingen,Bayern
1244010,7133012,Biebelsheim,55546,Landkreis Bad Kreuznach,Rheinland-Pfalz
162692,9679118,Bieberehren,97243,Landkreis Würzburg,Bayern
535930,6435003,Biebergemünd,63599,Main-Kinzig-Kreis,Hessen
1241643,7140015,Biebern,55471,Rhein-Hunsrück-Kreis,Rheinland-Pfalz
418607,6531002,Biebertal,35444,Landkreis Gießen,Hessen
443925,6433001,Biebesheim,64584,Kreis Groß-Gerau,Hessen
539701,7141013,Biebrich,56370,Rhein-Lahn-Kreis,Rheinland-Pfalz
225480,6534004,Biedenkopf,35216,Landkreis Marburg-Biedenkopf,Hessen
1126214,8316003,Biederbach,79215,Landkreis Emmendingen,Baden-Württemberg
395856,15086005,Biederitz,39175,Landkreis Jerichower Land,Sachsen-Anhalt
1250994,7340204,Biedershausen,66917,Landkreis Südwestpfalz,Rheinland-Pfalz
1254386,7333006,Biedesheim,67308,Donnersbergkreis,Rheinland-Pfalz
62646,5711000,Bielefeld,33602,,Nordrhein-Westfalen
62646,5711000,Bielefeld,33604,,Nordrhein-Westfalen
62646,5711000,Bielefeld,33605,,Nordrhein-Westfalen
62646,5711000,Bielefeld,33607,,Nordrhein-Westfalen
62646,5711000,Bielefeld,33609,,Nordrhein-Westfalen
62646,5711000,Bielefeld,33611,,Nordrhein-Westfalen
62646,5711000,Bielefeld,33613,,Nordrhein-Westfalen
62646,5711000,Bielefeld,33615,,Nordrhein-Westfalen
62646,5711000,Bielefeld,33617,,Nordrhein-Westfalen
62646,5711000,Bielefeld,33619,,Nordrhein-Westfalen
62646,5711000,Bielefeld,33647,,Nordrhein-Westfalen
62646,5711000,Bielefeld,33649,,Nordrhein-Westfalen
62646,5711000,Bielefeld,33659,,Nordrhein-Westfalen
62646,5711000,Bielefeld,33689,,Nordrhein-Westfalen
62646,5711000,Bielefeld,33699,,Nordrhein-Westfalen
62646,5711000,Bielefeld,33719,,Nordrhein-Westfalen
62646,5711000,Bielefeld,33729,,Nordrhein-Westfalen
62646,5711000,Bielefeld,33739,,Nordrhein-Westfalen
394328,13072014,Biendorf,18230,Landkreis Rostock,Mecklenburg-Vorpommern
1460238,3360004,Bienenbüttel,29553,Landkreis Uelzen,Niedersachsen
2818331,16067004,Bienstädt,99100,Landkreis Gotha,Thüringen
1152700,7232015,Biersdorf am See,54636,Eifelkreis Bitburg-Prüm,Rheinland-Pfalz
1171874,7232016,Biesdorf,54675,Eifelkreis Bitburg-Prüm,Rheinland-Pfalz
1318341,12060024,Biesenthal,16359,Landkreis Barnim,Brandenburg
447976,9777112,Biessenhofen,87640,Landkreis Ostallgäu,Bayern
907191,8216005,Bietigheim,76467,Landkreis Rastatt,Baden-Württemberg
405807,8118079,Bietigheim-Bissingen,74321,Landkreis Ludwigsburg,Baden-Württemberg
534474,7143210,Bilkheim,56414,Westerwaldkreis,Rheinland-Pfalz
157770,5558008,Billerbeck,48727,Kreis Coesfeld,Nordrhein-Westfalen
403741,8225009,Billigheim,74842,Neckar-Odenwald-Kreis,Baden-Württemberg
1252726,7337007,Billigheim-Ingenheim,76831,Landkreis Südliche Weinstraße,Rheinland-Pfalz
444152,1056004,Bilsen,25485,Kreis Pinneberg,Schleswig-Holstein
1399076,3159005,Bilshausen,37434,Landkreis Göttingen,Niedersachsen
423179,1060009,Bimöhlen,24576,Kreis Segeberg,Schleswig-Holstein
403748,8225010,Binau,74862,Neckar-Odenwald-Kreis,Baden-Württemberg
1071015,9472119,Bindlach,95463,Landkreis Bayreuth,Bayern
2805401,8437008,Bingen,72511,Landkreis Sigmaringen,Baden-Württemberg
660349,7339005,Bingen am Rhein,55411,Landkreis Mainz-Bingen,Rheinland-Pfalz
1183262,3256002,Binnen,31619,Landkreis Nienburg/Weser,Niedersachsen
1266506,7135009,Binningen,56754,Landkreis Cochem-Zell,Rheinland-Pfalz
1259124,7231010,Binsfeld,54518,Landkreis Bernkastel-Wittlich,Rheinland-Pfalz
956786,9773116,Binswangen,86637,Landkreis Dillingen an der Donau,Bayern
1513785,13073011,Binz,18609,Landkreis Vorpommern-Rügen,Mecklenburg-Vorpommern
1130304,8336008,Binzen,79589,Landkreis Lörrach,Baden-Württemberg
2010986,3459011,Bippen,49626,Landkreis Osnabrück,Niedersachsen
2825741,8117009,Birenbach,73102,Landkreis Göppingen,Baden-Württemberg
1076000,7233007,Birgel,54587,Landkreis Vulkaneifel,Rheinland-Pfalz
1028539,9371116,Birgland,92262,Landkreis Amberg-Sulzbach,Bayern
537062,6431004,Birkenau,69488,Kreis Bergstraße,Hessen
420575,7132007,Birkenbeul,57589,Landkreis Altenkirchen,Rheinland-Pfalz
57999,8236004,Birkenfeld,75217,Enzkreis,Baden-Württemberg
335467,9677119,Birkenfeld,97834,Landkreis Main-Spessart,Bayern
1244279,7134010,Birkenfeld,55765,Landkreis Birkenfeld,Rheinland-Pfalz
2396033,16061007,Birkenfelde,37318,Landkreis Eichsfeld,Thüringen
422696,7338003,Birkenheide,67134,Rhein-Pfalz-Kreis,Rheinland-Pfalz
421228,7132008,Birken-Honigsessen,57587,Landkreis Altenkirchen,Rheinland-Pfalz
1252820,7337008,Birkenhördt,76889,Landkreis Südliche Weinstraße,Rheinland-Pfalz
1310088,12065036,Birkenwerder,16547,Landkreis Oberhavel,Brandenburg
1182315,7140016,Birkheim,56291,Rhein-Hunsrück-Kreis,Rheinland-Pfalz
1252555,7337009,Birkweiler,76831,Landkreis Südliche Weinstraße,Rheinland-Pfalz
537136,7141014,Birlenbach,65626,Rhein-Lahn-Kreis,Rheinland-Pfalz
418875,7132009,Birnbach,57612,Landkreis Altenkirchen,Rheinland-Pfalz
134038,7233204,Birresborn,54574,Landkreis Vulkaneifel,Rheinland-Pfalz
535937,6435004,Birstein,63633,Main-Kinzig-Kreis,Hessen
1152676,7232017,Birtlingen,54634,Eifelkreis Bitburg-Prüm,Rheinland-Pfalz
2536212,16066012,Birx,98634,Landkreis Schmalkalden-Meiningen,Thüringen
1077570,9471117,Bischberg,96120,Landkreis Bamberg,Bayern
337247,9677120,Bischbrunn,97836,Landkreis Main-Spessart,Bayern
337247,9677120,Bischbrunn,97852,Landkreis Main-Spessart,Bayern
1254062,7333007,Bischheim,67294,Donnersbergkreis,Rheinland-Pfalz
215971,6532002,Bischoffen,35649,Lahn-Dill-Kreis,Hessen
1273266,16069004,Bischofrod,98553,Landkreis Hildburghausen,Thüringen
2899667,16063008,Bischofroda,99826,Wartburgkreis,Thüringen
1070994,9472121,Bischofsgrün,95493,Landkreis Bayreuth,Bayern
444944,6433002,Bischofsheim,65474,Kreis Groß-Gerau,Hessen
387391,9673117,Bischofsheim i.d.Rhön,97653,Landkreis Rhön-Grabfeld,Bayern
959165,9276116,Bischofsmais,94253,Landkreis Regen,Bayern
1307621,14625040,Bischofswerda,01877,Landkreis Bautzen,Sachsen
941829,9172117,Bischofswiesen,83483,Landkreis Berchtesgadener Land,Bayern
907170,8216006,Bischweier,76476,Landkreis Rastatt,Baden-Württemberg
2779025,8417008,Bisingen,72406,Zollernalbkreis,Baden-Württemberg
1284743,15090070,Bismark (Altmark),39628,Landkreis Stendal,Sachsen-Anhalt
1284743,15090070,Bismark (Altmark),39629,Landkreis Stendal,Sachsen-Anhalt
1809013,3358002,Bispingen,29646,Landkreis Heidekreis,Niedersachsen
553474,1058016,Bissee,24582,Kreis Rendsburg-Eckernförde,Schleswig-Holstein
1819445,3459012,Bissendorf,49143,Landkreis Osnabrück,Niedersachsen
1249733,7332004,Bissersheim,67281,Landkreis Bad Dürkheim,Rheinland-Pfalz
957077,9773117,Bissingen,86657,Landkreis Dillingen an der Donau,Bayern
2795406,8116012,Bissingen an der Teck,73266,Landkreis Esslingen,Baden-Württemberg
1253989,7333008,Bisterschied,67806,Donnersbergkreis,Rheinland-Pfalz
572813,7232018,Bitburg,54634,Eifelkreis Bitburg-Prüm,Rheinland-Pfalz
1329611,15082015,Bitterfeld-Wolfen,06749,Landkreis Anhalt-Bitterfeld,Sachsen-Anhalt
1329611,15082015,Bitterfeld-Wolfen,06766,Landkreis Anhalt-Bitterfeld,Sachsen-Anhalt
1329611,15082015,Bitterfeld-Wolfen,06803,Landkreis Anhalt-Bitterfeld,Sachsen-Anhalt
1329611,15082015,Bitterfeld-Wolfen,06808,Landkreis Anhalt-Bitterfeld,Sachsen-Anhalt
2779377,8417010,Bitz,72475,Zollernalbkreis,Baden-Württemberg
420582,7132010,Bitzen,57539,Landkreis Altenkirchen,Rheinland-Pfalz
961930,9372115,Blaibach,93476,Landkreis Cham,Bayern
957870,9780115,Blaichach,87544,Landkreis Oberallgäu,Bayern
534001,9671113,Blankenbach,63825,Landkreis Aschaffenburg,Bayern
449945,13076011,Blankenberg,19412,Landkreis Ludwigslust-Parchim,Mecklenburg-Vorpommern
1352949,15085055,Blankenburg,06502,Landkreis Harz,Sachsen-Anhalt
1352949,15085055,Blankenburg,38889,Landkreis Harz,Sachsen-Anhalt
1352949,15085055,Blankenburg,38895,Landkreis Harz,Sachsen-Anhalt
2903159,16064007,Blankenburg,99955,Unstrut-Hainich-Kreis,Thüringen
55770,12072017,Blankenfelde-Mahlow,15827,Landkreis Teltow-Fläming,Brandenburg
55770,12072017,Blankenfelde-Mahlow,15831,Landkreis Teltow-Fläming,Brandenburg
393348,13072015,Blankenhagen,18182,Landkreis Rostock,Mecklenburg-Vorpommern
1272623,16071008,Blankenhain,99444,Landkreis Weimarer Land,Thüringen
158156,5366008,Blankenheim,53945,Kreis Euskirchen,Nordrhein-Westfalen
2399205,15087070,Blankenheim,06528,Landkreis Mansfeld-Südharz,Sachsen-Anhalt
1419840,13071010,Blankenhof,17039,Landkreis Mecklenburgische Seenplatte,Mecklenburg-Vorpommern
1269733,7135010,Blankenrath,56865,Landkreis Cochem-Zell,Rheinland-Pfalz
1407859,13075012,Blankensee,17322,Landkreis Vorpommern-Greifswald,Mecklenburg-Vorpommern
1419597,13071011,Blankensee,17237,Landkreis Mecklenburgische Seenplatte,Mecklenburg-Vorpommern
1246584,7336006,Blaubach,66869,Landkreis Kusel,Rheinland-Pfalz
2788300,8425020,Blaubeuren,89143,Alb-Donau-Kreis,Baden-Württemberg
387624,8127008,Blaufelden,74572,Landkreis Schwäbisch Hall,Baden-Württemberg
2788221,8425141,Blaustein,89134,Alb-Donau-Kreis,Baden-Württemberg
1837837,3355009,Bleckede,19273,Landkreis Lüneburg,Niedersachsen
1837837,3355009,Bleckede,21354,Landkreis Lüneburg,Niedersachsen
1085807,7233008,Bleckhausen,54570,Landkreis Vulkaneifel,Rheinland-Pfalz
1108062,7232206,Bleialf,54608,Eifelkreis Bitburg-Prüm,Rheinland-Pfalz
2400611,16062066,Bleicherode,99752,Landkreis Nordhausen,Thüringen
288940,1057007,Blekendorf,24327,Kreis Plön,Schleswig-Holstein
1182293,3361002,Blender,27337,Landkreis Verden,Niedersachsen
1432549,13075013,Blesewitz,17392,Landkreis Vorpommern-Greifswald,Mecklenburg-Vorpommern
1332932,12064057,Bleyen-Genschmar,15328,Landkreis Märkisch-Oderland,Brandenburg
444929,3359007,Bliedersdorf,21640,Landkreis Stade,Niedersachsen
1332947,12064061,Bliesdorf,16269,Landkreis Märkisch-Oderland,Brandenburg
1184822,10045112,Blieskastel,66440,Saarpfalz-Kreis,Saarland
1463077,1053011,Bliestorf,23847,Kreis Herzogtum Lauenburg,Schleswig-Holstein
1457061,13076012,Blievenstorf,19306,Landkreis Ludwigslust-Parchim,Mecklenburg-Vorpommern
956998,9773119,Blindheim,89434,Landkreis Dillingen an der Donau,Bayern
142680,5766016,Blomberg,32825,Kreis Lippe,Nordrhein-Westfalen
2012363,3462001,Blomberg,26487,Landkreis Wittmund,Niedersachsen
447199,1061012,Blomesche Wildnis,25348,Kreis Steinburg,Schleswig-Holstein
1515660,13074007,Blowatz,23974,Landkreis Nordwestmecklenburg,Mecklenburg-Vorpommern
2785259,8326005,Blumberg,78176,Schwarzwald-Baar-Kreis,Baden-Württemberg
1419599,13071012,Blumenholz,17237,Landkreis Mecklenburgische Seenplatte,Mecklenburg-Vorpommern
548510,1058018,Blumenthal,24241,Kreis Rendsburg-Eckernförde,Schleswig-Holstein
442927,1060010,Blunk,23813,Kreis Segeberg,Schleswig-Holstein
2778357,16074005,Bobeck,07646,Saale-Holzland-Kreis,Thüringen
1249952,7332005,Bobenheim am Berg,67273,Landkreis Bad Dürkheim,Rheinland-Pfalz
418410,7338004,Bobenheim-Roxheim,67240,Rhein-Pfalz-Kreis,Rheinland-Pfalz
1251120,7340001,Bobenthal,76891,Landkreis Südwestpfalz,Rheinland-Pfalz
936831,9190117,Böbing,82389,Landkreis Weilheim-Schongau,Bayern
935167,9772125,Bobingen,86399,Landkreis Augsburg,Bayern
1252444,7337011,Böbingen,67482,Landkreis Südliche Weinstraße,Rheinland-Pfalz
915433,8136009,Böbingen an der Rems,73560,Ostalbkreis,Baden-Württemberg
1491791,13074008,Bobitz,23966,Landkreis Nordwestmecklenburg,Mecklenburg-Vorpommern
1491791,13074008,Bobitz,23996,Landkreis Nordwestmecklenburg,Mecklenburg-Vorpommern
722090,8115003,Böblingen,71032,Landkreis Böblingen,Baden-Württemberg
722090,8115003,Böblingen,71034,Landkreis Böblingen,Baden-Württemberg
959172,9276118,Böbrach,94255,Landkreis Regen,Bayern
416498,14522035,Bobritzsch-Hilbersdorf,09627,Landkreis Mittelsachsen,Sachsen
1451502,13076013,Bobzin,19230,Landkreis Ludwigslust-Parchim,Mecklenburg-Vorpommern
1252557,7337012,Böchingen,76833,Landkreis Südliche Weinstraße,Rheinland-Pfalz
162715,5554008,Bocholt,46395,Kreis Borken,Nordrhein-Westfalen
162715,5554008,Bocholt,46397,Kreis Borken,Nordrhein-Westfalen
162715,5554008,Bocholt,46399,Kreis Borken,Nordrhein-Westfalen
62644,5911000,Bochum,44787,,Nordrhein-Westfalen
62644,5911000,Bochum,44789,,Nordrhein-Westfalen
62644,5911000,Bochum,44791,,Nordrhein-Westfalen
62644,5911000,Bochum,44793,,Nordrhein-Westfalen
62644,5911000,Bochum,44795,,Nordrhein-Westfalen
62644,5911000,Bochum,44797,,Nordrhein-Westfalen
62644,5911000,Bochum,44799,,Nordrhein-Westfalen
62644,5911000,Bochum,44801,,Nordrhein-Westfalen
62644,5911000,Bochum,44803,,Nordrhein-Westfalen
62644,5911000,Bochum,44805,,Nordrhein-Westfalen
62644,5911000,Bochum,44807,,Nordrhein-Westfalen
62644,5911000,Bochum,44809,,Nordrhein-Westfalen
62644,5911000,Bochum,44866,,Nordrhein-Westfalen
62644,5911000,Bochum,44867,,Nordrhein-Westfalen
62644,5911000,Bochum,44869,,Nordrhein-Westfalen
62644,5911000,Bochum,44879,,Nordrhein-Westfalen
62644,5911000,Bochum,44892,,Nordrhein-Westfalen
62644,5911000,Bochum,44894,,Nordrhein-Westfalen
2793131,16076007,Bocka,07589,Landkreis Greiz,Thüringen
419003,14521080,Bockau,08324,Erzgebirgskreis,Sachsen
1244235,7133013,Bockenau,55595,Landkreis Bad Kreuznach,Rheinland-Pfalz
1168919,3254008,Bockenem,31167,Landkreis Hildesheim,Niedersachsen
1249734,7332006,Bockenheim an der Weinstraße,67278,Landkreis Bad Dürkheim,Rheinland-Pfalz
934762,9177113,Bockhorn,85461,Landkreis Erding,Bayern
1187412,3455025,Bockhorn,26345,Landkreis Friesland,Niedersachsen
2007737,3454004,Bockhorst,26897,Landkreis Emsland,Niedersachsen
2778908,8416006,Bodelshausen,72411,Landkreis Tübingen,Baden-Württemberg
2179151,16075006,Bodelwitz,07381,Saale-Orla-Kreis,Thüringen
453829,7143005,Boden,56412,Westerwaldkreis,Rheinland-Pfalz
1075152,7233205,Bodenbach,53539,Landkreis Vulkaneifel,Rheinland-Pfalz
1397838,3155002,Bodenfelde,37194,Landkreis Northeim,Niedersachsen
1245807,7339006,Bodenheim,55294,Landkreis Mainz-Bingen,Rheinland-Pfalz
192241,9274120,Bodenkirchen,84155,Landkreis Landshut,Bayern
959154,9276117,Bodenmais,94249,Landkreis Regen,Bayern
2813790,16061012,Bodenrode-Westhausen,37308,Landkreis Eichsfeld,Thüringen
1399067,3159006,Bodensee,37434,Landkreis Göttingen,Niedersachsen
1184624,3255003,Bodenwerder,37619,Landkreis Holzminden,Niedersachsen
962091,9376116,Bodenwöhr,92439,Landkreis Schwandorf,Bayern
2784817,8335098,Bodman-Ludwigshafen,78351,Landkreis Konstanz,Baden-Württemberg
2808299,8436018,Bodnegg,88285,Landkreis Ravensburg,Baden-Württemberg
812180,9776111,Bodolz,88131,Landkreis Lindau,Bayern
1149232,1059006,Böel,24401,Kreis Schleswig-Flensburg,Schleswig-Holstein
1149232,1059006,Böel,24405,Kreis Schleswig-Flensburg,Schleswig-Holstein
1149232,1059006,Böel,24891,Kreis Schleswig-Flensburg,Schleswig-Holstein
1184653,3255004,Boffzen,37691,Landkreis Holzminden,Niedersachsen
540446,7141015,Bogel,56357,Rhein-Lahn-Kreis,Rheinland-Pfalz
959664,9278118,Bogen,94327,Landkreis Straubing-Bogen,Bayern
958683,9778119,Böhen,87736,Landkreis Unterallgäu,Bayern
420478,14729040,Böhlen,04564,Landkreis Leipzig,Sachsen
418399,7338005,Böhl-Iggelheim,67459,Rhein-Pfalz-Kreis,Rheinland-Pfalz
1799471,3358003,Böhme,29693,Landkreis Heidekreis,Niedersachsen
2772180,8117010,Böhmenkirch,89558,Landkreis Göppingen,Baden-Württemberg
943560,9176116,Böhmfeld,85113,Landkreis Eichstätt,Bayern
1405507,1054012,Bohmstedt,25853,Kreis Nordfriesland,Schleswig-Holstein
1931067,3459013,Bohmte,49163,Landkreis Osnabrück,Niedersachsen
548511,1058019,Böhnhusen,24220,Kreis Rendsburg-Eckernförde,Schleswig-Holstein
1515661,13074009,Boiensdorf,23974,Landkreis Nordwestmecklenburg,Mecklenburg-Vorpommern
1924097,3355010,Boitze,21368,Landkreis Lüneburg,Niedersachsen
1334092,12073069,Boitzenburger Land,17268,Landkreis Uckermark,Brandenburg
1451505,13076014,Boizenburg/Elbe,19258,Landkreis Ludwigslust-Parchim,Mecklenburg-Vorpommern
444184,1056006,Bokel,25364,Kreis Pinneberg,Schleswig-Holstein
548554,1058021,Bokel,24802,Kreis Rendsburg-Eckernförde,Schleswig-Holstein
448764,1061013,Bokelrehm,25596,Kreis Steinburg,Schleswig-Holstein
1355845,3151004,Bokensdorf,38556,Landkreis Gifhorn,Niedersachsen
443948,1056008,Bokholt-Hanredder,25335,Kreis Pinneberg,Schleswig-Holstein
448763,1061014,Bokhorst,25560,Kreis Steinburg,Schleswig-Holstein
448763,1061014,Bokhorst,25572,Kreis Steinburg,Schleswig-Holstein
1175544,1059008,Böklund,24860,Kreis Schleswig-Flensburg,Schleswig-Holstein
310391,1057010,Boksee,24220,Kreis Plön,Schleswig-Holstein
1254065,7333010,Bolanden,67295,Donnersbergkreis,Rheinland-Pfalz
1432539,13075015,Boldekow,17392,Landkreis Vorpommern-Greifswald,Mecklenburg-Vorpommern
1244179,8336010,Böllen,79677,Landkreis Lörrach,Baden-Württemberg
1245098,7134012,Bollenbach,55624,Landkreis Birkenfeld,Rheinland-Pfalz
1252826,7337013,Böllenborn,76887,Landkreis Südliche Weinstraße,Rheinland-Pfalz
1163509,7232019,Bollendorf,54669,Eifelkreis Bitburg-Prüm,Rheinland-Pfalz
1424142,13071013,Bollewick,17207,Landkreis Mecklenburgische Seenplatte,Mecklenburg-Vorpommern
1156149,1059010,Bollingstedt,24855,Kreis Schleswig-Flensburg,Schleswig-Holstein
1946217,8315014,Bollschweil,79283,Landkreis Breisgau-Hochschwarzwald,Baden-Württemberg
451702,7143211,Bölsberg,57648,Westerwaldkreis,Rheinland-Pfalz
957890,9780116,Bolsterlang,87538,Landkreis Oberallgäu,Bayern
176636,13074010,Boltenhagen,23946,Landkreis Nordwestmecklenburg,Mecklenburg-Vorpommern
2808124,8436019,Boms,88361,Landkreis Ravensburg,Baden-Württemberg
1406981,1054013,Bondelum,25850,Kreis Nordfriesland,Schleswig-Holstein
722093,8115004,Bondorf,71149,Landkreis Böblingen,Baden-Württemberg
310411,1057008,Bönebüttel,24620,Kreis Plön,Schleswig-Holstein
444707,7138005,Bonefeld,56579,Landkreis Neuwied,Rheinland-Pfalz
158452,5978008,Bönen,59199,Kreis Unna,Nordrhein-Westfalen
1256949,7235010,Bonerath,54316,Landkreis Trier-Saarburg,Rheinland-Pfalz
1075138,7233206,Bongard,53539,Landkreis Vulkaneifel,Rheinland-Pfalz
62508,5314000,Bonn,53111,,Nordrhein-Westfalen
62508,5314000,Bonn,53113,,Nordrhein-Westfalen
62508,5314000,Bonn,53115,,Nordrhein-Westfalen
62508,5314000,Bonn,53117,,Nordrhein-Westfalen
62508,5314000,Bonn,53119,,Nordrhein-Westfalen
62508,5314000,Bonn,53121,,Nordrhein-Westfalen
62508,5314000,Bonn,53123,,Nordrhein-Westfalen
62508,5314000,Bonn,53125,,Nordrhein-Westfalen
62508,5314000,Bonn,53127,,Nordrhein-Westfalen
62508,5314000,Bonn,53129,,Nordrhein-Westfalen
62508,5314000,Bonn,53173,,Nordrhein-Westfalen
62508,5314000,Bonn,53175,,Nordrhein-Westfalen
62508,5314000,Bonn,53177,,Nordrhein-Westfalen
62508,5314000,Bonn,53179,,Nordrhein-Westfalen
62508,5314000,Bonn,53225,,Nordrhein-Westfalen
62508,5314000,Bonn,53227,,Nordrhein-Westfalen
62508,5314000,Bonn,53229,,Nordrhein-Westfalen
1240388,8337022,Bonndorf im Schwarzwald,79848,Landkreis Waldshut,Baden-Württemberg
405782,8118010,Bönnigheim,74357,Landkreis Ludwigsburg,Baden-Württemberg
443704,1056005,Bönningstedt,25474,Kreis Pinneberg,Schleswig-Holstein
445267,9772126,Bonstetten,86486,Landkreis Augsburg,Bayern
1407858,13075016,Boock,17322,Landkreis Vorpommern-Greifswald,Mecklenburg-Vorpommern
548038,7137014,Boos,56729,Landkreis Mayen-Koblenz,Rheinland-Pfalz
958624,9778120,Boos,87737,Landkreis Unterallgäu,Bayern
1244228,7133014,Boos,55595,Landkreis Bad Kreuznach,Rheinland-Pfalz
423226,1060011,Boostedt,24598,Kreis Segeberg,Schleswig-Holstein
915548,8136010,Bopfingen,73441,Ostalbkreis,Baden-Württemberg
593575,7140501,Boppard,56154,Rhein-Hunsrück-Kreis,Rheinland-Pfalz
148082,5774012,Borchen,33178,Kreis Paderborn,Nordrhein-Westfalen
1357518,15089041,Bördeaue,39435,Salzlandkreis,Sachsen-Anhalt
1357517,15089043,Börde-Hakel,39448,Salzlandkreis,Sachsen-Anhalt
69740,15089042,Bördeland,39221,Salzlandkreis,Sachsen-Anhalt
1416728,1054014,Bordelum,25821,Kreis Nordfriesland,Schleswig-Holstein
1416728,1054014,Bordelum,25842,Kreis Nordfriesland,Schleswig-Holstein
1416728,1054014,Bordelum,25852,Kreis Nordfriesland,Schleswig-Holstein
553513,1058022,Bordesholm,24582,Kreis Rendsburg-Eckernförde,Schleswig-Holstein
1149234,1059187,Boren,24392,Kreis Schleswig-Flensburg,Schleswig-Holstein
1244277,7134011,Börfink,54422,Landkreis Birkenfeld,Rheinland-Pfalz
548551,1058023,Borgdorf-Seedorf,24589,Kreis Rendsburg-Eckernförde,Schleswig-Holstein
1891489,5762012,Borgentreich,34434,Kreis Höxter,Nordrhein-Westfalen
1474267,3454005,Börger,26904,Landkreis Emsland,Niedersachsen
395725,13072017,Börgerende-Rethwisch,18211,Landkreis Rostock,Mecklenburg-Vorpommern
138696,5754004,Borgholzhausen,33829,Kreis Gütersloh,Nordrhein-Westfalen
548609,1058024,Borgstedt,24794,Kreis Rendsburg-Eckernförde,Schleswig-Holstein
1428594,1054015,Borgsum,25938,Kreis Nordfriesland,Schleswig-Holstein
1157535,1059012,Borgwedel,24857,Kreis Schleswig-Flensburg,Schleswig-Holstein
162723,5554012,Borken,46325,Kreis Borken,Nordrhein-Westfalen
452192,6634001,Borken (Hessen),34582,Schwalm-Eder-Kreis,Hessen
539724,12069052,Borkheide,14822,Landkreis Potsdam-Mittelmark,Brandenburg
449939,13076015,Borkow,19406,Landkreis Ludwigslust-Parchim,Mecklenburg-Vorpommern
932092,3457002,Borkum,26757,Landkreis Leer,Niedersachsen
539696,12069056,Borkwalde,14822,Landkreis Potsdam-Mittelmark,Brandenburg
1075134,7233207,Borler,53539,Landkreis Vulkaneifel,Rheinland-Pfalz
1157658,1059009,Börm,24863,Kreis Schleswig-Flensburg,Schleswig-Holstein
420481,14729050,Borna,04552,Landkreis Leipzig,Sachsen
374247,13073012,Born a. Darß,18375,Landkreis Vorpommern-Rügen,Mecklenburg-Vorpommern
1357525,15089045,Borne,39435,Salzlandkreis,Sachsen-Anhalt
2395859,16061014,Bornhagen,37318,Landkreis Eichsfeld,Thüringen
168426,5382012,Bornheim,53332,Rhein-Sieg-Kreis,Nordrhein-Westfalen
1248571,7331012,Bornheim,55237,Landkreis Alzey-Worms,Rheinland-Pfalz
1252802,7337014,Bornheim,76879,Landkreis Südliche Weinstraße,Rheinland-Pfalz
556121,1058025,Bornholt,25557,Kreis Rendsburg-Eckernförde,Schleswig-Holstein
556121,1058025,Bornholt,25725,Kreis Rendsburg-Eckernförde,Schleswig-Holstein
405629,1060012,Bornhöved,24619,Kreis Segeberg,Schleswig-Holstein
539913,7141016,Bornich,56348,Rhein-Lahn-Kreis,Rheinland-Pfalz
422346,14521090,Börnichen,09437,Erzgebirgskreis,Sachsen
156829,1053012,Börnsen,21039,Kreis Herzogtum Lauenburg,Schleswig-Holstein
2409458,15087075,Bornstedt,06295,Landkreis Mansfeld-Südharz,Sachsen-Anhalt
453153,7143212,Borod,57614,Westerwaldkreis,Rheinland-Pfalz
1427223,13071014,Borrentin,17111,Landkreis Mecklenburgische Seenplatte,Mecklenburg-Vorpommern
1254707,7333009,Börrstadt,67725,Donnersbergkreis,Rheinland-Pfalz
1246484,7336008,Börsborn,66904,Landkreis Kusel,Rheinland-Pfalz
422923,14729060,Borsdorf,04451,Landkreis Leipzig,Sachsen
447197,1061015,Borsfleth,25376,Kreis Steinburg,Schleswig-Holstein
2791017,8425022,Börslingen,89177,Alb-Donau-Kreis,Baden-Württemberg
1432654,3158038,Börßum,38312,Landkreis Wolfenbüttel,Niedersachsen
423189,1060013,Borstel,24616,Kreis Segeberg,Schleswig-Holstein
1461190,3251008,Borstel,27246,Landkreis Diepholz,Niedersachsen
443731,1056009,Borstel-Hohenraden,25494,Kreis Pinneberg,Schleswig-Holstein
1469173,1053013,Borstorf,23881,Kreis Herzogtum Lauenburg,Schleswig-Holstein
2825742,8117011,Börtlingen,73104,Landkreis Göppingen,Baden-Württemberg
2387422,16065008,Borxleben,06556,Kyffhäuserkreis,Thüringen
382441,1055007,Bosau,23715,Kreis Ostholstein,Schleswig-Holstein
1420392,1054016,Bosbüll,25899,Kreis Nordfriesland,Schleswig-Holstein
310403,1057009,Bösdorf,24306,Kreis Plön,Schleswig-Holstein
1109690,3453002,Bösel,26219,Landkreis Cloppenburg,Niedersachsen
1246623,7336009,Bosenbach,66887,Landkreis Kusel,Rheinland-Pfalz
444885,14523060,Bösenbrunn,08606,Vogtlandkreis,Sachsen
943752,8325009,Bösingen,78662,Landkreis Rottweil,Baden-Württemberg
1177205,16070006,Bösleben-Wüllersleben,99310,Ilm-Kreis,Thüringen
965598,3357005,Bötersen,27367,Landkreis Rotenburg (Wümme),Niedersachsen
965602,3357006,Bothel,27386,Landkreis Rotenburg (Wümme),Niedersachsen
310395,1057011,Bothkamp,24250,Kreis Plön,Schleswig-Holstein
1251151,7340205,Bottenbach,66504,Landkreis Südwestpfalz,Rheinland-Pfalz
1231959,8327006,Böttingen,78583,Landkreis Tuttlingen,Baden-Württemberg
62634,5512000,Bottrop,46236,,Nordrhein-Westfalen
62634,5512000,Bottrop,46238,,Nordrhein-Westfalen
62634,5512000,Bottrop,46240,,Nordrhein-Westfalen
62634,5512000,Bottrop,46242,,Nordrhein-Westfalen
62634,5512000,Bottrop,46244,,Nordrhein-Westfalen
70124,8315013,Bötzingen,79268,Landkreis Breisgau-Hochschwarzwald,Baden-Württemberg
169213,10044122,Bous,66359,Landkreis Saarlouis,Saarland
548563,1058026,Bovenau,24796,Kreis Rendsburg-Eckernförde,Schleswig-Holstein
1399079,3159007,Bovenden,37120,Landkreis Göttingen,Niedersachsen
402685,8128014,Boxberg,97944,Main-Tauber-Kreis,Baden-Württemberg
1075140,7233010,Boxberg,54552,Landkreis Vulkaneifel,Rheinland-Pfalz
1310637,14626060,Boxberg/O.L. - Hamor,02943,Landkreis Görlitz,Sachsen
1156033,1059105,Böxlund,24994,Kreis Schleswig-Flensburg,Schleswig-Holstein
454245,1062011,Braak,22145,Kreis Stormarn,Schleswig-Holstein
422319,7132012,Brachbach,57555,Landkreis Altenkirchen,Rheinland-Pfalz
1259826,7135011,Brachtendorf,56761,Landkreis Cochem-Zell,Rheinland-Pfalz
535935,6435005,Brachttal,63636,Main-Kinzig-Kreis,Hessen
308513,3353004,Brackel,21438,Landkreis Harburg,Niedersachsen
410501,8125013,Brackenheim,74336,Landkreis Heilbronn,Baden-Württemberg
1420395,1054017,Braderup,25923,Kreis Nordfriesland,Schleswig-Holstein
1451518,13076016,Brahlstorf,19273,Landkreis Ludwigslust-Parchim,Mecklenburg-Vorpommern
2532076,16076008,Brahmenau,07554,Landkreis Greiz,Thüringen
532834,3461002,Brake,26919,Landkreis Wesermarsch,Niedersachsen
148592,5762016,Brakel,33034,Kreis Höxter,Nordrhein-Westfalen
548555,1058027,Brammer,24793,Kreis Rendsburg-Eckernförde,Schleswig-Holstein
1818486,3459014,Bramsche,49565,Landkreis Osnabrück,Niedersachsen
1417215,1054018,Bramstedtlund,25926,Kreis Nordfriesland,Schleswig-Holstein
975280,9377113,Brand,95682,Landkreis Tirschenreuth,Bayern
444181,1056010,Brande-Hörnerkirchen,25364,Kreis Pinneberg,Schleswig-Holstein
62470,12051000,Brandenburg an der Havel,14770,,Brandenburg
62470,12051000,Brandenburg an der Havel,14772,,Brandenburg
62470,12051000,Brandenburg an der Havel,14774,,Brandenburg
62470,12051000,Brandenburg an der Havel,14776,,Brandenburg
416477,14522050,Brand-Erbisdorf,09618,Landkreis Mittelsachsen,Sachsen
422924,14729070,Brandis,04821,Landkreis Leipzig,Sachsen
422924,14729070,Brandis,04824,Landkreis Leipzig,Sachsen
535004,7143213,Brandscheid,56459,Westerwaldkreis,Rheinland-Pfalz
1108042,7232207,Brandscheid,54608,Eifelkreis Bitburg-Prüm,Rheinland-Pfalz
2186915,9187120,Brannenburg,83098,Landkreis Rosenheim,Bayern
536238,7141501,Braubach,56338,Rhein-Lahn-Kreis,Rheinland-Pfalz
1258359,7231012,Brauneberg,54470,Landkreis Bernkastel-Wittlich,Rheinland-Pfalz
1258359,7231012,Brauneberg,54472,Landkreis Bernkastel-Wittlich,Rheinland-Pfalz
215982,6532003,Braunfels,35619,Lahn-Dill-Kreis,Hessen
2789040,16076009,Braunichswalde,07580,Landkreis Greiz,Thüringen
1421444,3153016,Braunlage,37444,Landkreis Goslar,Niedersachsen
1421444,3153016,Braunlage,38700,Landkreis Goslar,Niedersachsen
1242295,8326006,Bräunlingen,78199,Schwarzwald-Baar-Kreis,Baden-Württemberg
387783,8127009,Braunsbach,74542,Landkreis Schwäbisch Hall,Baden-Württemberg
2406073,15088065,Braunsbedra,06242,Saalekreis,Sachsen-Anhalt
2406073,15088065,Braunsbedra,06259,Saalekreis,Sachsen-Anhalt
62531,3101000,Braunschweig,38100,,Niedersachsen
62531,3101000,Braunschweig,38102,,Niedersachsen
62531,3101000,Braunschweig,38104,,Niedersachsen
62531,3101000,Braunschweig,38106,,Niedersachsen
62531,3101000,Braunschweig,38108,,Niedersachsen
62531,3101000,Braunschweig,38110,,Niedersachsen
62531,3101000,Braunschweig,38112,,Niedersachsen
62531,3101000,Braunschweig,38114,,Niedersachsen
62531,3101000,Braunschweig,38116,,Niedersachsen
62531,3101000,Braunschweig,38118,,Niedersachsen
62531,3101000,Braunschweig,38120,,Niedersachsen
62531,3101000,Braunschweig,38122,,Niedersachsen
62531,3101000,Braunschweig,38124,,Niedersachsen
62531,3101000,Braunschweig,38126,,Niedersachsen
1204727,7140018,Braunshorn,56288,Rhein-Hunsrück-Kreis,Rheinland-Pfalz
1244224,7133015,Braunweiler,55595,Landkreis Bad Kreuznach,Rheinland-Pfalz
1244120,7133016,Brauweiler,55606,Landkreis Bad Kreuznach,Rheinland-Pfalz
413578,6533002,Brechen,65611,Landkreis Limburg-Weilburg,Hessen
1152691,7232020,Brecht,54636,Eifelkreis Bitburg-Prüm,Rheinland-Pfalz
1814897,5954004,Breckerfeld,58339,Ennepe-Ruhr-Kreis,Nordrhein-Westfalen
1474252,3454006,Breddenberg,26897,Landkreis Emsland,Niedersachsen
1302365,12068052,Breddin,16845,Landkreis Ostprignitz-Ruppin,Brandenburg
1022857,3357007,Breddorf,27412,Landkreis Rotenburg (Wümme),Niedersachsen
1022857,3357007,Breddorf,27726,Landkreis Rotenburg (Wümme),Niedersachsen
548503,1058028,Bredenbek,24796,Kreis Rendsburg-Eckernförde,Schleswig-Holstein
1427703,13071015,Bredenfelde,17153,Landkreis Mecklenburgische Seenplatte,Mecklenburg-Vorpommern
1416732,1054019,Bredstedt,25821,Kreis Nordfriesland,Schleswig-Holstein
1437952,13073013,Breege,18556,Landkreis Vorpommern-Rügen,Mecklenburg-Vorpommern
1289800,12070052,Breese,19322,Landkreis Prignitz,Brandenburg
1427900,13071016,Breesen,17091,Landkreis Mecklenburgische Seenplatte,Mecklenburg-Vorpommern
1427894,13071017,Breest,17089,Landkreis Mecklenburgische Seenplatte,Mecklenburg-Vorpommern
2393742,16061015,Brehme,37339,Landkreis Eichsfeld,Thüringen
225485,6534005,Breidenbach,35236,Landkreis Marburg-Biedenkopf,Hessen
548605,1058029,Breiholz,24797,Kreis Rendsburg-Eckernförde,Schleswig-Holstein
70133,8315015,Breisach am Rhein,79206,Landkreis Breisgau-Hochschwarzwald,Baden-Württemberg
1258431,7231202,Breit,54426,Landkreis Bernkastel-Wittlich,Rheinland-Pfalz
388840,9674118,Breitbrunn,96151,Landkreis Haßberge,Bayern
2186916,9187121,Breitbrunn am Chiemsee,83254,Landkreis Rosenheim,Bayern
532369,7143006,Breitenau,56237,Westerwaldkreis,Rheinland-Pfalz
1246447,7336010,Breitenbach,66916,Landkreis Kusel,Rheinland-Pfalz
275101,6632004,Breitenbach am Herzberg,36287,Landkreis Hersfeld-Rotenburg,Hessen
450523,1061016,Breitenberg,25597,Kreis Steinburg,Schleswig-Holstein
958097,9275118,Breitenberg,94139,Landkreis Passau,Bayern
957155,9778121,Breitenbrunn,87739,Landkreis Unterallgäu,Bayern
1028805,9373115,Breitenbrunn,92363,Landkreis Neumarkt in der Oberpfalz,Bayern
419011,14521110,Breitenbrunn/Erzgebirge,08359,Erzgebirgskreis,Sachsen
450512,1061017,Breitenburg,25524,Kreis Steinburg,Schleswig-Holstein
1465977,1053014,Breitenfelde,23881,Kreis Herzogtum Lauenburg,Schleswig-Holstein
1077552,9471119,Breitengüßbach,96149,Landkreis Bamberg,Bayern
1246415,7133017,Breitenheim,55592,Landkreis Bad Kreuznach,Rheinland-Pfalz
964151,9774117,Breitenthal,86488,Landkreis Günzburg,Bayern
1245128,7134013,Breitenthal,55758,Landkreis Birkenfeld,Rheinland-Pfalz
2395775,16061017,Breitenworbis,37339,Landkreis Eichsfeld,Thüringen
2789594,8425024,Breitingen,89183,Alb-Donau-Kreis,Baden-Württemberg
317425,8315016,Breitnau,79874,Landkreis Breisgau-Hochschwarzwald,Baden-Württemberg
215968,6532004,Breitscheid,35767,Lahn-Dill-Kreis,Hessen
236884,7138006,Breitscheid,53547,Landkreis Neuwied,Rheinland-Pfalz
1245242,7339007,Breitscheid,55422,Landkreis Mainz-Bingen,Rheinland-Pfalz
420576,7132013,Breitscheidt,57539,Landkreis Altenkirchen,Rheinland-Pfalz
2820059,16066013,Breitungen/Werra,98597,Landkreis Schmalkalden-Meiningen,Thüringen
557139,1058030,Brekendorf,24811,Kreis Rendsburg-Eckernförde,Schleswig-Holstein
1571761,1054020,Breklum,25821,Kreis Nordfriesland,Schleswig-Holstein
539700,7141018,Bremberg,56370,Rhein-Lahn-Kreis,Rheinland-Pfalz
62559,4011000,Bremen,27568,,Bremen
62559,4011000,Bremen,28195,,Bremen
62559,4011000,Bremen,28197,,Bremen
62559,4011000,Bremen,28199,,Bremen
62559,4011000,Bremen,28201,,Bremen
62559,4011000,Bremen,28203,,Bremen
62559,4011000,Bremen,28205,,Bremen
62559,4011000,Bremen,28207,,Bremen
62559,4011000,Bremen,28209,,Bremen
62559,4011000,Bremen,28211,,Bremen
62559,4011000,Bremen,28213,,Bremen
62559,4011000,Bremen,28215,,Bremen
62559,4011000,Bremen,28217,,Bremen
62559,4011000,Bremen,28219,,Bremen
62559,4011000,Bremen,28237,,Bremen
62559,4011000,Bremen,28239,,Bremen
62559,4011000,Bremen,28259,,Bremen
62559,4011000,Bremen,28277,,Bremen
62559,4011000,Bremen,28279,,Bremen
62559,4011000,Bremen,28307,,Bremen
62559,4011000,Bremen,28309,,Bremen
62559,4011000,Bremen,28325,,Bremen
62559,4011000,Bremen,28327,,Bremen
62559,4011000,Bremen,28329,,Bremen
62559,4011000,Bremen,28355,,Bremen
62559,4011000,Bremen,28357,,Bremen
62559,4011000,Bremen,28359,,Bremen
62559,4011000,Bremen,28717,,Bremen
62559,4011000,Bremen,28719,,Bremen
62559,4011000,Bremen,28755,,Bremen
62559,4011000,Bremen,28757,,Bremen
62559,4011000,Bremen,28759,,Bremen
62559,4011000,Bremen,28777,,Bremen
62559,4011000,Bremen,28779,,Bremen
62658,4012000,Bremerhaven,27568,,Bremen
62658,4012000,Bremerhaven,27570,,Bremen
62658,4012000,Bremerhaven,27572,,Bremen
62658,4012000,Bremerhaven,27574,,Bremen
62658,4012000,Bremerhaven,27576,,Bremen
62658,4012000,Bremerhaven,27578,,Bremen
62658,4012000,Bremerhaven,27580,,Bremen
383050,3357008,Bremervörde,27432,Landkreis Rotenburg (Wümme),Niedersachsen
1259305,7135012,Bremm,56814,Landkreis Cochem-Zell,Rheinland-Pfalz
2778359,16074007,Bremsnitz,07646,Saale-Holzland-Kreis,Thüringen
1050578,7131201,Brenk,56651,Landkreis Ahrweiler,Rheinland-Pfalz
964627,9375120,Brennberg,93179,Landkreis Regensburg,Bayern
451779,6437003,Brensbach,64395,Odenwaldkreis,Hessen
1457063,13076017,Brenz,19306,Landkreis Ludwigslust-Parchim,Mecklenburg-Vorpommern
1451553,13076018,Bresegard bei Eldena,19294,Landkreis Ludwigslust-Parchim,Mecklenburg-Vorpommern
1451512,13076019,Bresegard bei Picher,19230,Landkreis Ludwigslust-Parchim,Mecklenburg-Vorpommern
446431,3359008,Brest,21698,Landkreis Stade,Niedersachsen
158352,8215007,Bretten,75015,Landkreis Karlsruhe,Baden-Württemberg
533247,7143214,Bretthausen,56479,Westerwaldkreis,Rheinland-Pfalz
1243999,7133018,Bretzenheim,55559,Landkreis Bad Kreuznach,Rheinland-Pfalz
377561,8126011,Bretzfeld,74626,Hohenlohekreis,Baden-Württemberg
451775,6437004,Breuberg,64747,Odenwaldkreis,Hessen
162612,6633004,Breuna,34479,Landkreis Kassel,Hessen
1254723,7333011,Breunigweiler,67725,Donnersbergkreis,Rheinland-Pfalz
2013293,3255005,Brevörde,37647,Landkreis Holzminden,Niedersachsen
544548,7137204,Brey,56321,Landkreis Mayen-Koblenz,Rheinland-Pfalz
1318344,12060034,Breydin,16230,Landkreis Barnim,Brandenburg
943920,1051010,Brickeln,25712,Kreis Dithmarschen,Schleswig-Holstein
1269728,7135013,Briedel,56850,Landkreis Cochem-Zell,Rheinland-Pfalz
1269728,7135013,Briedel,56867,Landkreis Cochem-Zell,Rheinland-Pfalz
1266516,7135014,Brieden,56829,Landkreis Cochem-Zell,Rheinland-Pfalz
1259312,7135015,Briedern,56820,Landkreis Cochem-Zell,Rheinland-Pfalz
1251751,12063036,Brieselang,14656,Landkreis Havelland,Brandenburg
1322840,12071028,Briesen,03096,Landkreis Spree-Neiße,Brandenburg
1384837,12067072,Briesen (Mark),15518,Landkreis Oder-Spree,Brandenburg
1384835,12067076,Brieskow-Finkenheerd,15295,Landkreis Oder-Spree,Brandenburg
1392130,3355011,Brietlingen,21382,Landkreis Lüneburg,Niedersachsen
1410897,13075017,Brietzig,17309,Landkreis Vorpommern-Greifswald,Mecklenburg-Vorpommern
1242135,8326075,Brigachtal,78086,Schwarzwald-Baar-Kreis,Baden-Württemberg
1427692,13071018,Briggow,17153,Landkreis Mecklenburgische Seenplatte,Mecklenburg-Vorpommern
157382,5958012,Brilon,59929,Hochsauerlandkreis,Nordrhein-Westfalen
1152695,7232502,Brimingen,54646,Eifelkreis Bitburg-Prüm,Rheinland-Pfalz
548584,1058031,Brinjahe,24816,Kreis Rendsburg-Eckernförde,Schleswig-Holstein
2012928,3457003,Brinkum,26835,Landkreis Leer,Niedersachsen
1318356,12060036,Britz,16230,Landkreis Barnim,Brandenburg
394337,13072018,Bröbberow,18258,Landkreis Rostock,Mecklenburg-Vorpommern
965590,3357009,Brockel,27386,Landkreis Rotenburg (Wümme),Niedersachsen
1797621,3351005,Bröckel,29356,Landkreis Celle,Niedersachsen
1085804,7233011,Brockscheid,54552,Landkreis Vulkaneifel,Rheinland-Pfalz
1665293,3251009,Brockum,49448,Landkreis Diepholz,Niedersachsen
546624,7137205,Brodenbach,56332,Landkreis Mayen-Koblenz,Rheinland-Pfalz
554514,1058032,Brodersby,24398,Kreis Rendsburg-Eckernförde,Schleswig-Holstein
8111524,1059189,Brodersby-Goltoft,24864,Kreis Schleswig-Flensburg,Schleswig-Holstein
288262,1057012,Brodersdorf,24235,Kreis Plön,Schleswig-Holstein
2676469,13072019,Broderstorf,18184,Landkreis Rostock,Mecklenburg-Vorpommern
1266504,7135016,Brohl,56754,Landkreis Cochem-Zell,Rheinland-Pfalz
1022832,7131014,Brohl-Lützing,56656,Landkreis Ahrweiler,Rheinland-Pfalz
447771,1061018,Brokdorf,25554,Kreis Steinburg,Schleswig-Holstein
447771,1061018,Brokdorf,25576,Kreis Steinburg,Schleswig-Holstein
450221,1061019,Brokstedt,24616,Kreis Steinburg,Schleswig-Holstein
451781,6437005,Brombachtal,64753,Odenwaldkreis,Hessen
1329992,3151005,Brome,38465,Landkreis Gifhorn,Niedersachsen
1322901,12066041,Bronkow,03205,Landkreis Oberspreewald-Lausitz,Brandenburg
1476085,1053015,Bröthen,21514,Kreis Herzogtum Lauenburg,Schleswig-Holstein
1138618,16066074,Brotterode-Trusetal,98596,Landkreis Schmalkalden-Meiningen,Thüringen
1259132,7231013,Bruch,54518,Landkreis Bernkastel-Wittlich,Rheinland-Pfalz
420579,7132014,Bruchertseifen,57539,Landkreis Altenkirchen,Rheinland-Pfalz
443472,7138008,Bruchhausen,53572,Landkreis Neuwied,Rheinland-Pfalz
1461200,3251049,Bruchhausen-Vilsen,27305,Landkreis Diepholz,Niedersachsen
535894,6435006,Bruchköbel,63486,Main-Kinzig-Kreis,Hessen
1253816,7335003,Bruchmühlbach-Miesau,66892,Landkreis Kaiserslautern,Rheinland-Pfalz
659820,8215009,Bruchsal,76646,Landkreis Karlsruhe,Baden-Württemberg
2903160,16064009,Bruchstedt,99955,Unstrut-Hainich-Kreis,Thüringen
1245143,7134014,Bruchweiler,55758,Landkreis Birkenfeld,Rheinland-Pfalz
1252378,7340501,Bruchweiler-Bärenbach,76891,Landkreis Südwestpfalz,Rheinland-Pfalz
929920,9175114,Bruck,85567,Landkreis Ebersberg,Bayern
540426,12069076,Brück,14822,Landkreis Potsdam-Mittelmark,Brandenburg
190865,9274194,Bruckberg,84079,Landkreis Landshut,Bayern
534274,9571122,Bruckberg,91590,Landkreis Ansbach,Bayern
1244285,7134015,Brücken,55767,Landkreis Birkenfeld,Rheinland-Pfalz
2397423,15087101,Brücken-Hackpfüffel,06528,Landkreis Mansfeld-Südharz,Sachsen-Anhalt
1246454,7336011,Brücken (Pfalz),66904,Landkreis Kusel,Rheinland-Pfalz
962111,9376117,Bruck i.d.OPf.,92436,Landkreis Schwandorf,Bayern
2190662,9187122,Bruckmühl,83052,Landkreis Rosenheim,Bayern
1075144,7233208,Brücktal,53539,Landkreis Vulkaneifel,Rheinland-Pfalz
449949,13076020,Brüel,19412,Landkreis Ludwigslust-Parchim,Mecklenburg-Vorpommern
548515,1058033,Brügge,24582,Kreis Rendsburg-Eckernförde,Schleswig-Holstein
88741,5166004,Brüggen,41379,Kreis Viersen,Nordrhein-Westfalen
168481,5362012,Brühl,50321,Rhein-Erft-Kreis,Nordrhein-Westfalen
454167,8226009,Brühl,68782,Rhein-Neckar-Kreis,Baden-Württemberg
965013,9375122,Brunn,93164,Landkreis Regensburg,Bayern
1419832,13071019,Brunn,17039,Landkreis Mecklenburgische Seenplatte,Mecklenburg-Vorpommern
943707,9185123,Brunnen,86564,Landkreis Neuburg-Schrobenhausen,Bayern
539954,9184114,Brunnthal,85649,Landkreis München,Bayern
1263896,16069006,Brünn/Thür.,98673,Landkreis Hildburghausen,Thüringen
1451532,13076021,Brunow,19357,Landkreis Ludwigslust-Parchim,Mecklenburg-Vorpommern
1451532,13076021,Brunow,19372,Landkreis Ludwigslust-Parchim,Mecklenburg-Vorpommern
454244,1062088,Brunsbek,22946,Kreis Stormarn,Schleswig-Holstein
935134,1051011,Brunsbüttel,25541,Kreis Dithmarschen,Schleswig-Holstein
1471554,1053016,Brunsmark,23883,Kreis Herzogtum Lauenburg,Schleswig-Holstein
331249,1053017,Brunstorf,21524,Kreis Herzogtum Lauenburg,Schleswig-Holstein
953022,13075018,Brünzow,17509,Landkreis Vorpommern-Greifswald,Mecklenburg-Vorpommern
1244117,7133201,Bruschied,55606,Landkreis Bad Kreuznach,Rheinland-Pfalz
1444872,13074012,Brüsewitz,19071,Landkreis Nordwestmecklenburg,Mecklenburg-Vorpommern
1334119,12073085,Brüssow,17326,Landkreis Uckermark,Brandenburg
1259315,7135017,Bruttig-Fankel,56814,Landkreis Cochem-Zell,Rheinland-Pfalz
1241651,7140020,Bubach,56288,Rhein-Hunsrück-Kreis,Rheinland-Pfalz
1245802,7339008,Bubenheim,55270,Landkreis Mainz-Bingen,Rheinland-Pfalz
1254388,7333012,Bubenheim,67308,Donnersbergkreis,Rheinland-Pfalz
1016513,9572119,Bubenreuth,91088,Landkreis Erlangen-Höchstadt,Bayern
964471,9774118,Bubesheim,89347,Landkreis Günzburg,Bayern
1246779,7336012,Buborn,67742,Landkreis Kusel,Rheinland-Pfalz
1231953,8327007,Bubsheim,78585,Landkreis Tuttlingen,Baden-Württemberg
540447,7141019,Buch,56357,Rhein-Lahn-Kreis,Rheinland-Pfalz
941086,9775118,Buch,89290,Landkreis Neu-Ulm,Bayern
1204722,7140021,Buch,56290,Rhein-Hunsrück-Kreis,Rheinland-Pfalz
2778360,16074008,Bucha,07751,Saale-Holzland-Kreis,Thüringen
934745,9177114,Buch am Buchrain,85656,Landkreis Erding,Bayern
190922,9274121,Buch am Erlbach,84172,Landkreis Landshut,Bayern
534083,9571125,Buch am Wald,91592,Landkreis Ansbach,Bayern
940862,9183114,Buchbach,84428,Landkreis Mühldorf am Inn,Bayern
283562,9675114,Buchbrunn,97320,Landkreis Kitzingen,Bayern
962385,9779126,Buchdorf,86675,Landkreis Donau-Ries,Bayern
1269803,7135018,Büchel,56823,Landkreis Cochem-Zell,Rheinland-Pfalz
2410081,16068005,Büchel,99638,Landkreis Sömmerda,Thüringen
1476083,1053020,Büchen,21514,Kreis Herzogtum Lauenburg,Schleswig-Holstein
308237,8315020,Buchenbach,79256,Landkreis Breisgau-Hochschwarzwald,Baden-Württemberg
158250,9576117,Büchenbach,91186,Landkreis Roth,Bayern
957769,9780117,Buchenberg,87474,Landkreis Oberallgäu,Bayern
961102,7140024,Büchenbeuren,55491,Rhein-Hunsrück-Kreis,Rheinland-Pfalz
403730,8225014,Buchen (Odenwald),74722,Neckar-Odenwald-Kreis,Baden-Württemberg
1108067,7232208,Buchet,54608,Eifelkreis Bitburg-Prüm,Rheinland-Pfalz
2856989,16071009,Buchfart,99438,Landkreis Weimarer Land,Thüringen
1231955,8327008,Buchheim,78567,Landkreis Tuttlingen,Baden-Württemberg
1231955,8327008,Buchheim,88637,Landkreis Tuttlingen,Baden-Württemberg
959806,9271118,Buchhofen,94533,Landkreis Deggendorf,Bayern
943942,1051012,Buchholz,25712,Kreis Dithmarschen,Schleswig-Holstein
1169365,3257008,Buchholz,31710,Landkreis Schaumburg,Niedersachsen
1469263,1053018,Buchholz,23911,Kreis Herzogtum Lauenburg,Schleswig-Holstein
1593428,13071020,Buchholz,17209,Landkreis Mecklenburgische Seenplatte,Mecklenburg-Vorpommern
1808861,3358005,Buchholz (Aller),29690,Landkreis Heidekreis,Niedersachsen
111406,3353005,Buchholz in der Nordheide,21244,Landkreis Harburg,Niedersachsen
443468,7138080,Buchholz (Westerwald),53567,Landkreis Neuwied,Rheinland-Pfalz
1469084,1053019,Buchhorst,21481,Kreis Herzogtum Lauenburg,Schleswig-Holstein
958123,9275119,Büchlberg,94124,Landkreis Passau,Bayern
442789,9777121,Buchloe,86807,Landkreis Ostallgäu,Bayern
946001,12069089,Buckautal,14793,Landkreis Potsdam-Mittelmark,Brandenburg
1169355,3257009,Bückeburg,31675,Landkreis Schaumburg,Niedersachsen
1183271,3256003,Bücken,27333,Landkreis Nienburg/Weser,Niedersachsen
1016514,9572120,Buckenhof,91054,Landkreis Erlangen-Höchstadt,Bayern
1332899,12064084,Buckow,15377,Landkreis Märkisch-Oderland,Brandenburg
548571,1058034,Büdelsdorf,24782,Kreis Rendsburg-Eckernförde,Schleswig-Holstein
1241633,7140023,Budenbach,55469,Rhein-Hunsrück-Kreis,Rheinland-Pfalz
660348,7339009,Budenheim,55257,Landkreis Mainz-Bingen,Rheinland-Pfalz
1108071,7232209,Büdesheim,54610,Eifelkreis Bitburg-Prüm,Rheinland-Pfalz
55158,6440004,Büdingen,63654,Wetteraukreis,Hessen
1258422,7231203,Büdlich,54426,Landkreis Bernkastel-Wittlich,Rheinland-Pfalz
1432544,13075020,Bugewitz,17398,Landkreis Vorpommern-Greifswald,Mecklenburg-Vorpommern
1432366,13075021,Buggenhagen,17440,Landkreis Vorpommern-Greifswald,Mecklenburg-Vorpommern
271661,8315022,Buggingen,79426,Landkreis Breisgau-Hochschwarzwald,Baden-Württemberg
1188919,8216007,Bühl,77815,Landkreis Rastatt,Baden-Württemberg
2395783,16061019,Buhla,37339,Landkreis Eichsfeld,Thüringen
1244278,7134016,Buhlenberg,55767,Landkreis Birkenfeld,Rheinland-Pfalz
1188924,8216008,Bühlertal,77830,Landkreis Rastatt,Baden-Württemberg
391359,8127012,Bühlertann,74424,Landkreis Schwäbisch Hall,Baden-Württemberg
391360,8127013,Bühlerzell,74426,Landkreis Schwäbisch Hall,Baden-Württemberg
422816,1060015,Bühnsdorf,23845,Kreis Segeberg,Schleswig-Holstein
1399088,3159008,Bühren,37127,Landkreis Göttingen,Niedersachsen
1180881,3352008,Bülkau,21782,Landkreis Cuxhaven,Niedersachsen
1269725,7135019,Bullay,56859,Landkreis Cochem-Zell,Rheinland-Pfalz
443953,1056011,Bullenkuhlen,25355,Kreis Pinneberg,Schleswig-Holstein
449908,13076023,Bülow,19089,Landkreis Ludwigslust-Parchim,Mecklenburg-Vorpommern
965607,3357010,Bülstedt,27412,Landkreis Rotenburg (Wümme),Niedersachsen
1286663,15083115,Bülstringen,39345,Landkreis Börde,Sachsen-Anhalt
1255784,3457024,Bunde,26831,Landkreis Leer,Niedersachsen
147447,5758004,Bünde,32257,Kreis Herford,Nordrhein-Westfalen
1245095,7134017,Bundenbach,55626,Landkreis Birkenfeld,Rheinland-Pfalz
1251113,7340502,Bundenthal,76891,Landkreis Südwestpfalz,Rheinland-Pfalz
388770,9674120,Bundorf,97494,Landkreis Haßberge,Bayern
550775,1058035,Bünsdorf,24794,Kreis Rendsburg-Eckernförde,Schleswig-Holstein
443121,1051015,Bunsoh,25767,Kreis Dithmarschen,Schleswig-Holstein
163258,5970008,Burbach,57299,Kreis Siegen-Wittgenstein,Nordrhein-Westfalen
1140568,7232210,Burbach,54597,Eifelkreis Bitburg-Prüm,Rheinland-Pfalz
415012,7132015,Bürdenbach,56593,Landkreis Altenkirchen,Rheinland-Pfalz
146479,5774016,Büren,33142,Kreis Paderborn,Nordrhein-Westfalen
154557,15086015,Burg,39288,Landkreis Jerichower Land,Sachsen-Anhalt
1171866,7232022,Burg,54646,Eifelkreis Bitburg-Prüm,Rheinland-Pfalz
964473,9774121,Burgau,89331,Landkreis Günzburg,Bayern
957861,9780118,Burgberg i.Allgäu,87545,Landkreis Oberallgäu,Bayern
356766,9575115,Burgbernheim,91593,Landkreis Neustadt an der Aisch-Bad Windsheim,Bayern
1050575,7131202,Burgbrohl,56659,Landkreis Ahrweiler,Rheinland-Pfalz
943896,1051016,Burg (Dithmarschen),25712,Kreis Dithmarschen,Schleswig-Holstein
59419,3241003,Burgdorf,31303,Region Hannover,Niedersachsen
1432650,3158004,Burgdorf,38272,Landkreis Wolfenbüttel,Niedersachsen
1077539,9471120,Burgebrach,96138,Landkreis Bamberg,Bayern
2778361,16074009,Bürgel,07616,Saale-Holzland-Kreis,Thüringen
546627,7137206,Burgen,56332,Landkreis Mayen-Koblenz,Rheinland-Pfalz
1258370,7231016,Burgen,54472,Landkreis Bernkastel-Wittlich,Rheinland-Pfalz
936754,9190118,Burggen,86977,Landkreis Weilheim-Schongau,Bayern
356990,9575116,Burghaslach,96152,Landkreis Neustadt an der Aisch-Bad Windsheim,Bayern
454868,6631002,Burghaun,36151,Landkreis Fulda,Hessen
942044,9171112,Burghausen,84489,Landkreis Altötting,Bayern
943668,9185125,Burgheim,86666,Landkreis Neuburg-Schrobenhausen,Bayern
942047,9171113,Burgkirchen an der Alz,84508,Landkreis Altötting,Bayern
1026853,9478116,Burgkunstadt,96224,Landkreis Lichtenfels,Bayern
415009,7132016,Burglahr,57632,Landkreis Altenkirchen,Rheinland-Pfalz
387468,9673186,Burglauer,97724,Landkreis Rhön-Grabfeld,Bayern
962186,9376119,Burglengenfeld,93133,Landkreis Schwandorf,Bayern
1261697,7231014,Burg (Mosel),56843,Landkreis Bernkastel-Wittlich,Rheinland-Pfalz
534395,9571127,Burgoberbach,91595,Landkreis Ansbach,Bayern
388836,9674121,Burgpreppach,97496,Landkreis Haßberge,Bayern
2801020,8426028,Burgrieden,88483,Landkreis Biberach,Baden-Württemberg
1015146,9577120,Burgsalach,91790,Landkreis Weißenburg-Gunzenhausen,Bayern
538929,7141020,Burgschwalbach,65558,Rhein-Lahn-Kreis,Rheinland-Pfalz
349935,9677122,Burgsinn,97775,Landkreis Main-Spessart,Bayern
1244233,7133019,Burgsponheim,55595,Landkreis Bad Kreuznach,Rheinland-Pfalz
1322838,12071032,Burg (Spreewald),03096,Landkreis Spree-Neiße,Brandenburg
414481,14522060,Burgstädt,09217,Landkreis Mittelsachsen,Sachsen
393539,9676116,Bürgstadt,63927,Landkreis Miltenberg,Bayern
1286648,15083120,Burgstall,39517,Landkreis Börde,Sachsen-Anhalt
1419900,13071021,Burg Stargard,17094,Landkreis Mecklenburgische Seenplatte,Mecklenburg-Vorpommern
400934,8119018,Burgstetten,71576,Rems-Murr-Kreis,Baden-Württemberg
966147,9574117,Burgthann,90559,Landkreis Nürnberger Land,Bayern
443592,6635006,Burgwald,35099,Landkreis Waldeck-Frankenberg,Hessen
2395983,16061021,Burgwalde,37318,Landkreis Eichsfeld,Thüringen
1177824,3241004,Burgwedel,30938,Region Hannover,Niedersachsen
1077564,9471122,Burgwindheim,96154,Landkreis Bamberg,Bayern
534185,9571128,Burk,91596,Landkreis Ansbach,Bayern
384334,9672117,Burkardroth,97705,Landkreis Bad Kissingen,Bayern
1307624,14625060,Burkau - Porchow,01906,Landkreis Bautzen,Sachsen
536008,14521120,Burkhardtsdorf,09235,Erzgebirgskreis,Sachsen
2778959,8417013,Burladingen,72393,Zollernalbkreis,Baden-Württemberg
1427898,13071022,Burow,17089,Landkreis Mecklenburgische Seenplatte,Mecklenburg-Vorpommern
1252462,7337015,Burrweiler,76835,Landkreis Südliche Weinstraße,Rheinland-Pfalz
173096,5378008,Burscheid,51399,Rheinisch-Bergischer Kreis,Nordrhein-Westfalen
537049,6431005,Bürstadt,68642,Kreis Bergstraße,Hessen
964145,9774122,Burtenbach,89349,Landkreis Günzburg,Bayern
1258423,7231017,Burtscheid,54424,Landkreis Bernkastel-Wittlich,Rheinland-Pfalz
445756,3359009,Burweg,21709,Landkreis Stade,Niedersachsen
1437548,13073014,Buschvitz,18528,Landkreis Vorpommern-Rügen,Mecklenburg-Vorpommern
1157532,1059018,Busdorf,24866,Kreis Schleswig-Flensburg,Schleswig-Holstein
418616,6531003,Buseck,35418,Landkreis Gießen,Hessen
1251115,7340002,Busenberg,66996,Landkreis Südwestpfalz,Rheinland-Pfalz
1251115,7340002,Busenberg,76891,Landkreis Südwestpfalz,Rheinland-Pfalz
418881,7132017,Busenhausen,57612,Landkreis Altenkirchen,Rheinland-Pfalz
417591,1051017,Busenwurth,25719,Kreis Dithmarschen,Schleswig-Holstein
2785126,8335015,Büsingen am Hochrhein,78266,Landkreis Konstanz,Baden-Württemberg
447160,1051013,Büsum,25761,Kreis Dithmarschen,Schleswig-Holstein
447159,1051014,Büsumer Deichhausen,25761,Kreis Dithmarschen,Schleswig-Holstein
548618,3461003,Butjadingen,26969,Landkreis Wesermarsch,Niedersachsen
1424145,13071023,Bütow,17209,Landkreis Mecklenburgische Seenplatte,Mecklenburg-Vorpommern
448012,1061020,Büttel,25572,Kreis Steinburg,Schleswig-Holstein
444528,6433003,Büttelborn,64572,Kreis Groß-Gerau,Hessen
1077540,9471123,Buttenheim,96155,Landkreis Bamberg,Bayern
956963,9773122,Buttenwiesen,86647,Landkreis Dillingen an der Donau,Bayern
162332,9679122,Bütthard,97244,Landkreis Würzburg,Bayern
2898841,16063011,Buttlar,36419,Wartburgkreis,Thüringen
2410076,16068063,Buttstädt,99628,Landkreis Sömmerda,Thüringen
2515188,16061018,Büttstedt,37359,Landkreis Eichsfeld,Thüringen
385683,6440005,Butzbach,35510,Wetteraukreis,Hessen
1432548,13075022,Butzow,17392,Landkreis Vorpommern-Greifswald,Mecklenburg-Vorpommern
1959687,13072020,Bützow,18246,Landkreis Rostock,Mecklenburg-Vorpommern
114083,9778123,Buxheim,87740,Landkreis Unterallgäu,Bayern
943562,9176118,Buxheim,85114,Landkreis Eichstätt,Bayern
279078,3359010,Buxtehude,21614,Landkreis Stade,Niedersachsen
1388878,12061061,Byhleguhre-Byhlen,15913,Landkreis Dahme-Spreewald,Brandenburg
532370,7143007,Caan,56237,Westerwaldkreis,Rheinland-Pfalz
2786726,16076012,Caaschwitz,07586,Landkreis Greiz,Thüringen
6683573,3352063,Cadenberge,21781,Landkreis Cuxhaven,Niedersachsen
1016404,9573114,Cadolzburg,90556,Landkreis Fürth,Bayern
1322899,12066052,Calau,03205,Landkreis Oberspreewald-Lausitz,Brandenburg
1357630,3151006,Calberlah,38547,Landkreis Gifhorn,Niedersachsen
69745,15089055,Calbe (Saale),39240,Salzlandkreis,Sachsen-Anhalt
455491,6633005,Calden,34379,Landkreis Kassel,Hessen
1244059,7133020,Callbach,67829,Landkreis Bad Kreuznach,Rheinland-Pfalz
401849,14524020,Callenberg,09337,Landkreis Zwickau,Sachsen
1286649,15083125,Calvörde,39359,Landkreis Börde,Sachsen-Anhalt
1286649,15083125,Calvörde,39638,Landkreis Börde,Sachsen-Anhalt
403710,8235085,Calw,75365,Landkreis Calw,Baden-Württemberg
449938,13076024,Cambs,19067,Landkreis Ludwigslust-Parchim,Mecklenburg-Vorpommern
393335,13072021,Cammin,18195,Landkreis Rostock,Mecklenburg-Vorpommern
1109685,3453003,Cappeln (Oldenburg),49692,Landkreis Cloppenburg,Niedersachsen
394335,13072022,Carinerland,18233,Landkreis Rostock,Mecklenburg-Vorpommern
1444898,13074013,Carlow,19217,Landkreis Nordwestmecklenburg,Mecklenburg-Vorpommern
1249752,7332007,Carlsberg,67316,Landkreis Bad Dürkheim,Rheinland-Pfalz
1334085,12073093,Carmzow-Wallmow,17291,Landkreis Uckermark,Brandenburg
1419603,13071025,Carpin,17237,Landkreis Mecklenburgische Seenplatte,Mecklenburg-Vorpommern
1334120,12073097,Casekow,16306,Landkreis Uckermark,Brandenburg
283690,9675116,Castell,97355,Landkreis Kitzingen,Bayern
56664,5562004,Castrop-Rauxel,44575,Kreis Recklinghausen,Nordrhein-Westfalen
56664,5562004,Castrop-Rauxel,44577,Kreis Recklinghausen,Nordrhein-Westfalen
56664,5562004,Castrop-Rauxel,44579,Kreis Recklinghausen,Nordrhein-Westfalen
56664,5562004,Castrop-Rauxel,44581,Kreis Recklinghausen,Nordrhein-Westfalen
535242,14730050,Cavertitz,04758,Landkreis Nordsachsen,Sachsen
1797918,3351006,Celle,29221,Landkreis Celle,Niedersachsen
1797918,3351006,Celle,29223,Landkreis Celle,Niedersachsen
1797918,3351006,Celle,29225,Landkreis Celle,Niedersachsen
1797918,3351006,Celle,29227,Landkreis Celle,Niedersachsen
1797918,3351006,Celle,29229,Landkreis Celle,Niedersachsen
960533,9372116,Cham,93413,Landkreis Cham,Bayern
961936,9372117,Chamerau,93466,Landkreis Cham,Bayern
537137,7141021,Charlottenberg,56379,Rhein-Lahn-Kreis,Rheinland-Pfalz
62594,14511000,Chemnitz,09111,,Sachsen
62594,14511000,Chemnitz,09112,,Sachsen
62594,14511000,Chemnitz,09113,,Sachsen
62594,14511000,Chemnitz,09114,,Sachsen
62594,14511000,Chemnitz,09116,,Sachsen
62594,14511000,Chemnitz,09117,,Sachsen
62594,14511000,Chemnitz,09119,,Sachsen
62594,14511000,Chemnitz,09120,,Sachsen
62594,14511000,Chemnitz,09122,,Sachsen
62594,14511000,Chemnitz,09123,,Sachsen
62594,14511000,Chemnitz,09125,,Sachsen
62594,14511000,Chemnitz,09126,,Sachsen
62594,14511000,Chemnitz,09127,,Sachsen
62594,14511000,Chemnitz,09128,,Sachsen
62594,14511000,Chemnitz,09130,,Sachsen
62594,14511000,Chemnitz,09131,,Sachsen
62594,14511000,Chemnitz,09224,,Sachsen
62594,14511000,Chemnitz,09228,,Sachsen
62594,14511000,Chemnitz,09247,,Sachsen
941738,9189114,Chieming,83339,Landkreis Traunstein,Bayern
2168239,9187123,Chiemsee,83209,Landkreis Rosenheim,Bayern
2168239,9187123,Chiemsee,83256,Landkreis Rosenheim,Bayern
1318330,12060045,Chorin,16230,Landkreis Barnim,Brandenburg
2828120,16066015,Christes,98547,Landkreis Schmalkalden-Meiningen,Thüringen
556652,1058036,Christiansholm,24799,Kreis Rendsburg-Eckernförde,Schleswig-Holstein
450066,1061021,Christinenthal,25593,Kreis Steinburg,Schleswig-Holstein
1251062,7340003,Clausen,66978,Landkreis Südwestpfalz,Rheinland-Pfalz
414483,14522070,Claußnitz,09236,Landkreis Mittelsachsen,Sachsen
1421436,3153018,Clausthal-Zellerfeld,38667,Landkreis Goslar,Niedersachsen
1421436,3153018,Clausthal-Zellerfeld,38678,Landkreis Goslar,Niedersachsen
1421436,3153018,Clausthal-Zellerfeld,38707,Landkreis Goslar,Niedersachsen
1421436,3153018,Clausthal-Zellerfeld,38709,Landkreis Goslar,Niedersachsen
410503,8125017,Cleebronn,74389,Landkreis Heilbronn,Baden-Württemberg
1821912,3354002,Clenze,29459,Landkreis Lüchow-Dannenberg,Niedersachsen
2388859,16065012,Clingen,99718,Kyffhäuserkreis,Thüringen
1109686,3453004,Cloppenburg,49661,Landkreis Cloppenburg,Niedersachsen
62717,9463000,Coburg,96450,,Bayern
1259317,7135020,Cochem,56812,Landkreis Cochem-Zell,Rheinland-Pfalz
157769,5558012,Coesfeld,48653,Kreis Coesfeld,Nordrhein-Westfalen
225490,6534006,Cölbe,35091,Landkreis Marburg-Biedenkopf,Hessen
1286650,15083130,Colbitz,39326,Landkreis Börde,Sachsen-Anhalt
422336,14729080,Colditz,04680,Landkreis Leipzig,Sachsen
394507,9676117,Collenberg,97896,Landkreis Miltenberg,Bayern
394507,9676117,Collenberg,97903,Landkreis Miltenberg,Bayern
534189,9571130,Colmberg,91598,Landkreis Ansbach,Bayern
2012318,3458002,Colnrade,27243,Landkreis Oldenburg,Niedersachsen
1419898,13071026,Cölpin,17094,Landkreis Mecklenburgische Seenplatte,Mecklenburg-Vorpommern
1250686,7340206,Contwig,66497,Landkreis Südwestpfalz,Rheinland-Pfalz
367050,3252004,Coppenbrügge,31863,Landkreis Hameln-Pyrmont,Niedersachsen
238956,6632005,Cornberg,36219,Landkreis Hersfeld-Rotenburg,Hessen
207975,14627010,Coswig,01640,Landkreis Meißen,Sachsen
934599,15091060,Coswig (Anhalt),06868,Landkreis Wittenberg,Sachsen-Anhalt
934599,15091060,Coswig (Anhalt),06869,Landkreis Wittenberg,Sachsen-Anhalt
62430,12052000,Cottbus - Chóśebuz,03042,,Brandenburg
62430,12052000,Cottbus - Chóśebuz,03044,,Brandenburg
62430,12052000,Cottbus - Chóśebuz,03046,,Brandenburg
62430,12052000,Cottbus - Chóśebuz,03048,,Brandenburg
62430,12052000,Cottbus - Chóśebuz,03050,,Brandenburg
62430,12052000,Cottbus - Chóśebuz,03051,,Brandenburg
62430,12052000,Cottbus - Chóśebuz,03052,,Brandenburg
62430,12052000,Cottbus - Chóśebuz,03053,,Brandenburg
62430,12052000,Cottbus - Chóśebuz,03054,,Brandenburg
62430,12052000,Cottbus - Chóśebuz,03055,,Brandenburg
390790,8127014,Crailsheim,74564,Landkreis Schwäbisch Hall,Baden-Württemberg
390790,8127014,Crailsheim,74597,Landkreis Schwäbisch Hall,Baden-Württemberg
537138,7141022,Cramberg,65558,Rhein-Lahn-Kreis,Rheinland-Pfalz
1432657,3158005,Cramme,38312,Landkreis Wolfenbüttel,Niedersachsen
1444884,13074014,Cramonshagen,19071,Landkreis Nordwestmecklenburg,Mecklenburg-Vorpommern
402690,8128020,Creglingen,97993,Main-Tauber-Kreis,Baden-Württemberg
1432639,3158006,Cremlingen,38162,Landkreis Wolfenbüttel,Niedersachsen
1070990,9472127,Creußen,95473,Landkreis Bayreuth,Bayern
2788808,16076014,Crimla,07557,Landkreis Greiz,Thüringen
417074,14524030,Crimmitschau,08451,Landkreis Zwickau,Sachsen
1303793,12062088,Crinitz,03246,Landkreis Elbe-Elster,Brandenburg
417712,14524040,Crinitzberg,08147,Landkreis Zwickau,Sachsen
449933,13076025,Crivitz,19089,Landkreis Ludwigslust-Parchim,Mecklenburg-Vorpommern
1246782,7336013,Cronenberg,67744,Landkreis Kusel,Rheinland-Pfalz
2778362,16074012,Crossen an der Elster,07613,Saale-Holzland-Kreis,Thüringen
1307667,14625080,Crostwitz - Chrósćicy,01920,Landkreis Bautzen,Sachsen
536635,14521130,Crottendorf,09474,Erzgebirgskreis,Sachsen
1289809,12070060,Cumlosen,19322,Landkreis Prignitz,Brandenburg
1309661,14625090,Cunewalde,02733,Landkreis Bautzen,Sachsen
1273295,16073013,Cursdorf,98744,Landkreis Saalfeld-Rudolstadt,Thüringen
1518688,3352011,Cuxhaven,27472,Landkreis Cuxhaven,Niedersachsen
1518688,3352011,Cuxhaven,27474,Landkreis Cuxhaven,Niedersachsen
1518688,3352011,Cuxhaven,27476,Landkreis Cuxhaven,Niedersachsen
1518688,3352011,Cuxhaven,27478,Landkreis Cuxhaven,Niedersachsen
421951,7132018,Daaden,57567,Landkreis Altenkirchen,Rheinland-Pfalz
449937,13076026,Dabel,19406,Landkreis Ludwigslust-Parchim,Mecklenburg-Vorpommern
1302363,12068072,Dabergotz,16818,Landkreis Ostprignitz-Ruppin,Brandenburg
1427542,13075023,Daberkow,17129,Landkreis Vorpommern-Greifswald,Mecklenburg-Vorpommern
934468,9174115,Dachau,85221,Landkreis Dachau,Bayern
451741,9575117,Dachsbach,91462,Landkreis Neustadt an der Aisch-Bad Windsheim,Bayern
1240387,8337027,Dachsberg (Südschwarzwald),79837,Landkreis Waldshut,Baden-Württemberg
1240387,8337027,Dachsberg (Südschwarzwald),79875,Landkreis Waldshut,Baden-Württemberg
536239,7141023,Dachsenhausen,56340,Rhein-Lahn-Kreis,Rheinland-Pfalz
2817222,16067009,Dachwig,99100,Landkreis Gotha,Thüringen
1249950,7332008,Dackenheim,67273,Landkreis Bad Dürkheim,Rheinland-Pfalz
1113742,7232211,Dackscheid,54649,Eifelkreis Bitburg-Prüm,Rheinland-Pfalz
1420450,1054022,Dagebüll,25899,Kreis Nordfriesland,Schleswig-Holstein
447345,1061022,Dägeling,25578,Kreis Steinburg,Schleswig-Holstein
158155,5366012,Dahlem,53949,Kreis Euskirchen,Nordrhein-Westfalen
1152673,7232024,Dahlem,54636,Eifelkreis Bitburg-Prüm,Rheinland-Pfalz
1895692,3355012,Dahlem,21368,Landkreis Lüneburg,Niedersachsen
535251,14730060,Dahlen,04774,Landkreis Nordsachsen,Sachsen
1678375,3355013,Dahlenburg,21368,Landkreis Lüneburg,Niedersachsen
539904,7141024,Dahlheim,56348,Rhein-Lahn-Kreis,Rheinland-Pfalz
1432628,3158007,Dahlum,38170,Landkreis Wolfenbüttel,Niedersachsen
382426,1055010,Dahme,23747,Kreis Ostholstein,Schleswig-Holstein
422441,12072053,Dahme/Mark,15936,Landkreis Teltow-Fläming,Brandenburg
1979183,13072023,Dahmen,17166,Landkreis Rostock,Mecklenburg-Vorpommern
422440,12072055,Dahmetal,15936,Landkreis Teltow-Fläming,Brandenburg
1466071,1053021,Dahmker,22946,Kreis Herzogtum Lauenburg,Schleswig-Holstein
1251119,7340004,Dahn,66994,Landkreis Südwestpfalz,Rheinland-Pfalz
1113733,7232212,Dahnen,54689,Eifelkreis Bitburg-Prüm,Rheinland-Pfalz
1285613,15081095,Dähre,29413,Altmarkkreis Salzwedel,Sachsen-Anhalt
2806597,8435010,Daisendorf,88718,Bodenseekreis,Baden-Württemberg
962388,9779129,Daiting,86653,Landkreis Donau-Ries,Bayern
1244217,7133021,Dalberg,55595,Landkreis Bad Kreuznach,Rheinland-Pfalz
1444905,13074015,Dalberg-Wendelstorf,19071,Landkreis Nordwestmecklenburg,Mecklenburg-Vorpommern
422878,1060016,Daldorf,24635,Kreis Segeberg,Schleswig-Holstein
1113766,7232213,Daleiden,54689,Eifelkreis Bitburg-Prüm,Rheinland-Pfalz
1245833,7339010,Dalheim,55278,Landkreis Mainz-Bingen,Rheinland-Pfalz
1996946,13072024,Dalkendorf,17166,Landkreis Rostock,Mecklenburg-Vorpommern
1467752,1053022,Dalldorf,21483,Kreis Herzogtum Lauenburg,Schleswig-Holstein
1177176,12063056,Dallgow-Döberitz,14624,Landkreis Havelland,Brandenburg
1246409,7134018,Dambach,55765,Landkreis Birkenfeld,Rheinland-Pfalz
1451510,13076027,Dambeck,19357,Landkreis Ludwigslust-Parchim,Mecklenburg-Vorpommern
548613,1058039,Damendorf,24361,Kreis Rendsburg-Eckernförde,Schleswig-Holstein
1257085,7235014,Damflos,54413,Landkreis Trier-Saarburg,Rheinland-Pfalz
382416,1055011,Damlos,23738,Kreis Ostholstein,Schleswig-Holstein
387717,9671160,Dammbach,63874,Landkreis Aschaffenburg,Bayern
1398889,3460002,Damme,49401,Landkreis Vechta,Niedersachsen
448021,1061023,Dammfleth,25554,Kreis Steinburg,Schleswig-Holstein
448021,1061023,Dammfleth,25573,Kreis Steinburg,Schleswig-Holstein
1821764,3354003,Damnatz,29472,Landkreis Lüchow-Dannenberg,Niedersachsen
554528,1058040,Damp,24351,Kreis Rendsburg-Eckernförde,Schleswig-Holstein
1190011,7140025,Damscheid,55432,Rhein-Hunsrück-Kreis,Rheinland-Pfalz
411624,1060017,Damsdorf,23824,Kreis Segeberg,Schleswig-Holstein
1479685,13074016,Damshagen,23936,Landkreis Nordwestmecklenburg,Mecklenburg-Vorpommern
1479685,13074016,Damshagen,23948,Landkreis Nordwestmecklenburg,Mecklenburg-Vorpommern
554639,1058037,Dänischenhagen,24229,Kreis Rendsburg-Eckernförde,Schleswig-Holstein
1060425,7131015,Dankerath,53520,Landkreis Ahrweiler,Rheinland-Pfalz
288960,1057013,Dannau,24329,Kreis Plön,Schleswig-Holstein
1446664,3154004,Danndorf,38461,Landkreis Helmstedt,Niedersachsen
1821329,3354004,Dannenberg,29451,Landkreis Lüchow-Dannenberg,Niedersachsen
1254056,7333013,Dannenfels,67814,Donnersbergkreis,Rheinland-Pfalz
1157536,1059019,Dannewerk,24867,Kreis Schleswig-Flensburg,Schleswig-Holstein
422700,7338006,Dannstadt-Schauernheim,67125,Rhein-Pfalz-Kreis,Rheinland-Pfalz
1432581,13075025,Dargelin,17498,Landkreis Vorpommern-Greifswald,Mecklenburg-Vorpommern
1433100,13075026,Dargen,17419,Landkreis Vorpommern-Greifswald,Mecklenburg-Vorpommern
1433100,13075026,Dargen,17429,Landkreis Vorpommern-Greifswald,Mecklenburg-Vorpommern
1427212,13071027,Dargun,17159,Landkreis Mecklenburgische Seenplatte,Mecklenburg-Vorpommern
62581,6411000,Darmstadt,64283,,Hessen
62581,6411000,Darmstadt,64285,,Hessen
62581,6411000,Darmstadt,64287,,Hessen
62581,6411000,Darmstadt,64289,,Hessen
62581,6411000,Darmstadt,64291,,Hessen
62581,6411000,Darmstadt,64293,,Hessen
62581,6411000,Darmstadt,64295,,Hessen
62581,6411000,Darmstadt,64297,,Hessen
1085793,7233014,Darscheid,54552,Landkreis Vulkaneifel,Rheinland-Pfalz
1251074,7340005,Darstein,76848,Landkreis Südwestpfalz,Rheinland-Pfalz
1113755,7232214,Dasburg,54689,Eifelkreis Bitburg-Prüm,Rheinland-Pfalz
163654,9771122,Dasing,86453,Landkreis Aichach-Friedberg,Bayern
156754,3155003,Dassel,37586,Landkreis Northeim,Niedersachsen
158720,1053023,Dassendorf,21521,Kreis Herzogtum Lauenburg,Schleswig-Holstein
1478016,13074017,Dassow,23942,Landkreis Nordwestmecklenburg,Mecklenburg-Vorpommern
548550,1058038,Dätgen,24589,Kreis Rendsburg-Eckernförde,Schleswig-Holstein
63509,5562008,Datteln,45711,Kreis Recklinghausen,Nordrhein-Westfalen
443576,7138009,Dattenberg,53547,Landkreis Neuwied,Rheinland-Pfalz
444275,7138010,Datzeroth,56589,Landkreis Neuwied,Rheinland-Pfalz
1419707,13071028,Datzetal,17099,Landkreis Mecklenburgische Seenplatte,Mecklenburg-Vorpommern
453830,7143008,Daubach,56412,Westerwaldkreis,Rheinland-Pfalz
1244168,7133022,Daubach,55566,Landkreis Bad Kreuznach,Rheinland-Pfalz
1242303,8326010,Dauchingen,78083,Schwarzwald-Baar-Kreis,Baden-Württemberg
971034,7233501,Daun,54550,Landkreis Vulkaneifel,Rheinland-Pfalz
535688,7141025,Dausenau,56132,Rhein-Lahn-Kreis,Rheinland-Pfalz
2780875,8417014,Dautmergen,72356,Zollernalbkreis,Baden-Württemberg
225488,6534007,Dautphetal,35232,Landkreis Marburg-Biedenkopf,Hessen
1171849,7232025,Dauwelshausen,54673,Eifelkreis Bitburg-Prüm,Rheinland-Pfalz
1243990,7133023,Daxweiler,55442,Landkreis Bad Kreuznach,Rheinland-Pfalz
1444883,13074018,Dechow,19217,Landkreis Nordwestmecklenburg,Mecklenburg-Vorpommern
722155,8115010,Deckenpfronn,75392,Landkreis Böblingen,Baden-Württemberg
1392689,3151007,Dedelstorf,29386,Landkreis Gifhorn,Niedersachsen
1050574,7131016,Dedenbach,53426,Landkreis Ahrweiler,Rheinland-Pfalz
2011074,3255007,Deensen,37627,Landkreis Holzminden,Niedersachsen
1273294,16073014,Deesbach,98744,Landkreis Saalfeld-Rudolstadt,Thüringen
532371,7143009,Deesen,56237,Westerwaldkreis,Rheinland-Pfalz
959809,9271119,Deggendorf,94469,Landkreis Deggendorf,Bayern
2783887,8435067,Deggenhausertal,88693,Bodenseekreis,Baden-Württemberg
2772181,8117014,Deggingen,73312,Landkreis Göppingen,Baden-Württemberg
2772181,8117014,Deggingen,73326,Landkreis Göppingen,Baden-Württemberg
1249974,7332009,Deidesheim,67146,Landkreis Bad Dürkheim,Rheinland-Pfalz
1249974,7332009,Deidesheim,67157,Landkreis Bad Dürkheim,Rheinland-Pfalz
1249974,7332009,Deidesheim,67435,Landkreis Bad Dürkheim,Rheinland-Pfalz
1249974,7332009,Deidesheim,67466,Landkreis Bad Dürkheim,Rheinland-Pfalz
2781622,8327009,Deilingen,78586,Landkreis Tuttlingen,Baden-Württemberg
1246777,7336014,Deimberg,67742,Landkreis Kusel,Rheinland-Pfalz
1028802,9373119,Deining,92364,Landkreis Neumarkt in der Oberpfalz,Bayern
962644,9779130,Deiningen,86738,Landkreis Donau-Ries,Bayern
445845,3359011,Deinste,21717,Landkreis Stade,Niedersachsen
1079019,3357011,Deinstedt,27446,Landkreis Rotenburg (Wümme),Niedersachsen
964147,9774124,Deisenhausen,86489,Landkreis Günzburg,Bayern
943747,8325072,Deißlingen,78652,Landkreis Rottweil,Baden-Württemberg
2792784,8116014,Deizisau,73779,Landkreis Esslingen,Baden-Württemberg
148073,5774020,Delbrück,33129,Kreis Paderborn,Nordrhein-Westfalen
453747,1062014,Delingsdorf,22941,Kreis Stormarn,Schleswig-Holstein
444742,14730070,Delitzsch,04509,Landkreis Nordsachsen,Sachsen
1250690,7340207,Dellfeld,66503,Landkreis Südwestpfalz,Rheinland-Pfalz
1184843,3255008,Delligsen,31073,Landkreis Holzminden,Niedersachsen
966738,1051019,Dellstedt,25786,Kreis Dithmarschen,Schleswig-Holstein
62414,3401000,Delmenhorst,27749,,Niedersachsen
62414,3401000,Delmenhorst,27751,,Niedersachsen
62414,3401000,Delmenhorst,27753,,Niedersachsen
62414,3401000,Delmenhorst,27755,,Niedersachsen
958232,1051020,Delve,25788,Kreis Dithmarschen,Schleswig-Holstein
449932,13076029,Demen,19089,Landkreis Ludwigslust-Parchim,Mecklenburg-Vorpommern
1085819,7233016,Demerath,54552,Landkreis Vulkaneifel,Rheinland-Pfalz
1307622,14625100,Demitz-Thumitz,01877,Landkreis Bautzen,Sachsen
1427221,13071029,Demmin,17109,Landkreis Mecklenburgische Seenplatte,Mecklenburg-Vorpommern
943561,9176120,Denkendorf,85095,Landkreis Eichstätt,Bayern
2793020,8116015,Denkendorf,73770,Landkreis Esslingen,Baden-Württemberg
1231958,8327010,Denkingen,78554,Landkreis Tuttlingen,Baden-Württemberg
1231958,8327010,Denkingen,78588,Landkreis Tuttlingen,Baden-Württemberg
933948,9181113,Denklingen,86920,Landkreis Landsberg am Lech,Bayern
1432672,3158008,Denkte,38321,Landkreis Wolfenbüttel,Niedersachsen
417024,14524050,Dennheritz,08393,Landkreis Zwickau,Sachsen
1246588,7336015,Dennweiler-Frohnbach,66871,Landkreis Kusel,Rheinland-Pfalz
1074567,7233209,Densborn,54570,Landkreis Vulkaneifel,Rheinland-Pfalz
534183,9571132,Dentlein am Forst,91599,Landkreis Ansbach,Bayern
1970186,8316009,Denzlingen,79211,Landkreis Emmendingen,Baden-Württemberg
1184655,3255009,Derental,37691,Landkreis Holzminden,Niedersachsen
2889828,16063015,Dermbach,36466,Wartburgkreis,Thüringen
1021835,7131017,Dernau,53507,Landkreis Ahrweiler,Rheinland-Pfalz
445745,7138011,Dernbach,56307,Landkreis Neuwied,Rheinland-Pfalz
1252773,7337017,Dernbach,76857,Landkreis Südliche Weinstraße,Rheinland-Pfalz
535125,7143010,Dernbach (Westerwald),56428,Westerwaldkreis,Rheinland-Pfalz
310406,1057015,Dersau,24326,Kreis Plön,Schleswig-Holstein
421954,7132019,Derschen,57520,Landkreis Altenkirchen,Rheinland-Pfalz
1432582,13075027,Dersekow,17498,Landkreis Vorpommern-Greifswald,Mecklenburg-Vorpommern
1451579,13076030,Dersenow,19260,Landkreis Ludwigslust-Parchim,Mecklenburg-Vorpommern
1474193,3454007,Dersum,26906,Landkreis Emsland,Niedersachsen
1244062,7133024,Desloch,55592,Landkreis Bad Kreuznach,Rheinland-Pfalz
62526,15001000,Dessau-Roßlau,06842,,Sachsen-Anhalt
62526,15001000,Dessau-Roßlau,06844,,Sachsen-Anhalt
62526,15001000,Dessau-Roßlau,06846,,Sachsen-Anhalt
62526,15001000,Dessau-Roßlau,06847,,Sachsen-Anhalt
62526,15001000,Dessau-Roßlau,06849,,Sachsen-Anhalt
62526,15001000,Dessau-Roßlau,06861,,Sachsen-Anhalt
62526,15001000,Dessau-Roßlau,06862,,Sachsen-Anhalt
540062,7141026,Dessighofen,56357,Rhein-Lahn-Kreis,Rheinland-Pfalz
1187426,3457006,Detern,26847,Landkreis Leer,Niedersachsen
142681,5766020,Detmold,32756,Kreis Lippe,Nordrhein-Westfalen
142681,5766020,Detmold,32758,Kreis Lippe,Nordrhein-Westfalen
142681,5766020,Detmold,32760,Kreis Lippe,Nordrhein-Westfalen
283566,9675117,Dettelbach,97337,Landkreis Kitzingen,Bayern
2778909,8416009,Dettenhausen,72135,Landkreis Tübingen,Baden-Württemberg
659804,8215111,Dettenheim,76706,Landkreis Karlsruhe,Baden-Württemberg
2785880,8337030,Dettighofen,79802,Landkreis Waldshut,Baden-Württemberg
2774074,8415014,Dettingen an der Erms,72581,Landkreis Reutlingen,Baden-Württemberg
2801147,8426031,Dettingen an der Iller,88451,Landkreis Biberach,Baden-Württemberg
2794237,8116016,Dettingen unter Teck,73265,Landkreis Esslingen,Baden-Württemberg
372848,13073015,Dettmannsdorf,18334,Landkreis Vorpommern-Rügen,Mecklenburg-Vorpommern
1432671,3158009,Dettum,38173,Landkreis Wolfenbüttel,Niedersachsen
1255901,7235015,Detzem,54340,Landkreis Trier-Saarburg,Rheinland-Pfalz
1085792,7233017,Deudesfeld,54570,Landkreis Vulkaneifel,Rheinland-Pfalz
965022,9375127,Deuerling,93180,Landkreis Regensburg,Bayern
1258426,7231018,Deuselbach,54411,Landkreis Bernkastel-Wittlich,Rheinland-Pfalz
1378227,3355014,Deutsch Evern,21407,Landkreis Lüneburg,Niedersachsen
422220,14521140,Deutschneudorf,09548,Erzgebirgskreis,Sachsen
1245828,7339011,Dexheim,55278,Landkreis Mainz-Bingen,Rheinland-Pfalz
372852,13073016,Deyelsdorf,18513,Landkreis Vorpommern-Rügen,Mecklenburg-Vorpommern
1258413,7231019,Dhronecken,54426,Landkreis Bernkastel-Wittlich,Rheinland-Pfalz
1241480,7140027,Dichtelbach,55494,Rhein-Hunsrück-Kreis,Rheinland-Pfalz
1588111,3251011,Dickel,49453,Landkreis Diepholz,Niedersachsen
421925,7132020,Dickendorf,57520,Landkreis Altenkirchen,Rheinland-Pfalz
1245196,7140028,Dickenschied,55483,Rhein-Hunsrück-Kreis,Rheinland-Pfalz
1245073,7134019,Dickesbach,55758,Landkreis Birkenfeld,Rheinland-Pfalz
1363680,3151041,Didderse,38530,Landkreis Gifhorn,Niedersachsen
534086,9571134,Diebach,91583,Landkreis Ansbach,Bayern
546630,7137207,Dieblich,56332,Landkreis Mayen-Koblenz,Rheinland-Pfalz
62745,16051000,Erfurt,99096,,Thüringen
452393,6432004,Dieburg,64807,Landkreis Darmstadt-Dieburg,Hessen
443306,9772130,Diedorf,86420,Landkreis Augsburg,Bayern
1258639,7231020,Diefenbach,54538,Landkreis Bernkastel-Wittlich,Rheinland-Pfalz
1168910,3254011,Diekholzen,31199,Landkreis Hildesheim,Niedersachsen
935734,1051021,Diekhusen-Fahrstedt,25709,Kreis Dithmarschen,Schleswig-Holstein
453375,8226010,Dielheim,69234,Rhein-Neckar-Kreis,Baden-Württemberg
1253985,7333014,Dielkirchen,67811,Donnersbergkreis,Rheinland-Pfalz
1184659,3255010,Dielmissen,37633,Landkreis Holzminden,Niedersachsen
199139,6635007,Diemelsee,34519,Landkreis Waldeck-Frankenberg,Hessen
162250,6635008,Diemelstadt,34474,Landkreis Waldeck-Frankenberg,Hessen
540066,7141027,Dienethal,56379,Rhein-Lahn-Kreis,Rheinland-Pfalz
1245832,7339012,Dienheim,55276,Landkreis Mainz-Bingen,Rheinland-Pfalz
1384829,12067112,Diensdorf-Radlow,15864,Landkreis Oder-Spree,Brandenburg
1244274,7134020,Dienstweiler,55765,Landkreis Birkenfeld,Rheinland-Pfalz
1183267,3256004,Diepenau,31603,Landkreis Nienburg/Weser,Niedersachsen
1379354,3251012,Diepholz,49356,Landkreis Diepholz,Niedersachsen
549803,14627020,Diera-Zehren,01665,Landkreis Meißen,Sachsen
1252817,7337018,Dierbach,76889,Landkreis Südliche Weinstraße,Rheinland-Pfalz
444327,7138012,Dierdorf,56269,Landkreis Neuwied,Rheinland-Pfalz
1258888,7231021,Dierfeld,54533,Landkreis Bernkastel-Wittlich,Rheinland-Pfalz
374236,13073017,Dierhagen,18347,Landkreis Vorpommern-Rügen,Mecklenburg-Vorpommern
1259131,7231022,Dierscheid,54523,Landkreis Bernkastel-Wittlich,Rheinland-Pfalz
1285574,15081105,Diesdorf,29413,Altmarkkreis Salzwedel,Sachsen-Anhalt
357015,9575118,Diespeck,91456,Landkreis Neustadt an der Aisch-Bad Windsheim,Bayern
933895,9181114,Dießen am Ammersee,86911,Landkreis Landsberg am Lech,Bayern
2801099,8425028,Dietenheim,89165,Alb-Donau-Kreis,Baden-Württemberg
534273,9571135,Dietenhofen,90599,Landkreis Ansbach,Bayern
2813130,16061023,Dieterode,37318,Landkreis Eichsfeld,Thüringen
957057,9277114,Dietersburg,84378,Landkreis Rottal-Inn,Bayern
357039,9575119,Dietersheim,91463,Landkreis Neustadt an der Aisch-Bad Windsheim,Bayern
961860,9376122,Dieterskirchen,92542,Landkreis Schwandorf,Bayern
1028811,9373121,Dietfurt an der Altmühl,92345,Landkreis Neumarkt in der Oberpfalz,Bayern
540448,7141502,Diethardt,56355,Rhein-Lahn-Kreis,Rheinland-Pfalz
943745,8325011,Dietingen,78661,Landkreis Rottweil,Baden-Württemberg
957646,9780119,Dietmannsried,87463,Landkreis Oberallgäu,Bayern
935150,9173118,Dietramszell,83623,Landkreis Bad Tölz-Wolfratshausen,Bayern
1250689,7340208,Dietrichingen,66484,Landkreis Südwestpfalz,Rheinland-Pfalz
416276,6438001,Dietzenbach,63128,Landkreis Offenbach,Hessen
2814975,16061024,Dietzenrode/Vatterode,37318,Landkreis Eichsfeld,Thüringen
215964,6532005,Dietzhölztal,35716,Lahn-Dill-Kreis,Hessen
537139,7141029,Diez,65582,Rhein-Lahn-Kreis,Rheinland-Pfalz
1245184,7140029,Dill,55487,Rhein-Hunsrück-Kreis,Rheinland-Pfalz
215966,6532006,Dillenburg,35683,Lahn-Dill-Kreis,Hessen
215966,6532006,Dillenburg,35684,Lahn-Dill-Kreis,Hessen
215966,6532006,Dillenburg,35685,Lahn-Dill-Kreis,Hessen
215966,6532006,Dillenburg,35686,Lahn-Dill-Kreis,Hessen
215966,6532006,Dillenburg,35687,Lahn-Dill-Kreis,Hessen
215966,6532006,Dillenburg,35688,Lahn-Dill-Kreis,Hessen
215966,6532006,Dillenburg,35689,Lahn-Dill-Kreis,Hessen
215966,6532006,Dillenburg,35690,Lahn-Dill-Kreis,Hessen
959460,7140030,Dillendorf,55481,Rhein-Hunsrück-Kreis,Rheinland-Pfalz
957026,9773125,Dillingen a.d.Donau,89407,Landkreis Dillingen an der Donau,Bayern
1184561,10044111,Dillingen/Saar,66763,Landkreis Saarlouis,Saarland
2828139,16066016,Dillstädt,98530,Landkreis Schmalkalden-Meiningen,Thüringen
1251076,7340006,Dimbach,76848,Landkreis Südwestpfalz,Rheinland-Pfalz
1108051,7232216,Dingdorf,54614,Eifelkreis Bitburg-Prüm,Rheinland-Pfalz
2394547,16061118,Dingelstädt,37351,Landkreis Eichsfeld,Thüringen
938017,1051022,Dingen,25715,Kreis Dithmarschen,Schleswig-Holstein
959903,9279112,Dingolfing,84130,Landkreis Dingolfing-Landau,Bayern
318257,9678122,Dingolshausen,97497,Landkreis Schweinfurt,Bayern
1270371,16069008,Dingsleben,98646,Landkreis Hildburghausen,Thüringen
534177,9571136,Dinkelsbühl,91550,Landkreis Ansbach,Bayern
452583,9772131,Dinkelscherben,86424,Landkreis Augsburg,Bayern
1400520,3460003,Dinklage,49413,Landkreis Vechta,Niedersachsen
54462,5170008,Dinslaken,46535,Kreis Wesel,Nordrhein-Westfalen
54462,5170008,Dinslaken,46537,Kreis Wesel,Nordrhein-Westfalen
54462,5170008,Dinslaken,46539,Kreis Wesel,Nordrhein-Westfalen
1248587,7331014,Dintesheim,55234,Landkreis Alzey-Worms,Rheinland-Pfalz
454869,6631003,Dipperz,36160,Landkreis Fulda,Hessen
3409918,14628060,Dippoldiswalde,01744,Landkreis Sächsische Schweiz-Osterzgebirge,Sachsen
957117,9778127,Dirlewang,87742,Landkreis Unterallgäu,Bayern
957117,9778127,Dirlewang,87782,Landkreis Unterallgäu,Bayern
1249740,7332010,Dirmstein,67246,Landkreis Bad Dürkheim,Rheinland-Pfalz
2826521,8135010,Dischingen,89561,Landkreis Heidenheim,Baden-Württemberg
1086002,3459015,Dissen,49201,Landkreis Osnabrück,Niedersachsen
1322842,12071041,Dissen-Striesow,03096,Landkreis Spree-Neiße,Brandenburg
1332186,15085090,Ditfurt,06484,Landkreis Harz,Sachsen-Anhalt
548039,7137019,Ditscheid,56729,Landkreis Mayen-Koblenz,Rheinland-Pfalz
318746,9678123,Dittelbrunn,97456,Landkreis Schweinfurt,Bayern
1248782,7331015,Dittelsheim-Heßloch,67596,Landkreis Alzey-Worms,Rheinland-Pfalz
1015103,9577122,Dittenheim,91723,Landkreis Weißenburg-Gunzenhausen,Bayern
2179156,16075014,Dittersdorf,07907,Saale-Orla-Kreis,Thüringen
1246451,7336016,Dittweiler,66903,Landkreis Kusel,Rheinland-Pfalz
405817,8118011,Ditzingen,71254,Landkreis Ludwigsburg,Baden-Württemberg
374309,13073018,Divitz-Spoldershagen,18314,Landkreis Vorpommern-Rügen,Mecklenburg-Vorpommern
449907,13076032,Dobbertin,19399,Landkreis Ludwigslust-Parchim,Mecklenburg-Vorpommern
1965797,13072026,Dobbin-Linstow,18292,Landkreis Rostock,Mecklenburg-Vorpommern
308260,8235018,Dobel,75335,Landkreis Calw,Baden-Württemberg
415413,14522080,Döbeln,04720,Landkreis Mittelsachsen,Sachsen
1322948,12062092,Doberlug-Kirchhain,03253,Landkreis Elbe-Elster,Brandenburg
1322603,12071044,Döbern,03159,Landkreis Spree-Neiße,Brandenburg
1309671,14625110,Doberschau-Gaußig - Dobruša-Huska,01877,Landkreis Bautzen,Sachsen
1309671,14625110,Doberschau-Gaußig - Dobruša-Huska,02633,Landkreis Bautzen,Sachsen
1309671,14625110,Doberschau-Gaußig - Dobruša-Huska,02692,Landkreis Bautzen,Sachsen
446698,14730080,Doberschütz,04838,Landkreis Nordsachsen,Sachsen
289174,1057016,Dobersdorf,24232,Kreis Plön,Schleswig-Holstein
449946,13076033,Dobin am See,19067,Landkreis Ludwigslust-Parchim,Mecklenburg-Vorpommern
2778469,16077003,Dobitschen,04626,Landkreis Altenburger Land,Thüringen
2856991,16071013,Döbritschen,99441,Landkreis Weimarer Land,Thüringen
2179159,16075016,Döbritz,07381,Saale-Orla-Kreis,Thüringen
1152677,7232026,Dockendorf,54636,Eifelkreis Bitburg-Prüm,Rheinland-Pfalz
949991,7233018,Dockweiler,54552,Landkreis Vulkaneifel,Rheinland-Pfalz
1259125,7231023,Dodenburg,54518,Landkreis Bernkastel-Wittlich,Rheinland-Pfalz
2786027,8337032,Dogern,79804,Landkreis Waldshut,Baden-Württemberg
1021707,9475120,Döhlau,95182,Landkreis Hof,Bayern
534519,14628070,Dohma,01796,Landkreis Sächsische Schweiz-Osterzgebirge,Sachsen
330972,7233019,Dohm-Lammersdorf,54576,Landkreis Vulkaneifel,Rheinland-Pfalz
455485,14628080,Dohna,01809,Landkreis Sächsische Schweiz-Osterzgebirge,Sachsen
1259302,7135021,Dohr,56812,Landkreis Cochem-Zell,Rheinland-Pfalz
310311,3353006,Dohren,21255,Landkreis Harburg,Niedersachsen
2006904,3454009,Dohren,49770,Landkreis Emsland,Niedersachsen
1971864,13072027,Dolgen am See,18299,Landkreis Rostock,Mecklenburg-Vorpommern
1245842,7339013,Dolgesheim,55278,Landkreis Mainz-Bingen,Rheinland-Pfalz
445841,3359012,Dollern,21739,Landkreis Stade,Niedersachsen
1149278,1059106,Dollerup,24989,Kreis Schleswig-Flensburg,Schleswig-Holstein
943536,9176121,Dollnstein,91795,Landkreis Eichstätt,Bayern
2817225,16067011,Döllstädt,99100,Landkreis Gotha,Thüringen
534091,9571137,Dombühl,91601,Landkreis Ansbach,Bayern
1451530,13076034,Dömitz,19303,Landkreis Ludwigslust-Parchim,Mecklenburg-Vorpommern
1204715,7140202,Dommershausen,56290,Rhein-Hunsrück-Kreis,Rheinland-Pfalz
446701,14730090,Dommitzsch,04880,Landkreis Nordsachsen,Sachsen
449915,13076035,Domsühl,19374,Landkreis Ludwigslust-Parchim,Mecklenburg-Vorpommern
1242301,8326012,Donaueschingen,78166,Schwarzwald-Baar-Kreis,Baden-Württemberg
964613,9375130,Donaustauf,93093,Landkreis Regensburg,Bayern
582215,9779131,Donauwörth,86609,Landkreis Donau-Ries,Bayern
318260,9678124,Donnersdorf,97499,Landkreis Schweinfurt,Bayern
1251059,7340007,Donsieders,66978,Landkreis Südwestpfalz,Rheinland-Pfalz
2772182,8117015,Donzdorf,73072,Landkreis Göppingen,Baden-Württemberg
142679,5766024,Dörentrup,32694,Kreis Lippe,Nordrhein-Westfalen
416547,14522090,Dorfchemnitz,09619,Landkreis Mittelsachsen,Sachsen
934750,9177115,Dorfen,84405,Landkreis Erding,Bayern
455472,14628090,Dorfhain,01738,Landkreis Sächsische Schweiz-Osterzgebirge,Sachsen
956802,9473120,Dörfles-Esbach,96487,Landkreis Coburg,Bayern
1504826,13074019,Dorf Mecklenburg,23972,Landkreis Nordwestmecklenburg,Mecklenburg-Vorpommern
394509,9676118,Dorfprozelten,97904,Landkreis Miltenberg,Bayern
168449,5162004,Dormagen,41539,Rhein-Kreis Neuss,Nordrhein-Westfalen
168449,5162004,Dormagen,41540,Rhein-Kreis Neuss,Nordrhein-Westfalen
168449,5162004,Dormagen,41541,Rhein-Kreis Neuss,Nordrhein-Westfalen
168449,5162004,Dormagen,41542,Rhein-Kreis Neuss,Nordrhein-Westfalen
2780661,8417015,Dormettingen,72358,Zollernalbkreis,Baden-Württemberg
1080438,9474119,Dormitz,91077,Landkreis Forchheim,Bayern
537140,7141030,Dörnberg,56377,Rhein-Lahn-Kreis,Rheinland-Pfalz
537140,7141030,Dörnberg,56379,Rhein-Lahn-Kreis,Rheinland-Pfalz
324302,6533004,Dornburg,65599,Landkreis Limburg-Weilburg,Hessen
2778363,16074011,Dornburg-Camburg,07774,Saale-Holzland-Kreis,Thüringen
1246420,7339201,Dorn-Dürkheim,67585,Landkreis Mainz-Bingen,Rheinland-Pfalz
943746,8325012,Dornhan,72175,Landkreis Rottweil,Baden-Württemberg
396564,16070008,Dornheim,99310,Ilm-Kreis,Thüringen
540060,7141033,Dornholzhausen,56357,Rhein-Lahn-Kreis,Rheinland-Pfalz
310466,1057017,Dörnick,24326,Kreis Plön,Schleswig-Holstein
2788024,8425031,Dornstadt,89160,Alb-Donau-Kreis,Baden-Württemberg
935832,8237019,Dornstetten,72280,Landkreis Freudenstadt,Baden-Württemberg
898629,3452027,Dornum,26553,Landkreis Aurich,Niedersachsen
2007906,3454008,Dörpen,26892,Landkreis Emsland,Niedersachsen
554526,1058042,Dörphof,24398,Kreis Rendsburg-Eckernförde,Schleswig-Holstein
965579,1051023,Dörpling,25794,Kreis Dithmarschen,Schleswig-Holstein
1157656,1059020,Dörpstedt,24869,Kreis Schleswig-Flensburg,Schleswig-Holstein
1243983,7133025,Dörrebach,55444,Landkreis Bad Kreuznach,Rheinland-Pfalz
1252829,7337019,Dörrenbach,76889,Landkreis Südliche Weinstraße,Rheinland-Pfalz
1253981,7333016,Dörrmoschel,67806,Donnersbergkreis,Rheinland-Pfalz
539914,7141031,Dörscheid,56348,Rhein-Lahn-Kreis,Rheinland-Pfalz
539715,7141032,Dörsdorf,56370,Rhein-Lahn-Kreis,Rheinland-Pfalz
1060415,7131018,Dorsel,53533,Landkreis Ahrweiler,Rheinland-Pfalz
1243998,7133026,Dorsheim,55452,Landkreis Bad Kreuznach,Rheinland-Pfalz
1432669,3158010,Dorstadt,38312,Landkreis Wolfenbüttel,Niedersachsen
63505,5562012,Dorsten,46282,Kreis Recklinghausen,Nordrhein-Westfalen
63505,5562012,Dorsten,46284,Kreis Recklinghausen,Nordrhein-Westfalen
63505,5562012,Dorsten,46286,Kreis Recklinghausen,Nordrhein-Westfalen
1182322,7140031,Dörth,56281,Rhein-Hunsrück-Kreis,Rheinland-Pfalz
1829065,5913000,Dortmund,44135,,Nordrhein-Westfalen
1829065,5913000,Dortmund,44137,,Nordrhein-Westfalen
1829065,5913000,Dortmund,44139,,Nordrhein-Westfalen
1829065,5913000,Dortmund,44141,,Nordrhein-Westfalen
1829065,5913000,Dortmund,44143,,Nordrhein-Westfalen
1829065,5913000,Dortmund,44145,,Nordrhein-Westfalen
1829065,5913000,Dortmund,44147,,Nordrhein-Westfalen
1829065,5913000,Dortmund,44149,,Nordrhein-Westfalen
1829065,5913000,Dortmund,44225,,Nordrhein-Westfalen
1829065,5913000,Dortmund,44227,,Nordrhein-Westfalen
1829065,5913000,Dortmund,44229,,Nordrhein-Westfalen
1829065,5913000,Dortmund,44263,,Nordrhein-Westfalen
1829065,5913000,Dortmund,44265,,Nordrhein-Westfalen
1829065,5913000,Dortmund,44267,,Nordrhein-Westfalen
1829065,5913000,Dortmund,44269,,Nordrhein-Westfalen
1829065,5913000,Dortmund,44287,,Nordrhein-Westfalen
1829065,5913000,Dortmund,44289,,Nordrhein-Westfalen
1829065,5913000,Dortmund,44309,,Nordrhein-Westfalen
1829065,5913000,Dortmund,44319,,Nordrhein-Westfalen
1829065,5913000,Dortmund,44328,,Nordrhein-Westfalen
1829065,5913000,Dortmund,44329,,Nordrhein-Westfalen
1829065,5913000,Dortmund,44339,,Nordrhein-Westfalen
1829065,5913000,Dortmund,44357,,Nordrhein-Westfalen
1829065,5913000,Dortmund,44359,,Nordrhein-Westfalen
1829065,5913000,Dortmund,44369,,Nordrhein-Westfalen
1829065,5913000,Dortmund,44379,,Nordrhein-Westfalen
1829065,5913000,Dortmund,44388,,Nordrhein-Westfalen
1182604,3361003,Dörverden,27313,Landkreis Verden,Niedersachsen
376860,8126020,Dörzbach,74677,Hohenlohekreis,Baden-Württemberg
1273285,16073017,Döschnitz,07429,Landkreis Saalfeld-Rudolstadt,Thüringen
454179,8226012,Dossenheim,69221,Rhein-Neckar-Kreis,Baden-Württemberg
1187317,3458003,Dötlingen,27801,Landkreis Oldenburg,Niedersachsen
2780662,8417016,Dotternhausen,72359,Zollernalbkreis,Baden-Württemberg
445741,7138013,Döttesfeld,56305,Landkreis Neuwied,Rheinland-Pfalz
1322809,12071052,Drachhausen,03185,Landkreis Spree-Neiße,Brandenburg
959174,9276120,Drachselsried,94256,Landkreis Regen,Bayern
2772183,8117016,Drackenstein,73345,Landkreis Göppingen,Baden-Württemberg
308488,3353007,Drage,21423,Landkreis Harburg,Niedersachsen
450076,1061024,Drage,25582,Kreis Steinburg,Schleswig-Holstein
1402988,1054023,Drage,25840,Kreis Nordfriesland,Schleswig-Holstein
1402988,1054023,Drage,25878,Kreis Nordfriesland,Schleswig-Holstein
1444889,13074020,Dragun,19205,Landkreis Nordwestmecklenburg,Mecklenburg-Vorpommern
1389403,12061097,Drahnsdorf,15938,Landkreis Dahme-Spreewald,Brandenburg
1183250,3256005,Drakenburg,31623,Landkreis Nienburg/Weser,Niedersachsen
1399074,3159009,Dransfeld,37127,Landkreis Göttingen,Niedersachsen
1437953,13073019,Dranske,18556,Landkreis Vorpommern-Rügen,Mecklenburg-Vorpommern
379269,14521150,Drebach,09430,Erzgebirgskreis,Sachsen
1460920,3251013,Drebber,49457,Landkreis Diepholz,Niedersachsen
1322549,12071057,Drebkau,03116,Landkreis Spree-Neiße,Brandenburg
372345,13073020,Drechow,18465,Landkreis Vorpommern-Rügen,Mecklenburg-Vorpommern
1075143,7233210,Drees,53520,Landkreis Vulkaneifel,Rheinland-Pfalz
1302387,12068109,Dreetz,16845,Landkreis Ostprignitz-Ruppin,Brandenburg
1963381,13072028,Dreetz,18249,Landkreis Rostock,Mecklenburg-Vorpommern
422765,1060018,Dreggers,23845,Kreis Segeberg,Schleswig-Holstein
1322807,12071060,Drehnow,03185,Landkreis Spree-Neiße,Brandenburg
659750,6438002,Dreieich,63303,Landkreis Offenbach,Hessen
453154,7143215,Dreifelden,57629,Westerwaldkreis,Rheinland-Pfalz
2802226,16067089,Drei Gleichen,99869,Landkreis Gotha,Thüringen
446702,14730100,Dreiheide,04860,Landkreis Nordsachsen,Sachsen
534475,7143011,Dreikirchen,56414,Westerwaldkreis,Rheinland-Pfalz
1259128,7231024,Dreis,54518,Landkreis Bernkastel-Wittlich,Rheinland-Pfalz
451703,7143216,Dreisbach,56472,Westerwaldkreis,Rheinland-Pfalz
950001,7233020,Dreis-Brück,54552,Landkreis Vulkaneifel,Rheinland-Pfalz
1254396,7333017,Dreisen,67816,Donnersbergkreis,Rheinland-Pfalz
2179158,16075019,Dreitzsch,07819,Saale-Orla-Kreis,Thüringen
1415602,1054024,Drelsdorf,25853,Kreis Nordfriesland,Schleswig-Holstein
152286,5570016,Drensteinfurt,48317,Kreis Warendorf,Nordrhein-Westfalen
1621065,3251014,Drentwede,49406,Landkreis Diepholz,Niedersachsen
1438075,13073021,Dreschvitz,18573,Landkreis Vorpommern-Rügen,Mecklenburg-Vorpommern
191645,14612000,Dresden,01067,,Sachsen
191645,14612000,Dresden,01069,,Sachsen
191645,14612000,Dresden,01097,,Sachsen
191645,14612000,Dresden,01099,,Sachsen
191645,14612000,Dresden,01108,,Sachsen
191645,14612000,Dresden,01109,,Sachsen
191645,14612000,Dresden,01127,,Sachsen
191645,14612000,Dresden,01129,,Sachsen
191645,14612000,Dresden,01139,,Sachsen
191645,14612000,Dresden,01156,,Sachsen
191645,14612000,Dresden,01157,,Sachsen
191645,14612000,Dresden,01159,,Sachsen
191645,14612000,Dresden,01169,,Sachsen
191645,14612000,Dresden,01187,,Sachsen
191645,14612000,Dresden,01189,,Sachsen
191645,14612000,Dresden,01217,,Sachsen
191645,14612000,Dresden,01219,,Sachsen
191645,14612000,Dresden,01237,,Sachsen
191645,14612000,Dresden,01239,,Sachsen
191645,14612000,Dresden,01257,,Sachsen
191645,14612000,Dresden,01259,,Sachsen
191645,14612000,Dresden,01277,,Sachsen
191645,14612000,Dresden,01279,,Sachsen
191645,14612000,Dresden,01307,,Sachsen
191645,14612000,Dresden,01309,,Sachsen
191645,14612000,Dresden,01324,,Sachsen
191645,14612000,Dresden,01326,,Sachsen
191645,14612000,Dresden,01328,,Sachsen
191645,14612000,Dresden,01465,,Sachsen
280541,3353008,Drestedt,21255,Landkreis Harburg,Niedersachsen
280541,3353008,Drestedt,21279,Landkreis Harburg,Niedersachsen
215973,6532007,Driedorf,35759,Lahn-Dill-Kreis,Hessen
444768,3359013,Drochtersen,21706,Landkreis Stade,Niedersachsen
1273362,16073107,Drognitz,07338,Landkreis Saalfeld-Rudolstadt,Thüringen
163174,5966008,Drolshagen,57489,Kreis Olpe,Nordrhein-Westfalen
2404191,15084115,Droyßig,06722,Burgenlandkreis,Sachsen-Anhalt
1463294,1053024,Düchelsdorf,23847,Kreis Herzogtum Lauenburg,Schleswig-Holstein
1432547,13075029,Ducherow,17398,Landkreis Vorpommern-Greifswald,Mecklenburg-Vorpommern
1244041,7133027,Duchroth,55585,Landkreis Bad Kreuznach,Rheinland-Pfalz
1244041,7133027,Duchroth,67826,Landkreis Bad Kreuznach,Rheinland-Pfalz
1152662,7232027,Dudeldorf,54647,Eifelkreis Bitburg-Prüm,Rheinland-Pfalz
444950,3359014,Düdenbüttel,21709,Landkreis Stade,Niedersachsen
422704,7338007,Dudenhofen,67373,Rhein-Pfalz-Kreis,Rheinland-Pfalz
1399072,3159010,Duderstadt,37115,Landkreis Göttingen,Niedersachsen
965016,9375131,Duggendorf,93182,Landkreis Regensburg,Bayern
965016,9375131,Duggendorf,93195,Landkreis Regensburg,Bayern
6683478,3254041,Duingen,31089,Landkreis Hildesheim,Niedersachsen
62456,5112000,Duisburg,47051,,Nordrhein-Westfalen
62456,5112000,Duisburg,47053,,Nordrhein-Westfalen
62456,5112000,Duisburg,47055,,Nordrhein-Westfalen
62456,5112000,Duisburg,47057,,Nordrhein-Westfalen
62456,5112000,Duisburg,47058,,Nordrhein-Westfalen
62456,5112000,Duisburg,47059,,Nordrhein-Westfalen
62456,5112000,Duisburg,47119,,Nordrhein-Westfalen
62456,5112000,Duisburg,47137,,Nordrhein-Westfalen
62456,5112000,Duisburg,47138,,Nordrhein-Westfalen
62456,5112000,Duisburg,47139,,Nordrhein-Westfalen
62456,5112000,Duisburg,47166,,Nordrhein-Westfalen
62456,5112000,Duisburg,47167,,Nordrhein-Westfalen
62456,5112000,Duisburg,47169,,Nordrhein-Westfalen
62456,5112000,Duisburg,47178,,Nordrhein-Westfalen
62456,5112000,Duisburg,47179,,Nordrhein-Westfalen
62456,5112000,Duisburg,47198,,Nordrhein-Westfalen
62456,5112000,Duisburg,47199,,Nordrhein-Westfalen
62456,5112000,Duisburg,47226,,Nordrhein-Westfalen
62456,5112000,Duisburg,47228,,Nordrhein-Westfalen
62456,5112000,Duisburg,47229,,Nordrhein-Westfalen
62456,5112000,Duisburg,47239,,Nordrhein-Westfalen
62456,5112000,Duisburg,47249,,Nordrhein-Westfalen
62456,5112000,Duisburg,47259,,Nordrhein-Westfalen
62456,5112000,Duisburg,47269,,Nordrhein-Westfalen
62456,5112000,Duisburg,47279,,Nordrhein-Westfalen
157767,5558016,Dülmen,48249,Kreis Coesfeld,Nordrhein-Westfalen
1451536,13076036,Dümmer,19073,Landkreis Ludwigslust-Parchim,Mecklenburg-Vorpommern
394342,13072029,Dummerstorf,18196,Landkreis Rostock,Mecklenburg-Vorpommern
1060429,7131501,Dümpelfeld,53520,Landkreis Ahrweiler,Rheinland-Pfalz
1266513,7135022,Dünfus,56754,Landkreis Cochem-Zell,Rheinland-Pfalz
1259836,7135023,Düngenheim,56761,Landkreis Cochem-Zell,Rheinland-Pfalz
943753,8325014,Dunningen,78655,Landkreis Rottweil,Baden-Württemberg
943753,8325014,Dunningen,78713,Landkreis Rottweil,Baden-Württemberg
2012319,3458004,Dünsen,27243,Landkreis Oldenburg,Niedersachsen
1428584,1054025,Dunsum,25938,Kreis Nordfriesland,Schleswig-Holstein
2012453,3462002,Dunum,26427,Landkreis Wittmund,Niedersachsen
1246449,7336017,Dunzweiler,66916,Landkreis Kusel,Rheinland-Pfalz
1074557,7233211,Duppach,54597,Landkreis Vulkaneifel,Rheinland-Pfalz
957723,9780120,Durach,87471,Landkreis Oberallgäu,Bayern
452991,8317021,Durbach,77770,Ortenaukreis,Baden-Württemberg
1231968,8327011,Dürbheim,78589,Landkreis Tuttlingen,Baden-Württemberg
1231972,8327012,Durchhausen,78591,Landkreis Tuttlingen,Baden-Württemberg
163046,5358008,Düren,52349,Kreis Düren,Nordrhein-Westfalen
163046,5358008,Düren,52351,Kreis Düren,Nordrhein-Westfalen
163046,5358008,Düren,52353,Kreis Düren,Nordrhein-Westfalen
163046,5358008,Düren,52355,Kreis Düren,Nordrhein-Westfalen
915410,8136015,Durlangen,73568,Ostalbkreis,Baden-Württemberg
2802281,8426035,Dürmentingen,88525,Landkreis Biberach,Baden-Württemberg
907159,8216009,Durmersheim,76448,Landkreis Rastatt,Baden-Württemberg
2792632,8117017,Dürnau,73105,Landkreis Göppingen,Baden-Württemberg
2801318,8426036,Dürnau,88422,Landkreis Biberach,Baden-Württemberg
1311100,14626070,Dürrhennersdorf,02708,Landkreis Görlitz,Sachsen
445742,7138014,Dürrholz,56307,Landkreis Neuwied,Rheinland-Pfalz
964238,9774127,Dürrlauingen,89350,Landkreis Günzburg,Bayern
534520,14628100,Dürrröhrsdorf-Dittersbach,01833,Landkreis Sächsische Schweiz-Osterzgebirge,Sachsen
534176,9571139,Dürrwangen,91602,Landkreis Ansbach,Bayern
62539,5111000,Düsseldorf,40210,,Nordrhein-Westfalen
62539,5111000,Düsseldorf,40211,,Nordrhein-Westfalen
62539,5111000,Düsseldorf,40212,,Nordrhein-Westfalen
62539,5111000,Düsseldorf,40213,,Nordrhein-Westfalen
62539,5111000,Düsseldorf,40215,,Nordrhein-Westfalen
62539,5111000,Düsseldorf,40217,,Nordrhein-Westfalen
62539,5111000,Düsseldorf,40219,,Nordrhein-Westfalen
62539,5111000,Düsseldorf,40221,,Nordrhein-Westfalen
62539,5111000,Düsseldorf,40223,,Nordrhein-Westfalen
62539,5111000,Düsseldorf,40225,,Nordrhein-Westfalen
62539,5111000,Düsseldorf,40227,,Nordrhein-Westfalen
62539,5111000,Düsseldorf,40229,,Nordrhein-Westfalen
62539,5111000,Düsseldorf,40231,,Nordrhein-Westfalen
62539,5111000,Düsseldorf,40233,,Nordrhein-Westfalen
62539,5111000,Düsseldorf,40235,,Nordrhein-Westfalen
62539,5111000,Düsseldorf,40237,,Nordrhein-Westfalen
62539,5111000,Düsseldorf,40239,,Nordrhein-Westfalen
62539,5111000,Düsseldorf,40468,,Nordrhein-Westfalen
62539,5111000,Düsseldorf,40470,,Nordrhein-Westfalen
62539,5111000,Düsseldorf,40472,,Nordrhein-Westfalen
62539,5111000,Düsseldorf,40474,,Nordrhein-Westfalen
62539,5111000,Düsseldorf,40476,,Nordrhein-Westfalen
62539,5111000,Düsseldorf,40477,,Nordrhein-Westfalen
62539,5111000,Düsseldorf,40479,,Nordrhein-Westfalen
62539,5111000,Düsseldorf,40489,,Nordrhein-Westfalen
62539,5111000,Düsseldorf,40545,,Nordrhein-Westfalen
62539,5111000,Düsseldorf,40547,,Nordrhein-Westfalen
62539,5111000,Düsseldorf,40549,,Nordrhein-Westfalen
62539,5111000,Düsseldorf,40589,,Nordrhein-Westfalen
62539,5111000,Düsseldorf,40591,,Nordrhein-Westfalen
62539,5111000,Düsseldorf,40593,,Nordrhein-Westfalen
62539,5111000,Düsseldorf,40595,,Nordrhein-Westfalen
62539,5111000,Düsseldorf,40597,,Nordrhein-Westfalen
62539,5111000,Düsseldorf,40599,,Nordrhein-Westfalen
62539,5111000,Düsseldorf,40625,,Nordrhein-Westfalen
62539,5111000,Düsseldorf,40627,,Nordrhein-Westfalen
62539,5111000,Düsseldorf,40629,,Nordrhein-Westfalen
62539,5111000,Düsseldorf,40721,,Nordrhein-Westfalen
2778747,8416011,Dußlingen,72144,Landkreis Tübingen,Baden-Württemberg
1465815,1053025,Duvensee,23898,Kreis Herzogtum Lauenburg,Schleswig-Holstein
2389086,16065014,Ebeleben,99713,Kyffhäuserkreis,Thüringen
388843,9674129,Ebelsbach,97500,Landkreis Haßberge,Bayern
1026854,9478120,Ebensfeld,96250,Landkreis Lichtenfels,Bayern
2808125,8436024,Ebenweiler,88370,Landkreis Ravensburg,Baden-Württemberg
453363,8226013,Eberbach,64754,Rhein-Neckar-Kreis,Baden-Württemberg
453363,8226013,Eberbach,69412,Rhein-Neckar-Kreis,Baden-Württemberg
453363,8226013,Eberbach,69429,Rhein-Neckar-Kreis,Baden-Württemberg
453363,8226013,Eberbach,69434,Rhein-Neckar-Kreis,Baden-Württemberg
405819,8118012,Eberdingen,71735,Landkreis Ludwigsburg,Baden-Württemberg
936944,9190120,Eberfing,82390,Landkreis Weilheim-Schongau,Bayern
1399066,3159011,Ebergötzen,37136,Landkreis Göttingen,Niedersachsen
2801319,8426038,Eberhardzell,88436,Landkreis Biberach,Baden-Württemberg
1028562,9371118,Ebermannsdorf,92263,Landkreis Amberg-Sulzbach,Bayern
1080480,9474121,Ebermannstadt,91320,Landkreis Forchheim,Bayern
388838,9674130,Ebern,96106,Landkreis Haßberge,Bayern
535126,7143012,Ebernhahn,56424,Westerwaldkreis,Rheinland-Pfalz
551161,14627030,Ebersbach,01561,Landkreis Meißen,Sachsen
2792717,8117018,Ebersbach an der Fils,73061,Landkreis Göppingen,Baden-Württemberg
2808126,8436093,Ebersbach-Musbach,88371,Landkreis Ravensburg,Baden-Württemberg
1605089,14626085,Ebersbach-Neugersdorf,02727,Landkreis Görlitz,Sachsen
1605089,14626085,Ebersbach-Neugersdorf,02730,Landkreis Görlitz,Sachsen
929913,9175115,Ebersberg,85560,Landkreis Ebersberg,Bayern
454870,6631004,Ebersburg,36157,Landkreis Fulda,Hessen
1079024,3357012,Ebersdorf,27432,Landkreis Rotenburg (Wümme),Niedersachsen
956869,9473121,Ebersdorf b.Coburg,96237,Landkreis Coburg,Bayern
962702,9774129,Ebershausen,86491,Landkreis Günzburg,Bayern
409712,8125021,Eberstadt,74246,Landkreis Heilbronn,Baden-Württemberg
2856442,16071015,Eberstedt,99518,Landkreis Weimarer Land,Thüringen
1318338,12060052,Eberswalde,16225,Landkreis Barnim,Brandenburg
1318338,12060052,Eberswalde,16227,Landkreis Barnim,Brandenburg
539703,7141034,Ebertshausen,56370,Rhein-Lahn-Kreis,Rheinland-Pfalz
1249742,7332012,Ebertsheim,67280,Landkreis Bad Dürkheim,Rheinland-Pfalz
1181073,8235020,Ebhausen,72224,Landkreis Calw,Baden-Württemberg
975283,9377115,Ebnath,95683,Landkreis Tirschenreuth,Bayern
1077546,9471128,Ebrach,96157,Landkreis Bamberg,Bayern
1946218,8315028,Ebringen,79285,Landkreis Breisgau-Hochschwarzwald,Baden-Württemberg
225500,6534008,Ebsdorfergrund,35085,Landkreis Marburg-Biedenkopf,Hessen
1460253,3360006,Ebstorf,29574,Landkreis Uelzen,Niedersachsen
1978256,3355015,Echem,21379,Landkreis Lüneburg,Niedersachsen
30009,9178120,Eching,85386,Landkreis Freising,Bayern
190916,9274124,Eching,84174,Landkreis Landshut,Bayern
933872,9181115,Eching am Ammersee,82279,Landkreis Landsberg am Lech,Bayern
1163500,7232028,Echternacherbrück,54668,Eifelkreis Bitburg-Prüm,Rheinland-Pfalz
1152697,7232029,Echtershausen,54636,Eifelkreis Bitburg-Prüm,Rheinland-Pfalz
450107,6440006,Echzell,61200,Wetteraukreis,Hessen
450107,6440006,Echzell,61209,Wetteraukreis,Hessen
2402487,15084125,Eckartsberga,06648,Burgenlandkreis,Sachsen-Anhalt
1248628,7331017,Eckelsheim,55599,Landkreis Alzey-Worms,Rheinland-Pfalz
1243988,7133028,Eckenroth,55444,Landkreis Bad Kreuznach,Rheinland-Pfalz
1016515,9572121,Eckental,90542,Landkreis Erlangen-Höchstadt,Bayern
190839,1058043,Eckernförde,24340,Kreis Rendsburg-Eckernförde,Schleswig-Holstein
1070986,9472131,Eckersdorf,95488,Landkreis Bayreuth,Bayern
1245066,7134021,Eckersweiler,55777,Landkreis Birkenfeld,Rheinland-Pfalz
1258887,7231025,Eckfeld,54531,Landkreis Bernkastel-Wittlich,Rheinland-Pfalz
448015,1061025,Ecklak,25572,Kreis Steinburg,Schleswig-Holstein
2393747,16061026,Ecklingerode,37339,Landkreis Eichsfeld,Thüringen
2411290,16068007,Eckstedt,99195,Landkreis Sömmerda,Thüringen
938057,1051024,Eddelak,25715,Kreis Dithmarschen,Schleswig-Holstein
1028554,9371119,Edelsfeld,92265,Landkreis Amberg-Sulzbach,Bayern
1182562,3157001,Edemissen,31234,Landkreis Peine,Niedersachsen
1252494,7337020,Edenkoben,67480,Landkreis Südliche Weinstraße,Rheinland-Pfalz
962451,9779136,Ederheim,86739,Landkreis Donau-Ries,Bayern
452204,6634002,Edermünde,34295,Schwalm-Eder-Kreis,Hessen
2397424,15087125,Edersleben,06528,Landkreis Mansfeld-Südharz,Sachsen-Anhalt
443585,6635009,Edertal,34549,Landkreis Waldeck-Frankenberg,Hessen
1252460,7337021,Edesheim,67483,Landkreis Südliche Weinstraße,Rheinland-Pfalz
1186750,3451004,Edewecht,26188,Landkreis Ammerland,Niedersachsen
1259306,7135024,Ediger-Eller,56814,Landkreis Cochem-Zell,Rheinland-Pfalz
454170,8226105,Edingen-Neckarhausen,68535,Rhein-Neckar-Kreis,Baden-Württemberg
2186917,9187124,Edling,83533,Landkreis Rosenheim,Bayern
2515189,16061027,Effelder,37359,Landkreis Eichsfeld,Thüringen
1080511,9474122,Effeltrich,91090,Landkreis Forchheim,Bayern
1130296,8336014,Efringen-Kirchen,79588,Landkreis Lörrach,Baden-Württemberg
1357520,15089075,Egeln,39435,Salzlandkreis,Sachsen-Anhalt
659744,6438003,Egelsbach,63329,Landkreis Offenbach,Hessen
1174487,8235022,Egenhausen,72227,Landkreis Calw,Baden-Württemberg
933502,9179117,Egenhofen,82281,Landkreis Fürstenfeldbruck,Bayern
1231977,8327013,Egesheim,78592,Landkreis Tuttlingen,Baden-Württemberg
309521,3353009,Egestorf,21272,Landkreis Harburg,Niedersachsen
958250,9778130,Egg an der Günz,87743,Landkreis Unterallgäu,Bayern
1156129,1059107,Eggebek,24852,Kreis Schleswig-Flensburg,Schleswig-Holstein
957062,9277116,Eggenfelden,84307,Landkreis Rottal-Inn,Bayern
659822,8215102,Eggenstein-Leopoldshafen,76344,Landkreis Karlsruhe,Baden-Württemberg
445500,9777124,Eggenthal,87653,Landkreis Ostallgäu,Bayern
2013412,3459016,Eggermühlen,49577,Landkreis Osnabrück,Niedersachsen
1408061,13075031,Eggesin,17367,Landkreis Vorpommern-Greifswald,Mecklenburg-Vorpommern
1408061,13075031,Eggesin,17375,Landkreis Vorpommern-Greifswald,Mecklenburg-Vorpommern
2785285,8337124,Eggingen,79805,Landkreis Waldshut,Baden-Württemberg
957069,9277117,Egglham,84385,Landkreis Rottal-Inn,Bayern
940903,9183115,Egglkofen,84546,Landkreis Mühldorf am Inn,Bayern
1080493,9474123,Eggolsheim,91330,Landkreis Forchheim,Bayern
2186918,9187125,Eggstätt,83125,Landkreis Rosenheim,Bayern
939497,1051026,Eggstedt,25721,Kreis Dithmarschen,Schleswig-Holstein
958117,9275120,Eging a.See,94535,Landkreis Passau,Bayern
936935,9190121,Eglfing,82436,Landkreis Weilheim-Schongau,Bayern
935126,9173120,Egling,82544,Landkreis Bad Tölz-Wolfratshausen,Bayern
933767,9181116,Egling an der Paar,86492,Landkreis Landsberg am Lech,Bayern
1080516,9474124,Egloffstein,91349,Landkreis Forchheim,Bayern
929823,9175116,Egmating,85658,Landkreis Ebersberg,Bayern
943550,9176122,Egweil,85116,Landkreis Eichstätt,Bayern
943678,9185127,Ehekirchen,86676,Landkreis Neuburg-Schrobenhausen,Bayern
445851,9772134,Ehingen,86678,Landkreis Augsburg,Bayern
534400,9571141,Ehingen,91725,Landkreis Ansbach,Bayern
962607,9779138,Ehingen a.Ries,86741,Landkreis Donau-Ries,Bayern
2803461,8425033,Ehingen (Donau),89584,Alb-Donau-Kreis,Baden-Württemberg
1152672,7232030,Ehlenz,54636,Eifelkreis Bitburg-Prüm,Rheinland-Pfalz
444705,7138015,Ehlscheid,56581,Landkreis Neuwied,Rheinland-Pfalz
553602,1058044,Ehndorf,24647,Kreis Rendsburg-Eckernförde,Schleswig-Holstein
722146,8115013,Ehningen,71139,Landkreis Böblingen,Baden-Württemberg
540449,7141035,Ehr,56357,Rhein-Lahn-Kreis,Rheinland-Pfalz
1330378,3151008,Ehra-Lessien,38468,Landkreis Gifhorn,Niedersachsen
1273305,16069009,Ehrenberg,98660,Landkreis Hildburghausen,Thüringen
454871,6631005,Ehrenberg (Rhön),36115,Landkreis Fulda,Hessen
1461198,3251015,Ehrenburg,27248,Landkreis Diepholz,Niedersachsen
536588,14521160,Ehrenfriedersdorf,09427,Erzgebirgskreis,Sachsen
1946220,8315131,Ehrenkirchen,79238,Landkreis Breisgau-Hochschwarzwald,Baden-Württemberg
215976,6532008,Ehringshausen,35630,Lahn-Dill-Kreis,Hessen
1246583,7336018,Ehweiler,66871,Landkreis Kusel,Rheinland-Pfalz
163057,9679124,Eibelstadt,97246,Landkreis Würzburg,Bayern
418995,14521170,Eibenstock,08309,Erzgebirgskreis,Sachsen
1248405,7331018,Eich,67575,Landkreis Alzey-Worms,Rheinland-Pfalz
418888,7132022,Eichelhardt,57612,Landkreis Altenkirchen,Rheinland-Pfalz
415717,7132023,Eichen,57632,Landkreis Altenkirchen,Rheinland-Pfalz
933488,9179118,Eichenau,82223,Landkreis Fürstenfeldbruck,Bayern
1060407,7131021,Eichenbach,53533,Landkreis Ahrweiler,Rheinland-Pfalz
1273265,16069011,Eichenberg,98553,Landkreis Hildburghausen,Thüringen
2748748,16074016,Eichenberg,07768,Saale-Holzland-Kreis,Thüringen
393541,9676119,Eichenbühl,63928,Landkreis Miltenberg,Bayern
393541,9676119,Eichenbühl,74731,Landkreis Miltenberg,Bayern
393541,9676119,Eichenbühl,97896,Landkreis Miltenberg,Bayern
959906,9279113,Eichendorf,94428,Landkreis Dingolfing-Landau,Bayern
454872,6631006,Eichenzell,36124,Landkreis Fulda,Hessen
443614,14523080,Eichigt,08626,Vogtlandkreis,Sachsen
943557,9176123,Eichstätt,85072,Landkreis Eichstätt,Bayern
1284757,15090135,Eichstedt (Altmark),39596,Landkreis Stendal,Sachsen-Anhalt
2808127,8436027,Eichstegen,88361,Landkreis Ravensburg,Baden-Württemberg
70125,8315030,Eichstetten,79356,Landkreis Breisgau-Hochschwarzwald,Baden-Württemberg
2396095,16061028,Eichstruth,37318,Landkreis Eichsfeld,Thüringen
55773,12061112,Eichwalde,15732,Landkreis Dahme-Spreewald,Brandenburg
1808862,3358006,Eickeloh,29693,Landkreis Heidekreis,Niedersachsen
1797622,3351007,Eicklingen,29358,Landkreis Celle,Niedersachsen
1236166,8335021,Eigeltingen,78253,Landkreis Konstanz,Baden-Württemberg
445965,14730110,Eilenburg,04838,Landkreis Nordsachsen,Sachsen
1113745,7232217,Eilscheid,54649,Eifelkreis Bitburg-Prüm,Rheinland-Pfalz
1286659,15083190,Eilsleben,39365,Landkreis Börde,Sachsen-Anhalt
1168893,3254013,Eime,31036,Landkreis Hildesheim,Niedersachsen
1130291,8336019,Eimeldingen,79591,Landkreis Lörrach,Baden-Württemberg
2014130,3255012,Eimen,37632,Landkreis Holzminden,Niedersachsen
1460254,3360007,Eimke,29578,Landkreis Uelzen,Niedersachsen
1245839,7339015,Eimsheim,55278,Landkreis Mainz-Bingen,Rheinland-Pfalz
156752,3155013,Einbeck,37574,Landkreis Northeim,Niedersachsen
2778364,16074017,Eineborn,07646,Saale-Holzland-Kreis,Thüringen
1469264,1053026,Einhaus,23911,Kreis Herzogtum Lauenburg,Schleswig-Holstein
537053,6431006,Einhausen,64683,Kreis Bergstraße,Hessen
2828157,16066017,Einhausen,98617,Landkreis Schmalkalden-Meiningen,Thüringen
543118,7137023,Einig,56751,Landkreis Mayen-Koblenz,Rheinland-Pfalz
1246680,7336019,Einöllen,67753,Landkreis Kusel,Rheinland-Pfalz
1254387,7333018,Einselthum,67308,Donnersbergkreis,Rheinland-Pfalz
2186919,9187126,Eiselfing,83549,Landkreis Rosenheim,Bayern
62370,16063105,Eisenach,99817,,Thüringen
1163511,7232218,Eisenach,54298,Eifelkreis Bitburg-Prüm,Rheinland-Pfalz
319152,8315031,Eisenbach,79871,Landkreis Breisgau-Hochschwarzwald,Baden-Württemberg
448305,9777125,Eisenberg,87637,Landkreis Ostallgäu,Bayern
2778365,16074018,Eisenberg,07607,Saale-Holzland-Kreis,Thüringen
1254494,7333019,Eisenberg (Pfalz),67304,Donnersbergkreis,Rheinland-Pfalz
548552,1058045,Eisendorf,24589,Kreis Rendsburg-Eckernförde,Schleswig-Holstein
182343,9679167,Eisenheim,97247,Landkreis Würzburg,Bayern
1384824,12067120,Eisenhüttenstadt,15890,Landkreis Oder-Spree,Brandenburg
1258866,7231026,Eisenschmitt,54533,Landkreis Bernkastel-Wittlich,Rheinland-Pfalz
1266455,16069012,Eisfeld,98673,Landkreis Hildburghausen,Thüringen
539716,7141036,Eisighofen,56370,Rhein-Lahn-Kreis,Rheinland-Pfalz
57786,8236011,Eisingen,75239,Enzkreis,Baden-Württemberg
180683,9679126,Eisingen,97249,Landkreis Würzburg,Bayern
2792100,8117019,Eislingen/Fils,73054,Landkreis Göppingen,Baden-Württemberg
453831,7143013,Eitelborn,56337,Westerwaldkreis,Rheinland-Pfalz
943547,9176124,Eitensheim,85117,Landkreis Eichstätt,Bayern
454873,6631007,Eiterfeld,36132,Landkreis Fulda,Hessen
173114,5382016,Eitorf,53783,Rhein-Sieg-Kreis,Nordrhein-Westfalen
934754,9177116,Eitting,85462,Landkreis Erding,Bayern
372349,13073022,Eixen,18334,Landkreis Vorpommern-Rügen,Mecklenburg-Vorpommern
1432666,3158011,Elbe,38274,Landkreis Wolfenbüttel,Niedersachsen
421921,7132024,Elben,57580,Landkreis Altenkirchen,Rheinland-Pfalz
1283582,15086035,Elbe-Parey,39307,Landkreis Jerichower Land,Sachsen-Anhalt
1283582,15086035,Elbe-Parey,39317,Landkreis Jerichower Land,Sachsen-Anhalt
534476,7143501,Elbingen,56459,Westerwaldkreis,Rheinland-Pfalz
1416146,3159012,Elbingerode,37412,Landkreis Göttingen,Niedersachsen
324301,6533005,Elbtal,65627,Landkreis Limburg-Weilburg,Hessen
907240,8216012,Elchesheim-Illingen,76477,Landkreis Rastatt,Baden-Württemberg
941078,9775139,Elchingen,89081,Landkreis Neu-Ulm,Bayern
941078,9775139,Elchingen,89275,Landkreis Neu-Ulm,Bayern
1244327,7134022,Elchweiler,55765,Landkreis Birkenfeld,Rheinland-Pfalz
1451573,13076037,Eldena,19294,Landkreis Ludwigslust-Parchim,Mecklenburg-Vorpommern
9683155,13071175,Eldetal,17209,Landkreis Mecklenburgische Seenplatte,Mecklenburg-Vorpommern
1797684,3351008,Eldingen,29351,Landkreis Celle,Niedersachsen
383589,9672121,Elfershausen,97725,Landkreis Bad Kissingen,Bayern
165448,16070011,Elgersburg,98716,Ilm-Kreis,Thüringen
1405509,1054026,Elisabeth-Sophien-Koog,25845,Kreis Nordfriesland,Schleswig-Holstein
421926,7132025,Elkenroth,57578,Landkreis Altenkirchen,Rheinland-Pfalz
1177207,16070012,Elleben,99334,Ilm-Kreis,Thüringen
444397,14523090,Ellefeld,08236,Vogtlandkreis,Sachsen
915556,8136018,Ellenberg,73488,Ostalbkreis,Baden-Württemberg
1244289,7134023,Ellenberg,55765,Landkreis Birkenfeld,Rheinland-Pfalz
533579,7143015,Ellenhausen,56242,Westerwaldkreis,Rheinland-Pfalz
1259307,7135025,Ellenz-Poltersdorf,56821,Landkreis Cochem-Zell,Rheinland-Pfalz
442763,1060019,Ellerau,25479,Kreis Segeberg,Schleswig-Holstein
443703,1056013,Ellerbek,25474,Kreis Pinneberg,Schleswig-Holstein
548553,1058046,Ellerdorf,24589,Kreis Rendsburg-Eckernförde,Schleswig-Holstein
443360,1056014,Ellerhoop,25373,Kreis Pinneberg,Schleswig-Holstein
1241479,7140035,Ellern (Hunsrück),55497,Rhein-Hunsrück-Kreis,Rheinland-Pfalz
1249958,7332013,Ellerstadt,67158,Landkreis Bad Dürkheim,Rheinland-Pfalz
445853,9772136,Ellgau,86679,Landkreis Augsburg,Bayern
410474,8125024,Ellhofen,74248,Landkreis Heilbronn,Baden-Württemberg
1418483,1054027,Ellhöft,25923,Kreis Nordfriesland,Schleswig-Holstein
1015150,9577125,Ellingen,91792,Landkreis Weißenburg-Gunzenhausen,Bayern
2247557,16066018,Ellingshausen,98617,Landkreis Schmalkalden-Meiningen,Thüringen
1156154,1059023,Ellingstedt,24870,Kreis Schleswig-Flensburg,Schleswig-Holstein
2400373,16062005,Ellrich,99755,Landkreis Nordhausen,Thüringen
1085801,7233021,Ellscheid,54552,Landkreis Vulkaneifel,Rheinland-Pfalz
915558,8136019,Ellwangen (Jagst),73479,Ostalbkreis,Baden-Württemberg
1246407,7134024,Ellweiler,55765,Landkreis Birkenfeld,Rheinland-Pfalz
964146,9774133,Ellzee,89352,Landkreis Günzburg,Bayern
374140,13073023,Elmenhorst,18510,Landkreis Vorpommern-Rügen,Mecklenburg-Vorpommern
453727,1062016,Elmenhorst,23869,Kreis Stormarn,Schleswig-Holstein
1467348,1053027,Elmenhorst,21493,Kreis Herzogtum Lauenburg,Schleswig-Holstein
390655,13072030,Elmenhorst/Lichtenhagen,18107,Landkreis Rostock,Mecklenburg-Vorpommern
443302,1056015,Elmshorn,25335,Kreis Pinneberg,Schleswig-Holstein
443302,1056015,Elmshorn,25336,Kreis Pinneberg,Schleswig-Holstein
443302,1056015,Elmshorn,25337,Kreis Pinneberg,Schleswig-Holstein
1249989,7332014,Elmstein,67471,Landkreis Bad Dürkheim,Rheinland-Pfalz
417592,1051027,Elpersbüttel,25704,Kreis Dithmarschen,Schleswig-Holstein
168468,5362016,Elsdorf,50189,Rhein-Erft-Kreis,Nordrhein-Westfalen
1079017,3357013,Elsdorf,27404,Landkreis Rotenburg (Wümme),Niedersachsen
556602,1058047,Elsdorf-Westermühlen,24800,Kreis Rendsburg-Eckernförde,Schleswig-Holstein
956666,9273163,Elsendorf,84094,Landkreis Kelheim,Bayern
394529,9676121,Elsenfeld,63820,Landkreis Miltenberg,Bayern
532790,3461004,Elsfleth,26931,Landkreis Wesermarsch,Niedersachsen
447315,1061026,Elskop,25361,Kreis Steinburg,Schleswig-Holstein
534445,14730120,Elsnig,04880,Landkreis Nordsachsen,Sachsen
533248,7143218,Elsoff (Westerwald),56479,Westerwaldkreis,Rheinland-Pfalz
2404585,15084130,Elsteraue,06729,Burgenlandkreis,Sachsen-Anhalt
446591,14523100,Elsterberg,07985,Vogtlandkreis,Sachsen
1309584,14625120,Elsterheide - Halštrowska Hola,02979,Landkreis Bautzen,Sachsen
420241,14729100,Elstertrebnitz,04523,Landkreis Leipzig,Sachsen
1303791,12062124,Elsterwerda,04910,Landkreis Elbe-Elster,Brandenburg
1307660,14625130,Elstra - Halštrow,01920,Landkreis Bautzen,Sachsen
536630,14521180,Elterlein,09481,Erzgebirgskreis,Sachsen
387775,9674133,Eltmann,97483,Landkreis Haßberge,Bayern
408592,6439003,Eltville am Rhein,65343,Rheingau-Taunus-Kreis,Hessen
408592,6439003,Eltville am Rhein,65344,Rheingau-Taunus-Kreis,Hessen
408592,6439003,Eltville am Rhein,65345,Rheingau-Taunus-Kreis,Hessen
408592,6439003,Eltville am Rhein,65346,Rheingau-Taunus-Kreis,Hessen
408592,6439003,Eltville am Rhein,65347,Rheingau-Taunus-Kreis,Hessen
2075100,16070013,Elxleben,99334,Ilm-Kreis,Thüringen
2411240,16068009,Elxleben,99189,Landkreis Sömmerda,Thüringen
324304,6533006,Elz,65604,Landkreis Limburg-Weilburg,Hessen
1112863,8316010,Elzach,79215,Landkreis Emmendingen,Baden-Württemberg
1168912,3254014,Elze,31008,Landkreis Hildesheim,Niedersachsen
403740,8225117,Elztal,74834,Neckar-Odenwald-Kreis,Baden-Württemberg
1246624,7336021,Elzweiler,66887,Landkreis Kusel,Rheinland-Pfalz
1385857,3355016,Embsen,21409,Landkreis Lüneburg,Niedersachsen
548583,1058048,Embühren,24819,Kreis Rendsburg-Eckernförde,Schleswig-Holstein
62562,3402000,Emden,26721,,Niedersachsen
62562,3402000,Emden,26723,,Niedersachsen
62562,3402000,Emden,26725,,Niedersachsen
2803463,8425035,Emeringen,88499,Alb-Donau-Kreis,Baden-Württemberg
2803398,8425036,Emerkingen,89607,Alb-Donau-Kreis,Baden-Württemberg
445151,9772137,Emersacker,86494,Landkreis Augsburg,Bayern
548546,1058049,Emkendorf,24802,Kreis Rendsburg-Eckernförde,Schleswig-Holstein
2816612,16067013,Emleben,99869,Landkreis Gotha,Thüringen
1821148,3456002,Emlichheim,49824,Landkreis Grafschaft Bentheim,Niedersachsen
1171887,7232031,Emmelbaum,54673,Eifelkreis Bitburg-Prüm,Rheinland-Pfalz
1420452,1054166,Emmelsbüll-Horsbüll,25924,Kreis Nordfriesland,Schleswig-Holstein
1182314,7140036,Emmelshausen,56281,Rhein-Hunsrück-Kreis,Rheinland-Pfalz
1124268,8316011,Emmendingen,79312,Landkreis Emmendingen,Baden-Württemberg
1246441,3360008,Emmendorf,29579,Landkreis Uelzen,Niedersachsen
167945,5154008,Emmerich am Rhein,46446,Kreis Kleve,Nordrhein-Westfalen
929918,9175136,Emmering,83550,Landkreis Ebersberg,Bayern
933487,9179119,Emmering,82275,Landkreis Fürstenfeldbruck,Bayern
1184315,3252005,Emmerthal,31860,Landkreis Hameln-Pyrmont,Niedersachsen
942032,9171114,Emmerting,84547,Landkreis Altötting,Bayern
421952,7132026,Emmerzhausen,57520,Landkreis Altenkirchen,Rheinland-Pfalz
1231982,8327057,Emmingen-Liptingen,78576,Landkreis Tuttlingen,Baden-Württemberg
2900132,16063023,Empfertshausen,36452,Wartburgkreis,Thüringen
935840,8237024,Empfingen,72186,Landkreis Freudenstadt,Baden-Württemberg
1075656,3454010,Emsbüren,48488,Landkreis Emsland,Niedersachsen
155714,5566008,Emsdetten,48282,Kreis Steinfurt,Nordrhein-Westfalen
357028,9575121,Emskirchen,91448,Landkreis Neustadt an der Aisch-Bad Windsheim,Bayern
1109687,3453005,Emstek,49685,Landkreis Cloppenburg,Niedersachsen
1292743,3361004,Emtinghausen,27321,Landkreis Verden,Niedersachsen
1070998,9472133,Emtmannsberg,95517,Landkreis Bayreuth,Bayern
1124262,8316012,Endingen,79346,Landkreis Emmendingen,Baden-Württemberg
540450,7141037,Endlichhofen,56355,Rhein-Lahn-Kreis,Rheinland-Pfalz
2506805,16076017,Endschütz,07570,Landkreis Greiz,Thüringen
2012816,3456003,Engden,48465,Landkreis Grafschaft Bentheim,Niedersachsen
447192,1061027,Engelbrechtsche Wildnis,25348,Kreis Steinburg,Schleswig-Holstein
941604,9189115,Engelsberg,84549,Landkreis Traunstein,Bayern
57996,8236013,Engelsbrand,75331,Enzkreis,Baden-Württemberg
444947,3359015,Engelschoff,21710,Landkreis Stade,Niedersachsen
173854,5374008,Engelskirchen,51766,Oberbergischer Kreis,Nordrhein-Westfalen
1245799,7339016,Engelstadt,55270,Landkreis Mainz-Bingen,Rheinland-Pfalz
966156,9574120,Engelthal,91238,Landkreis Nürnberger Land,Bayern
1104293,8335022,Engen,78234,Landkreis Konstanz,Baden-Württemberg
147441,5758008,Enger,32130,Kreis Herford,Nordrhein-Westfalen
1416962,1054167,Enge-Sande,25917,Kreis Nordfriesland,Schleswig-Holstein
2773169,8415089,Engstingen,72829,Landkreis Reutlingen,Baden-Württemberg
2772632,8415019,Eningen unter Achalm,72800,Landkreis Reutlingen,Baden-Württemberg
1186706,7335004,Enkenbach-Alsenborn,67677,Landkreis Kaiserslautern,Rheinland-Pfalz
1261695,7231029,Enkirch,56850,Landkreis Bernkastel-Wittlich,Rheinland-Pfalz
1813352,5954008,Ennepetal,58256,Ennepe-Ruhr-Kreis,Nordrhein-Westfalen
152288,5570020,Ennigerloh,59320,Kreis Warendorf,Nordrhein-Westfalen
1255938,7235019,Ensch,54340,Landkreis Trier-Saarburg,Rheinland-Pfalz
1028544,9371120,Ensdorf,92266,Landkreis Amberg-Sulzbach,Bayern
1184563,10044123,Ensdorf/Saar,66806,Landkreis Saarlouis,Saarland
153511,5974012,Ense,59469,Kreis Soest,Nordrhein-Westfalen
1248402,7331019,Ensheim,55232,Landkreis Alzey-Worms,Rheinland-Pfalz
535005,7143219,Enspel,57647,Westerwaldkreis,Rheinland-Pfalz
1152687,7232032,Enzen,54646,Eifelkreis Bitburg-Prüm,Rheinland-Pfalz
911671,8235025,Enzklösterle,75337,Landkreis Calw,Baden-Württemberg
416356,1051028,Epenwöhrden,25704,Kreis Dithmarschen,Schleswig-Holstein
453368,8226017,Epfenbach,74925,Rhein-Neckar-Kreis,Baden-Württemberg
943751,8325015,Epfendorf,78736,Landkreis Rottweil,Baden-Württemberg
1187149,10043111,Eppelborn,66571,Landkreis Neunkirchen,Saarland
454169,8226018,Eppelheim,69214,Rhein-Neckar-Kreis,Baden-Württemberg
1248573,7331020,Eppelsheim,55234,Landkreis Alzey-Worms,Rheinland-Pfalz
448132,7135026,Eppenberg,56759,Landkreis Cochem-Zell,Rheinland-Pfalz
1251152,7340008,Eppenbrunn,66957,Landkreis Südwestpfalz,Rheinland-Pfalz
416476,14522110,Eppendorf,09575,Landkreis Mittelsachsen,Sachsen
537141,7141038,Eppenrod,65558,Rhein-Lahn-Kreis,Rheinland-Pfalz
958972,9272116,Eppenschlag,94536,Landkreis Freyung-Grafenau,Bayern
452391,6432005,Eppertshausen,64859,Landkreis Darmstadt-Dieburg,Hessen
410520,8125026,Eppingen,75031,Landkreis Heilbronn,Baden-Württemberg
957745,9778134,Eppishausen,87745,Landkreis Unterallgäu,Bayern
393359,6436002,Eppstein,65817,Main-Taunus-Kreis,Hessen
451798,6437006,Erbach,64711,Odenwaldkreis,Hessen
451798,6437006,Erbach,64743,Odenwaldkreis,Hessen
1241477,7140037,Erbach,55494,Rhein-Hunsrück-Kreis,Rheinland-Pfalz
2790226,8425039,Erbach,89155,Alb-Donau-Kreis,Baden-Württemberg
975241,9377116,Erbendorf,92681,Landkreis Tirschenreuth,Bayern
2536307,16066019,Erbenhausen,98634,Landkreis Schmalkalden-Meiningen,Thüringen
1248576,7331021,Erbes-Büdesheim,55234,Landkreis Alzey-Worms,Rheinland-Pfalz
1258361,7231030,Erden,54492,Landkreis Bernkastel-Wittlich,Rheinland-Pfalz
1246629,7336022,Erdesbach,66887,Landkreis Kusel,Rheinland-Pfalz
934743,9177117,Erding,85435,Landkreis Erding,Bayern
405288,8118014,Erdmannhausen,71729,Landkreis Ludwigsburg,Baden-Württemberg
546905,9174118,Erdweg,85253,Landkreis Dachau,Bayern
944923,9181118,Eresing,86922,Landkreis Landsberg am Lech,Bayern
944923,9181118,Eresing,86926,Landkreis Landsberg am Lech,Bayern
944923,9181118,Eresing,86941,Landkreis Landsberg am Lech,Bayern
1157804,1059024,Erfde,24803,Kreis Schleswig-Flensburg,Schleswig-Holstein
168482,5362020,Erftstadt,50374,Rhein-Erft-Kreis,Nordrhein-Westfalen
62745,16051000,Erfurt,99084,,Thüringen
62745,16051000,Erfurt,99085,,Thüringen
62745,16051000,Erfurt,99086,,Thüringen
62745,16051000,Erfurt,99087,,Thüringen
62745,16051000,Erfurt,99089,,Thüringen
62745,16051000,Erfurt,99090,,Thüringen
62745,16051000,Erfurt,99091,,Thüringen
62745,16051000,Erfurt,99092,,Thüringen
62745,16051000,Erfurt,99094,,Thüringen
62745,16051000,Erfurt,99095,,Thüringen
62745,16051000,Erfurt,99097,,Thüringen
62745,16051000,Erfurt,99098,,Thüringen
62745,16051000,Erfurt,99099,,Thüringen
1251117,7340009,Erfweiler,66996,Landkreis Südwestpfalz,Rheinland-Pfalz
356765,9575122,Ergersheim,91465,Landkreis Neustadt an der Aisch-Bad Windsheim,Bayern
539709,7141039,Ergeshausen,56368,Rhein-Lahn-Kreis,Rheinland-Pfalz
179445,9274126,Ergolding,84030,Landkreis Landshut,Bayern
179310,9274127,Ergoldsbach,84061,Landkreis Landshut,Bayern
941002,9183116,Erharting,84513,Landkreis Mühldorf am Inn,Bayern
957052,9277118,Ering,94140,Landkreis Rottal-Inn,Bayern
2783822,8435013,Eriskirch,88097,Bodenseekreis,Baden-Württemberg
67333,5370004,Erkelenz,41812,Kreis Heinsberg,Nordrhein-Westfalen
2795577,8116018,Erkenbrechtsweiler,73268,Landkreis Esslingen,Baden-Württemberg
1432640,3158012,Erkerode,38173,Landkreis Wolfenbüttel,Niedersachsen
968910,9778136,Erkheim,87746,Landkreis Unterallgäu,Bayern
55780,12067124,Erkner,15537,Landkreis Oder-Spree,Brandenburg
66535,5158004,Erkrath,40699,Kreis Mettmann,Nordrhein-Westfalen
181150,9679128,Erlabrunn,97250,Landkreis Würzburg,Bayern
62403,9562000,Erlangen,91052,,Bayern
62403,9562000,Erlangen,91054,,Bayern
62403,9562000,Erlangen,91056,,Bayern
62403,9562000,Erlangen,91058,,Bayern
414697,14522120,Erlau,09306,Landkreis Mittelsachsen,Sachsen
942016,9171115,Erlbach,84567,Landkreis Altötting,Bayern
410472,8125027,Erlenbach,74235,Landkreis Heilbronn,Baden-Württemberg
394527,9676122,Erlenbach am Main,63906,Landkreis Miltenberg,Bayern
1251122,7340010,Erlenbach bei Dahn,76891,Landkreis Südwestpfalz,Rheinland-Pfalz
1252351,7334004,Erlenbach bei Kandel,76872,Landkreis Germersheim,Rheinland-Pfalz
335466,9677125,Erlenbach b. Marktheidenfeld,97837,Landkreis Main-Spessart,Bayern
2801245,8426043,Erlenmoos,88416,Landkreis Biberach,Baden-Württemberg
535896,6435007,Erlensee,63526,Main-Kinzig-Kreis,Hessen
405784,8118015,Erligheim,74391,Landkreis Ludwigsburg,Baden-Württemberg
391188,9674223,Ermershausen,96126,Landkreis Haßberge,Bayern
163246,5970012,Erndtebrück,57339,Kreis Siegen-Wittgenstein,Nordrhein-Westfalen
380993,9186116,Ernsgaden,85119,Landkreis Pfaffenhofen an der Ilm,Bayern
1259309,7135027,Ernst,56814,Landkreis Cochem-Zell,Rheinland-Pfalz
1163502,7232033,Ernzen,54668,Eifelkreis Bitburg-Prüm,Rheinland-Pfalz
2801246,8426044,Erolzheim,88453,Landkreis Biberach,Baden-Württemberg
172382,7138019,Erpel,53579,Landkreis Neuwied,Rheinland-Pfalz
1249953,7332015,Erpolzheim,67167,Landkreis Bad Dürkheim,Rheinland-Pfalz
418137,7132027,Ersfeld,57635,Landkreis Altenkirchen,Rheinland-Pfalz
2802282,8426045,Ertingen,88521,Landkreis Biberach,Baden-Württemberg
153399,5974016,Erwitte,59597,Kreis Soest,Nordrhein-Westfalen
1286668,15083205,Erxleben,39343,Landkreis Börde,Sachsen-Anhalt
1253793,7335005,Erzenhausen,67685,Landkreis Kaiserslautern,Rheinland-Pfalz
452420,6432006,Erzhausen,64390,Landkreis Darmstadt-Dieburg,Hessen
1076003,7233022,Esch,54585,Landkreis Vulkaneifel,Rheinland-Pfalz
1259142,7231031,Esch,54518,Landkreis Bernkastel-Wittlich,Rheinland-Pfalz
915431,8136020,Eschach,73569,Ostalbkreis,Baden-Württemberg
395438,9676123,Eschau,63863,Landkreis Miltenberg,Bayern
540451,7141040,Eschbach,56357,Rhein-Lahn-Kreis,Rheinland-Pfalz
1252727,7337022,Eschbach,76831,Landkreis Südliche Weinstraße,Rheinland-Pfalz
1959405,8315033,Eschbach,79427,Landkreis Breisgau-Hochschwarzwald,Baden-Württemberg
423062,6436003,Eschborn,65760,Main-Taunus-Kreis,Hessen
943749,8325071,Eschbronn,78664,Landkreis Rottweil,Baden-Württemberg
2014145,3456004,Esche,49828,Landkreis Grafschaft Bentheim,Niedersachsen
158443,1053028,Escheburg,21039,Kreis Herzogtum Lauenburg,Schleswig-Holstein
3411187,3351025,Eschede,29348,Landkreis Celle,Niedersachsen
3411187,3351025,Eschede,29359,Landkreis Celle,Niedersachsen
3411187,3351025,Eschede,29361,Landkreis Celle,Niedersachsen
453377,8226020,Eschelbronn,74927,Rhein-Neckar-Kreis,Baden-Württemberg
2792614,8117020,Eschenbach,73037,Landkreis Göppingen,Baden-Württemberg
2792614,8117020,Eschenbach,73107,Landkreis Göppingen,Baden-Württemberg
1059435,9374117,Eschenbach i.d.OPf.,92676,Landkreis Neustadt an der Waldnaab,Bayern
2818332,16067016,Eschenbergen,99869,Landkreis Gotha,Thüringen
215965,6532009,Eschenburg,35713,Lahn-Dill-Kreis,Hessen
939358,9180114,Eschenlohe,82438,Landkreis Garmisch-Partenkirchen,Bayern
1184657,3255013,Eschershausen,37632,Landkreis Holzminden,Niedersachsen
1113728,7232220,Eschfeld,54619,Eifelkreis Bitburg-Prüm,Rheinland-Pfalz
959883,9372124,Eschlkam,93458,Landkreis Cham,Bayern
549419,6636003,Eschwege,37269,Werra-Meißner-Kreis,Hessen
157995,5334012,Eschweiler,52249,Städteregion Aachen,Nordrhein-Westfalen
2012454,3462003,Esens,26427,Landkreis Wittmund,Niedersachsen
1145092,1059109,Esgrus,24402,Kreis Schleswig-Flensburg,Schleswig-Holstein
1059453,9374118,Eslarn,92693,Landkreis Neustadt an der Waldnaab,Bayern
157419,5958016,Eslohe,59889,Hochsauerlandkreis,Nordrhein-Westfalen
145253,5770008,Espelkamp,32339,Kreis Minden-Lübbecke,Nordrhein-Westfalen
531464,6633007,Espenau,34314,Landkreis Kassel,Hessen
2179160,16075023,Eßbach,07924,Saale-Orla-Kreis,Thüringen
1808863,3358007,Essel,29690,Landkreis Heidekreis,Niedersachsen
337248,9677126,Esselbach,97839,Landkreis Main-Spessart,Bayern
1248589,7331022,Esselborn,55234,Landkreis Alzey-Worms,Rheinland-Pfalz
62713,5113000,Essen,45127,,Nordrhein-Westfalen
62713,5113000,Essen,45128,,Nordrhein-Westfalen
62713,5113000,Essen,45130,,Nordrhein-Westfalen
62713,5113000,Essen,45131,,Nordrhein-Westfalen
62713,5113000,Essen,45133,,Nordrhein-Westfalen
62713,5113000,Essen,45134,,Nordrhein-Westfalen
62713,5113000,Essen,45136,,Nordrhein-Westfalen
62713,5113000,Essen,45138,,Nordrhein-Westfalen
62713,5113000,Essen,45139,,Nordrhein-Westfalen
62713,5113000,Essen,45141,,Nordrhein-Westfalen
62713,5113000,Essen,45143,,Nordrhein-Westfalen
62713,5113000,Essen,45144,,Nordrhein-Westfalen
62713,5113000,Essen,45145,,Nordrhein-Westfalen
62713,5113000,Essen,45147,,Nordrhein-Westfalen
62713,5113000,Essen,45149,,Nordrhein-Westfalen
62713,5113000,Essen,45219,,Nordrhein-Westfalen
62713,5113000,Essen,45239,,Nordrhein-Westfalen
62713,5113000,Essen,45257,,Nordrhein-Westfalen
62713,5113000,Essen,45259,,Nordrhein-Westfalen
62713,5113000,Essen,45276,,Nordrhein-Westfalen
62713,5113000,Essen,45277,,Nordrhein-Westfalen
62713,5113000,Essen,45279,,Nordrhein-Westfalen
62713,5113000,Essen,45289,,Nordrhein-Westfalen
62713,5113000,Essen,45307,,Nordrhein-Westfalen
62713,5113000,Essen,45309,,Nordrhein-Westfalen
62713,5113000,Essen,45326,,Nordrhein-Westfalen
62713,5113000,Essen,45327,,Nordrhein-Westfalen
62713,5113000,Essen,45329,,Nordrhein-Westfalen
62713,5113000,Essen,45355,,Nordrhein-Westfalen
62713,5113000,Essen,45356,,Nordrhein-Westfalen
62713,5113000,Essen,45357,,Nordrhein-Westfalen
62713,5113000,Essen,45359,,Nordrhein-Westfalen
179470,9274128,Essenbach,84051,Landkreis Landshut,Bayern
1245314,7339017,Essenheim,55270,Landkreis Mainz-Bingen,Rheinland-Pfalz
1101377,3453006,Essen (Oldenburg),49632,Landkreis Cloppenburg,Niedersachsen
956662,9273121,Essing,93343,Landkreis Kelheim,Bayern
1252804,7337023,Essingen,76879,Landkreis Südliche Weinstraße,Rheinland-Pfalz
2792055,8136021,Essingen,73457,Ostalbkreis,Baden-Württemberg
2792055,8136021,Essingen,73563,Ostalbkreis,Baden-Württemberg
2792055,8136021,Essingen,73566,Ostalbkreis,Baden-Württemberg
1152710,7232034,Eßlingen,54636,Eifelkreis Bitburg-Prüm,Rheinland-Pfalz
2792882,8116019,Esslingen am Neckar,73728,Landkreis Esslingen,Baden-Württemberg
2792882,8116019,Esslingen am Neckar,73730,Landkreis Esslingen,Baden-Württemberg
2792882,8116019,Esslingen am Neckar,73732,Landkreis Esslingen,Baden-Württemberg
2792882,8116019,Esslingen am Neckar,73733,Landkreis Esslingen,Baden-Württemberg
2792882,8116019,Esslingen am Neckar,73734,Landkreis Esslingen,Baden-Württemberg
1246682,7336023,Eßweiler,67754,Landkreis Kusel,Rheinland-Pfalz
182348,9679130,Estenfeld,97230,Landkreis Würzburg,Bayern
2007738,3454011,Esterwegen,26897,Landkreis Emsland,Niedersachsen
1249991,7332016,Esthal,67466,Landkreis Bad Dürkheim,Rheinland-Pfalz
1249991,7332016,Esthal,67468,Landkreis Bad Dürkheim,Rheinland-Pfalz
1249991,7332016,Esthal,67472,Landkreis Bad Dürkheim,Rheinland-Pfalz
445789,3359016,Estorf,21727,Landkreis Stade,Niedersachsen
1183261,3256006,Estorf,31629,Landkreis Nienburg/Weser,Niedersachsen
1258429,7231032,Etgert,54424,Landkreis Bernkastel-Wittlich,Rheinland-Pfalz
1246580,7336024,Etschberg,66871,Landkreis Kusel,Rheinland-Pfalz
939317,9180115,Ettal,82488,Landkreis Garmisch-Partenkirchen,Bayern
1140553,7232035,Etteldorf,54655,Eifelkreis Bitburg-Prüm,Rheinland-Pfalz
453009,8317026,Ettenheim,77955,Ortenaukreis,Baden-Württemberg
1015147,9577127,Ettenstatt,91796,Landkreis Weißenburg-Gunzenhausen,Bayern
2856992,16071017,Ettersburg,99439,Landkreis Weimarer Land,Thüringen
534477,7143220,Ettinghausen,56244,Westerwaldkreis,Rheinland-Pfalz
659839,8215017,Ettlingen,76275,Landkreis Karlsruhe,Baden-Württemberg
548040,7137025,Ettringen,56729,Landkreis Mayen-Koblenz,Rheinland-Pfalz
958166,9778137,Ettringen,86833,Landkreis Unterallgäu,Bayern
420581,7132028,Etzbach,57539,Landkreis Altenkirchen,Rheinland-Pfalz
1028560,9371140,Etzelwang,92268,Landkreis Amberg-Sulzbach,Bayern
1059452,9374119,Etzenricht,92694,Landkreis Neustadt an der Waldnaab,Bayern
2388429,16065016,Etzleben,06577,Kyffhäuserkreis,Thüringen
318736,9678128,Euerbach,97502,Landkreis Schweinfurt,Bayern
383697,9672122,Euerdorf,97717,Landkreis Bad Kissingen,Bayern
415007,7132029,Eulenberg,57632,Landkreis Altenkirchen,Rheinland-Pfalz
1253795,7335006,Eulenbis,67685,Landkreis Kaiserslautern,Rheinland-Pfalz
1259828,7135028,Eulgem,56761,Landkreis Cochem-Zell,Rheinland-Pfalz
395727,9771129,Eurasburg,86495,Landkreis Aichach-Friedberg,Bayern
935157,9173123,Eurasburg,82547,Landkreis Bad Tölz-Wolfratshausen,Bayern
1113760,7232221,Euscheid,54597,Eifelkreis Bitburg-Prüm,Rheinland-Pfalz
1403657,5366016,Euskirchen,53879,Kreis Euskirchen,Nordrhein-Westfalen
1403657,5366016,Euskirchen,53881,Kreis Euskirchen,Nordrhein-Westfalen
336477,9677127,Eußenheim,97776,Landkreis Main-Spessart,Bayern
1252776,7337024,Eußerthal,76857,Landkreis Südliche Weinstraße,Rheinland-Pfalz
382408,1055012,Eutin,23701,Kreis Ostholstein,Schleswig-Holstein
935841,8237027,Eutingen im Gäu,72184,Landkreis Freudenstadt,Baden-Württemberg
2012364,3462004,Eversmeer,26556,Landkreis Wittmund,Niedersachsen
152294,5570024,Everswinkel,48351,Kreis Warendorf,Nordrhein-Westfalen
1432635,3158013,Evessen,38173,Landkreis Wolfenbüttel,Niedersachsen
533580,7143221,Ewighausen,56244,Westerwaldkreis,Rheinland-Pfalz
142695,5766028,Extertal,32699,Kreis Lippe,Nordrhein-Westfalen
1621066,3251017,Eydelstedt,49406,Landkreis Diepholz,Niedersachsen
310316,3353010,Eyendorf,21376,Landkreis Harburg,Niedersachsen
2014297,3256007,Eystrup,27324,Landkreis Nienburg/Weser,Niedersachsen
535718,7141041,Fachbach,56133,Rhein-Lahn-Kreis,Rheinland-Pfalz
1157534,1059026,Fahrdorf,24857,Kreis Schleswig-Flensburg,Schleswig-Holstein
181765,1057018,Fahren,24253,Kreis Plön,Schleswig-Holstein
403739,8225024,Fahrenbach,74864,Neckar-Odenwald-Kreis,Baden-Württemberg
422844,1060020,Fahrenkrug,23795,Kreis Segeberg,Schleswig-Holstein
1410899,13075032,Fahrenwalde,17309,Landkreis Vorpommern-Greifswald,Mecklenburg-Vorpommern
30014,9178123,Fahrenzhausen,85777,Landkreis Freising,Bayern
1259313,7135029,Faid,56814,Landkreis Cochem-Zell,Rheinland-Pfalz
957045,9277119,Falkenberg,84326,Landkreis Rottal-Inn,Bayern
968894,9377117,Falkenberg,95685,Landkreis Tirschenreuth,Bayern
1332949,12064125,Falkenberg,16259,Landkreis Märkisch-Oderland,Brandenburg
62400,6412000,Frankfurt am Main,60316,,Hessen
1303469,12062128,Falkenberg/Elster,04895,Landkreis Elbe-Elster,Brandenburg
959638,9278120,Falkenfels,94350,Landkreis Straubing-Bogen,Bayern
1332950,12064128,Falkenhagen (Mark),15306,Landkreis Märkisch-Oderland,Brandenburg
1251557,12063080,Falkensee,14612,Landkreis Havelland,Brandenburg
961329,9372125,Falkenstein,93167,Landkreis Cham,Bayern
1254709,7333020,Falkenstein,67808,Donnersbergkreis,Rheinland-Pfalz
64313,15085110,Falkenstein/Harz,06333,Landkreis Harz,Sachsen-Anhalt
64313,15085110,Falkenstein/Harz,06463,Landkreis Harz,Sachsen-Anhalt
64313,15085110,Falkenstein/Harz,06543,Landkreis Harz,Sachsen-Anhalt
444321,14523120,Falkenstein/Vogtland,08223,Vogtlandkreis,Sachsen
444321,14523120,Falkenstein/Vogtland,08239,Vogtlandkreis,Sachsen
2820964,16066022,Fambach,98597,Landkreis Schmalkalden-Meiningen,Thüringen
939345,9180116,Farchant,82490,Landkreis Garmisch-Partenkirchen,Bayern
176741,1057090,Fargau-Pratjau,24256,Kreis Plön,Schleswig-Holstein
2406525,15088100,Farnstädt,06279,Saalekreis,Sachsen-Anhalt
1256955,7235021,Farschweiler,54317,Landkreis Trier-Saarburg,Rheinland-Pfalz
1079016,3357014,Farven,27446,Landkreis Rotenburg (Wümme),Niedersachsen
1797919,3351010,Faßberg,29328,Landkreis Celle,Niedersachsen
394513,9676124,Faulbach,97906,Landkreis Miltenberg,Bayern
1427272,13071032,Faulenrost,17139,Landkreis Mecklenburgische Seenplatte,Mecklenburg-Vorpommern
952359,1051030,Fedderingen,25779,Kreis Dithmarschen,Schleswig-Holstein
451704,7143222,Fehl-Ritzhausen,56472,Westerwaldkreis,Rheinland-Pfalz
382448,1055046,Fehmarn,23769,Kreis Ostholstein,Schleswig-Holstein
1302389,12068117,Fehrbellin,16818,Landkreis Ostprignitz-Ruppin,Brandenburg
1302389,12068117,Fehrbellin,16833,Landkreis Ostprignitz-Ruppin,Brandenburg
1302389,12068117,Fehrbellin,16845,Landkreis Ostprignitz-Ruppin,Brandenburg
942115,9171116,Feichten an der Alz,84550,Landkreis Altötting,Bayern
1244037,7133030,Feilbingert,67824,Landkreis Bad Kreuznach,Rheinland-Pfalz
1021692,9475123,Feilitzsch,95183,Landkreis Hof,Bayern
1152683,7232036,Feilsdorf,54636,Eifelkreis Bitburg-Prüm,Rheinland-Pfalz
932437,9188118,Feldafing,82340,Landkreis Starnberg,Bayern
418335,6535003,Feldatal,36325,Vogelsbergkreis,Hessen
317609,8315037,Feldberg,79868,Landkreis Breisgau-Hochschwarzwald,Baden-Württemberg
1419920,13071033,Feldberger Seenlandschaft,17258,Landkreis Mecklenburgische Seenplatte,Mecklenburg-Vorpommern
548501,1058050,Felde,24242,Kreis Rendsburg-Eckernförde,Schleswig-Holstein
532396,1062093,Feldhorst,23858,Kreis Stormarn,Schleswig-Holstein
959643,9278121,Feldkirchen,94351,Landkreis Straubing-Bogen,Bayern
2168242,9184118,Feldkirchen,85622,Landkreis München,Bayern
2186920,9187130,Feldkirchen-Westerham,83620,Landkreis Rosenheim,Bayern
1322602,12071074,Felixsee,03130,Landkreis Spree-Neiße,Brandenburg
1255915,7235022,Fell,54341,Landkreis Trier-Saarburg,Rheinland-Pfalz
401692,8119020,Fellbach,70734,Rems-Murr-Kreis,Baden-Württemberg
401692,8119020,Fellbach,70736,Rems-Murr-Kreis,Baden-Württemberg
349936,9677128,Fellen,97778,Landkreis Main-Spessart,Bayern
958631,9778139,Fellheim,87748,Landkreis Unterallgäu,Bayern
548489,1058051,Felm,24161,Kreis Rendsburg-Eckernförde,Schleswig-Holstein
548489,1058051,Felm,24214,Kreis Rendsburg-Eckernförde,Schleswig-Holstein
548489,1058051,Felm,24244,Kreis Rendsburg-Eckernförde,Schleswig-Holstein
452193,6634003,Felsberg,34587,Schwalm-Eder-Kreis,Hessen
421920,7132030,Fensdorf,57580,Landkreis Altenkirchen,Rheinland-Pfalz
962182,9376125,Fensterbach,92269,Landkreis Schwandorf,Bayern
1410797,13075033,Ferdinandshof,17379,Landkreis Vorpommern-Greifswald,Mecklenburg-Vorpommern
2393748,16061031,Ferna,37339,Landkreis Eichsfeld,Thüringen
418621,6531004,Fernwald,35463,Landkreis Gießen,Hessen
1163512,7232037,Ferschweiler,54668,Eifelkreis Bitburg-Prüm,Rheinland-Pfalz
64626,9574123,Feucht,90537,Landkreis Nürnberger Land,Bayern
534090,9571145,Feuchtwangen,91555,Landkreis Ansbach,Bayern
1108076,7232222,Feuerscheid,54597,Eifelkreis Bitburg-Prüm,Rheinland-Pfalz
1075990,7233023,Feusdorf,54584,Landkreis Vulkaneifel,Rheinland-Pfalz
1071014,9472138,Fichtelberg,95686,Landkreis Bayreuth,Bayern
390787,8127102,Fichtenau,74579,Landkreis Schwäbisch Hall,Baden-Württemberg
391364,8127023,Fichtenberg,74427,Landkreis Schwäbisch Hall,Baden-Württemberg
1332897,12064130,Fichtenhöhe,15306,Landkreis Märkisch-Oderland,Brandenburg
1303813,12062134,Fichtwald,04936,Landkreis Elbe-Elster,Brandenburg
176737,1057020,Fiefbergen,24217,Kreis Plön,Schleswig-Holstein
418138,7132031,Fiersbach,57635,Landkreis Altenkirchen,Rheinland-Pfalz
2796535,8116077,Filderstadt,70794,Landkreis Esslingen,Baden-Württemberg
2796535,8116077,Filderstadt,71111,Landkreis Esslingen,Baden-Württemberg
536241,7141042,Filsen,56341,Rhein-Lahn-Kreis,Rheinland-Pfalz
1187427,3457008,Filsum,26849,Landkreis Leer,Niedersachsen
1269809,7135030,Filz,56766,Landkreis Cochem-Zell,Rheinland-Pfalz
1424148,13071034,Fincken,17209,Landkreis Mecklenburgische Seenplatte,Mecklenburg-Vorpommern
1253879,7333021,Finkenbach-Gersweiler,67822,Donnersbergkreis,Rheinland-Pfalz
2020633,13072031,Finkenthal,17179,Landkreis Rostock,Mecklenburg-Vorpommern
2402383,15084132,Finne,06647,Burgenlandkreis,Sachsen-Anhalt
2402403,15084133,Finneland,06647,Burgenlandkreis,Sachsen-Anhalt
163177,5966012,Finnentrop,57413,Kreis Olpe,Nordrhein-Westfalen
933966,9181120,Finning,86923,Landkreis Landsberg am Lech,Bayern
957089,9773150,Finningen,89435,Landkreis Dillingen an der Donau,Bayern
934744,9177118,Finsing,85464,Landkreis Erding,Bayern
1322947,12062140,Finsterwalde,03238,Landkreis Elbe-Elster,Brandenburg
357073,3357015,Fintel,27389,Landkreis Rotenburg (Wümme),Niedersachsen
2012929,3457009,Firrel,26835,Landkreis Leer,Niedersachsen
1256028,7235025,Fisch,54439,Landkreis Trier-Saarburg,Rheinland-Pfalz
968903,9772141,Fischach,86850,Landkreis Augsburg,Bayern
1245111,7134025,Fischbach,55743,Landkreis Birkenfeld,Rheinland-Pfalz
1248683,7335007,Fischbach,67693,Landkreis Kaiserslautern,Rheinland-Pfalz
935958,9182114,Fischbachau,83730,Landkreis Miesbach,Bayern
1251116,7340011,Fischbach bei Dahn,66996,Landkreis Südwestpfalz,Rheinland-Pfalz
1171871,7232038,Fischbach-Oberraden,54675,Eifelkreis Bitburg-Prüm,Rheinland-Pfalz
452421,6432007,Fischbachtal,64405,Landkreis Darmstadt-Dieburg,Hessen
957925,9780121,Fischen im Allgäu,87538,Landkreis Oberallgäu,Bayern
453019,8317029,Fischerbach,77716,Ortenaukreis,Baden-Württemberg
1130302,8336024,Fischingen,79592,Landkreis Lörrach,Baden-Württemberg
450219,1061028,Fitzbek,25579,Kreis Steinburg,Schleswig-Holstein
1475323,1053029,Fitzen,21514,Kreis Herzogtum Lauenburg,Schleswig-Holstein
534271,9571146,Flachslanden,91604,Landkreis Ansbach,Bayern
538922,7141043,Flacht,65558,Rhein-Lahn-Kreis,Rheinland-Pfalz
386919,9673123,Fladungen,97650,Landkreis Rhön-Grabfeld,Bayern
415721,7132032,Flammersfeld,57632,Landkreis Altenkirchen,Rheinland-Pfalz
1286647,15083230,Flechtingen,39345,Landkreis Börde,Sachsen-Anhalt
1286647,15083230,Flechtingen,39356,Landkreis Börde,Sachsen-Anhalt
1286647,15083230,Flechtingen,39359,Landkreis Börde,Sachsen-Anhalt
557144,1058052,Fleckeby,24357,Kreis Rendsburg-Eckernförde,Schleswig-Holstein
410495,8125030,Flein,74223,Landkreis Heilbronn,Baden-Württemberg
2808128,8436032,Fleischwangen,88373,Landkreis Ravensburg,Baden-Württemberg
1252491,7337025,Flemlingen,76835,Landkreis Südliche Weinstraße,Rheinland-Pfalz
27020,1001000,Flensburg,24937,,Schleswig-Holstein
27020,1001000,Flensburg,24939,,Schleswig-Holstein
27020,1001000,Flensburg,24941,,Schleswig-Holstein
27020,1001000,Flensburg,24943,,Schleswig-Holstein
27020,1001000,Flensburg,24944,,Schleswig-Holstein
1108044,7232223,Fleringen,54597,Eifelkreis Bitburg-Prüm,Rheinland-Pfalz
454874,6631008,Flieden,36103,Landkreis Fulda,Hessen
1152701,7232039,Fließem,54636,Eifelkreis Bitburg-Prüm,Rheinland-Pfalz
1334103,12073157,Flieth-Stegelitz,17268,Landkreis Uckermark,Brandenburg
553468,1058053,Flintbek,24220,Kreis Rendsburg-Eckernförde,Schleswig-Holstein
2186921,9187131,Flintsbach am Inn,83126,Landkreis Rosenheim,Bayern
162283,14522140,Flöha,09557,Landkreis Mittelsachsen,Sachsen
1138608,16066023,Floh-Seligenthal,98593,Landkreis Schmalkalden-Meiningen,Thüringen
1248577,7331024,Flomborn,55234,Landkreis Alzey-Worms,Rheinland-Pfalz
1248586,7331025,Flonheim,55237,Landkreis Alzey-Worms,Rheinland-Pfalz
535931,6435008,Flörsbachtal,63639,Main-Kinzig-Kreis,Hessen
414751,6436004,Flörsheim,65439,Main-Taunus-Kreis,Hessen
1248703,7331023,Flörsheim-Dalsheim,67592,Landkreis Alzey-Worms,Rheinland-Pfalz
450115,6440007,Florstadt,61197,Wetteraukreis,Hessen
1059461,9374121,Floß,92685,Landkreis Neustadt an der Waldnaab,Bayern
1059451,9374122,Flossenbürg,92696,Landkreis Neustadt an der Waldnaab,Bayern
1432665,3158014,Flöthe,38312,Landkreis Wolfenbüttel,Niedersachsen
943737,8325070,Fluorn-Winzeln,78737,Landkreis Rottweil,Baden-Württemberg
1258640,7231033,Flußbach,54516,Landkreis Bernkastel-Wittlich,Rheinland-Pfalz
418867,7132033,Fluterschen,57614,Landkreis Altenkirchen,Rheinland-Pfalz
548574,1058054,Fockbek,24787,Kreis Rendsburg-Eckernförde,Schleswig-Holstein
1246621,7336025,Föckelberg,66887,Landkreis Kusel,Rheinland-Pfalz
2714341,16077005,Fockendorf,04617,Landkreis Altenburger Land,Thüringen
423186,1060021,Föhrden-Barl,25563,Kreis Segeberg,Schleswig-Holstein
1255882,7235026,Föhren,54343,Landkreis Trier-Saarburg,Rheinland-Pfalz
1245054,7134026,Fohren-Linden,55777,Landkreis Birkenfeld,Rheinland-Pfalz
907194,8216013,Forbach,76596,Landkreis Rastatt,Baden-Württemberg
1080467,9474126,Forchheim,91301,Landkreis Forchheim,Bayern
1124264,8316013,Forchheim,79362,Landkreis Emmendingen,Baden-Württemberg
376921,8126028,Forchtenberg,74670,Hohenlohekreis,Baden-Württemberg
962452,9779146,Forheim,86735,Landkreis Donau-Ries,Bayern
8439259,16072024,Föritztal,96524,Landkreis Sonneberg,Thüringen
420583,7132034,Forst,57537,Landkreis Altenkirchen,Rheinland-Pfalz
659811,8215021,Forst,76694,Landkreis Karlsruhe,Baden-Württemberg
1249972,7332017,Forst an der Weinstraße,67147,Landkreis Bad Dürkheim,Rheinland-Pfalz
1266507,7135031,Forst (Eifel),56754,Landkreis Cochem-Zell,Rheinland-Pfalz
934759,9177119,Forstern,85659,Landkreis Erding,Bayern
1269738,7135032,Forst (Hunsrück),56858,Landkreis Cochem-Zell,Rheinland-Pfalz
929820,9175118,Forstinning,85661,Landkreis Ebersberg,Bayern
1322605,12071076,Forst (Lausitz) - Baršć,03149,Landkreis Spree-Neiße,Brandenburg
418141,7132035,Forstmehren,57635,Landkreis Altenkirchen,Rheinland-Pfalz
1248579,7331026,Framersheim,55234,Landkreis Alzey-Worms,Rheinland-Pfalz
349418,9677129,Frammersbach,97833,Landkreis Main-Spessart,Bayern
1253781,7335009,Frankelbach,67737,Landkreis Kaiserslautern,Rheinland-Pfalz
443586,6635010,Frankenau,35110,Landkreis Waldeck-Frankenberg,Hessen
443587,6635011,Frankenberg (Eder),35066,Landkreis Waldeck-Frankenberg,Hessen
411424,14522150,Frankenberg/Sachsen,09669,Landkreis Mittelsachsen,Sachsen
1946809,16072023,Frankenblick,96528,Landkreis Sonneberg,Thüringen
2856993,16071019,Frankendorf,99441,Landkreis Weimarer Land,Thüringen
1249988,7332018,Frankeneck,67468,Landkreis Bad Dürkheim,Rheinland-Pfalz
1799472,3358009,Frankenfeld,27336,Landkreis Heidekreis,Niedersachsen
390791,8127103,Frankenhardt,74586,Landkreis Schwäbisch Hall,Baden-Württemberg
2536214,16066024,Frankenheim/Rhön,98634,Landkreis Schmalkalden-Meiningen,Thüringen
2900653,16063028,Frankenroda,99826,Wartburgkreis,Thüringen
1186702,7335010,Frankenstein,67468,Landkreis Kaiserslautern,Rheinland-Pfalz
1307627,14625140,Frankenthal,01909,Landkreis Bautzen,Sachsen
62573,7311000,Frankenthal (Pfalz),67227,,Rheinland-Pfalz
318229,9678130,Frankenwinheim,97447,Landkreis Schweinfurt,Bayern
62400,6412000,Frankfurt am Main,60306,,Hessen
62400,6412000,Frankfurt am Main,60308,,Hessen
62400,6412000,Frankfurt am Main,60310,,Hessen
62400,6412000,Frankfurt am Main,60311,,Hessen
62400,6412000,Frankfurt am Main,60312,,Hessen
62400,6412000,Frankfurt am Main,60313,,Hessen
62400,6412000,Frankfurt am Main,60314,,Hessen
62400,6412000,Frankfurt am Main,60315,,Hessen
62400,6412000,Frankfurt am Main,60318,,Hessen
62400,6412000,Frankfurt am Main,60320,,Hessen
62400,6412000,Frankfurt am Main,60322,,Hessen
62400,6412000,Frankfurt am Main,60323,,Hessen
62400,6412000,Frankfurt am Main,60325,,Hessen
62400,6412000,Frankfurt am Main,60326,,Hessen
62400,6412000,Frankfurt am Main,60327,,Hessen
62400,6412000,Frankfurt am Main,60329,,Hessen
62400,6412000,Frankfurt am Main,60385,,Hessen
62400,6412000,Frankfurt am Main,60386,,Hessen
62400,6412000,Frankfurt am Main,60388,,Hessen
62400,6412000,Frankfurt am Main,60389,,Hessen
62400,6412000,Frankfurt am Main,60431,,Hessen
62400,6412000,Frankfurt am Main,60433,,Hessen
62400,6412000,Frankfurt am Main,60435,,Hessen
62400,6412000,Frankfurt am Main,60437,,Hessen
62400,6412000,Frankfurt am Main,60438,,Hessen
62400,6412000,Frankfurt am Main,60439,,Hessen
62400,6412000,Frankfurt am Main,60486,,Hessen
62400,6412000,Frankfurt am Main,60487,,Hessen
62400,6412000,Frankfurt am Main,60488,,Hessen
62400,6412000,Frankfurt am Main,60489,,Hessen
62400,6412000,Frankfurt am Main,60528,,Hessen
62400,6412000,Frankfurt am Main,60529,,Hessen
62400,6412000,Frankfurt am Main,60549,,Hessen
62400,6412000,Frankfurt am Main,60594,,Hessen
62400,6412000,Frankfurt am Main,60596,,Hessen
62400,6412000,Frankfurt am Main,60598,,Hessen
62400,6412000,Frankfurt am Main,60599,,Hessen
62400,6412000,Frankfurt am Main,65929,,Hessen
62400,6412000,Frankfurt am Main,65931,,Hessen
62400,6412000,Frankfurt am Main,65933,,Hessen
62400,6412000,Frankfurt am Main,65934,,Hessen
62400,6412000,Frankfurt am Main,65936,,Hessen
62523,12053000,Frankfurt (Oder),15230,,Brandenburg
62523,12053000,Frankfurt (Oder),15232,,Brandenburg
62523,12053000,Frankfurt (Oder),15234,,Brandenburg
62523,12053000,Frankfurt (Oder),15236,,Brandenburg
451780,6437007,Fränkisch-Crumbach,64407,Odenwaldkreis,Hessen
1252556,7337026,Frankweiler,76833,Landkreis Südliche Weinstraße,Rheinland-Pfalz
374149,13073024,Franzburg,18461,Landkreis Vorpommern-Rügen,Mecklenburg-Vorpommern
1256089,7235027,Franzenheim,54316,Landkreis Trier-Saarburg,Rheinland-Pfalz
2186922,9187132,Frasdorf,83112,Landkreis Rosenheim,Bayern
959171,9276121,Frauenau,94258,Landkreis Regen,Bayern
1246408,7134027,Frauenberg,55776,Landkreis Birkenfeld,Rheinland-Pfalz
1314279,12066064,Frauendorf,01945,Landkreis Oberspreewald-Lausitz,Brandenburg
929916,9175119,Frauenneuharting,83553,Landkreis Ebersberg,Bayern
2778366,16074019,Frauenprießnitz,07774,Saale-Holzland-Kreis,Thüringen
416543,14522170,Frauenstein,09623,Landkreis Mittelsachsen,Sachsen
934761,9177120,Fraunberg,85447,Landkreis Erding,Bayern
417077,14524060,Fraureuth,08427,Landkreis Zwickau,Sachsen
168477,5362024,Frechen,50226,Rhein-Erft-Kreis,Nordrhein-Westfalen
1250500,7334005,Freckenfeld,76872,Landkreis Germersheim,Rheinland-Pfalz
1471099,1053030,Fredeburg,23909,Kreis Herzogtum Lauenburg,Schleswig-Holstein
445844,3359017,Fredenbeck,21717,Landkreis Stade,Niedersachsen
6680431,3254042,Freden (Leine),31084,Landkreis Hildesheim,Niedersachsen
1332959,12064136,Fredersdorf-Vogelsdorf,15370,Landkreis Märkisch-Oderland,Brandenburg
422731,1060022,Fredesdorf,23826,Kreis Segeberg,Schleswig-Holstein
1124270,8316054,Freiamt,79348,Landkreis Emmendingen,Baden-Württemberg
416561,14522180,Freiberg,09599,Landkreis Mittelsachsen,Sachsen
405309,8118078,Freiberg am Neckar,71691,Landkreis Ludwigsburg,Baden-Württemberg
446465,3359018,Freiburg (Elbe),21729,Landkreis Stade,Niedersachsen
62768,8311000,Freiburg im Breisgau,79098,,Baden-Württemberg
62768,8311000,Freiburg im Breisgau,79100,,Baden-Württemberg
62768,8311000,Freiburg im Breisgau,79102,,Baden-Württemberg
62768,8311000,Freiburg im Breisgau,79104,,Baden-Württemberg
62768,8311000,Freiburg im Breisgau,79106,,Baden-Württemberg
62768,8311000,Freiburg im Breisgau,79108,,Baden-Württemberg
62768,8311000,Freiburg im Breisgau,79110,,Baden-Württemberg
62768,8311000,Freiburg im Breisgau,79111,,Baden-Württemberg
62768,8311000,Freiburg im Breisgau,79112,,Baden-Württemberg
62768,8311000,Freiburg im Breisgau,79114,,Baden-Württemberg
62768,8311000,Freiburg im Breisgau,79115,,Baden-Württemberg
62768,8311000,Freiburg im Breisgau,79117,,Baden-Württemberg
2389087,16065018,Freienbessingen,99713,Kyffhäuserkreis,Thüringen
2395882,16061032,Freienhagen,37318,Landkreis Eichsfeld,Thüringen
2456189,16074021,Freienorla,07768,Saale-Holzland-Kreis,Thüringen
418342,6535004,Freiensteinau,36399,Vogelsbergkreis,Hessen
1149279,1059182,Freienwill,24991,Kreis Schleswig-Flensburg,Schleswig-Holstein
535900,6435009,Freigericht,63579,Main-Kinzig-Kreis,Hessen
1028559,9371121,Freihung,92271,Landkreis Amberg-Sulzbach,Bayern
941757,9172118,Freilassing,83395,Landkreis Berchtesgadener Land,Bayern
1244012,7133031,Frei-Laubersheim,55546,Landkreis Bad Kreuznach,Rheinland-Pfalz
533581,7143018,Freilingen,56244,Westerwaldkreis,Rheinland-Pfalz
1248570,7331027,Freimersheim,55234,Landkreis Alzey-Worms,Rheinland-Pfalz
1252445,7337027,Freimersheim (Pfalz),67482,Landkreis Südliche Weinstraße,Rheinland-Pfalz
1249951,7332019,Freinsheim,67098,Landkreis Bad Dürkheim,Rheinland-Pfalz
1249951,7332019,Freinsheim,67251,Landkreis Bad Dürkheim,Rheinland-Pfalz
533582,7143019,Freirachdorf,56244,Westerwaldkreis,Rheinland-Pfalz
1250344,7334006,Freisbach,67361,Landkreis Germersheim,Rheinland-Pfalz
1184605,10046111,Freisen,66629,Landkreis St. Wendel,Saarland
30005,9178124,Freising,85354,Landkreis Freising,Bayern
30005,9178124,Freising,85356,Landkreis Freising,Bayern
1675312,3251018,Freistatt,27259,Landkreis Diepholz,Niedersachsen
455475,14628110,Freital,01705,Landkreis Sächsische Schweiz-Osterzgebirge,Sachsen
1446659,3154005,Frellstedt,38373,Landkreis Helmstedt,Niedersachsen
962608,9779147,Fremdingen,86742,Landkreis Donau-Ries,Bayern
1077545,9471131,Frensdorf,96158,Landkreis Bamberg,Bayern
2006789,3454012,Freren,49832,Landkreis Emsland,Niedersachsen
2010625,3454013,Fresenburg,49762,Landkreis Emsland,Niedersachsen
1403983,1054032,Fresendelf,25876,Kreis Nordfriesland,Schleswig-Holstein
939487,1051032,Frestedt,25727,Kreis Dithmarschen,Schleswig-Holstein
1248789,7331028,Frettenheim,67596,Landkreis Alzey-Worms,Rheinland-Pfalz
2813425,16061033,Fretterode,37318,Landkreis Eichsfeld,Thüringen
163255,5970016,Freudenberg,57258,Kreis Siegen-Wittgenstein,Nordrhein-Westfalen
401777,8128039,Freudenberg,97896,Main-Tauber-Kreis,Baden-Württemberg
1028556,9371122,Freudenberg,92272,Landkreis Amberg-Sulzbach,Bayern
1256032,7235028,Freudenburg,54450,Landkreis Trier-Saarburg,Rheinland-Pfalz
935838,8237028,Freudenstadt,72250,Landkreis Freudenstadt,Baden-Württemberg
405783,8118016,Freudental,74392,Landkreis Ludwigsburg,Baden-Württemberg
2403718,15084135,Freyburg (Unstrut),06632,Burgenlandkreis,Sachsen-Anhalt
1028819,9373126,Freystadt,92342,Landkreis Neumarkt in der Oberpfalz,Bayern
958977,9272118,Freyung,94078,Landkreis Freyung-Grafenau,Bayern
2795772,8116020,Frickenhausen,72636,Landkreis Esslingen,Baden-Württemberg
163053,9679131,Frickenhausen a.Main,97252,Landkreis Würzburg,Bayern
2806598,8435015,Frickingen,88699,Bodenseekreis,Baden-Württemberg
1231980,8327016,Fridingen an der Donau,78567,Landkreis Tuttlingen,Baden-Württemberg
941659,9189118,Fridolfing,83413,Landkreis Traunstein,Bayern
393689,6440008,Friedberg,61169,Wetteraukreis,Hessen
395731,9771130,Friedberg,86316,Landkreis Aichach-Friedberg,Bayern
1187676,3462005,Friedeburg,26446,Landkreis Wittmund,Niedersachsen
2831119,16066025,Friedelshausen,98634,Landkreis Schmalkalden-Meiningen,Thüringen
1249961,7332020,Friedelsheim,67159,Landkreis Bad Dürkheim,Rheinland-Pfalz
975240,9377118,Friedenfels,95688,Landkreis Tirschenreuth,Bayern
319270,8315039,Friedenweiler,79877,Landkreis Breisgau-Hochschwarzwald,Baden-Württemberg
275074,6632006,Friedewald,36289,Landkreis Hersfeld-Rotenburg,Hessen
421956,7132036,Friedewald,57520,Landkreis Altenkirchen,Rheinland-Pfalz
1384839,12067137,Friedland,15848,Landkreis Oder-Spree,Brandenburg
1399098,3159013,Friedland,37133,Landkreis Göttingen,Niedersachsen
1419709,13071035,Friedland,17098,Landkreis Mecklenburgische Seenplatte,Mecklenburg-Vorpommern
2800107,16067019,Friedrichroda,99894,Landkreis Gotha,Thüringen
417339,6434002,Friedrichsdorf,61273,Hochtaunuskreis,Hessen
417339,6434002,Friedrichsdorf,61381,Hochtaunuskreis,Hessen
447161,1051033,Friedrichsgabekoog,25764,Kreis Dithmarschen,Schleswig-Holstein
556604,1058055,Friedrichsgraben,24799,Kreis Rendsburg-Eckernförde,Schleswig-Holstein
2783849,8435016,Friedrichshafen,88045,Bodenseekreis,Baden-Württemberg
2783849,8435016,Friedrichshafen,88046,Bodenseekreis,Baden-Württemberg
2783849,8435016,Friedrichshafen,88048,Bodenseekreis,Baden-Württemberg
556628,1058056,Friedrichsholm,24799,Kreis Rendsburg-Eckernförde,Schleswig-Holstein
935243,1051034,Friedrichskoog,25718,Kreis Dithmarschen,Schleswig-Holstein
449902,13076038,Friedrichsruhe,19089,Landkreis Ludwigslust-Parchim,Mecklenburg-Vorpommern
1402987,1054033,Friedrichstadt,25840,Kreis Nordfriesland,Schleswig-Holstein
419191,10041511,Friedrichsthal,66299,Regionalverband Saarbrücken,Saarland
1318340,12060068,Friedrichswalde,16247,Landkreis Barnim,Brandenburg
1418657,1054034,Friedrich-Wilhelm-Lübke-Koog,25924,Kreis Nordfriesland,Schleswig-Holstein
452205,6634004,Frielendorf,34621,Schwalm-Eder-Kreis,Hessen
2818333,16067022,Friemar,99869,Landkreis Gotha,Thüringen
1342247,12063088,Friesack,14662,Landkreis Havelland,Brandenburg
422324,7132037,Friesenhagen,51598,Landkreis Altenkirchen,Rheinland-Pfalz
452996,8317031,Friesenheim,77948,Ortenaukreis,Baden-Württemberg
1245826,7339018,Friesenheim,55278,Landkreis Mainz-Bingen,Rheinland-Pfalz
445499,9777128,Friesenried,87654,Landkreis Ostallgäu,Bayern
1109689,3453007,Friesoythe,26169,Landkreis Cloppenburg,Niedersachsen
908346,8236019,Friolzheim,71292,Enzkreis,Baden-Württemberg
1231979,8327017,Frittlingen,78665,Landkreis Tuttlingen,Baden-Württemberg
452194,6634005,Fritzlar,34560,Schwalm-Eder-Kreis,Hessen
422238,14729140,Frohburg,04654,Landkreis Leipzig,Sachsen
1244184,8336025,Fröhnd,79677,Landkreis Lörrach,Baden-Württemberg
1246452,7336027,Frohnhofen,66903,Landkreis Kusel,Rheinland-Pfalz
158444,5978012,Fröndenberg/Ruhr,58730,Kreis Unna,Nordrhein-Westfalen
225499,6534009,Fronhausen,35112,Landkreis Marburg-Biedenkopf,Hessen
1241638,7140039,Fronhofen,55471,Rhein-Hunsrück-Kreis,Rheinland-Pfalz
2808129,8436096,Fronreute,88273,Landkreis Ravensburg,Baden-Württemberg
959897,9279115,Frontenhausen,84160,Landkreis Dingolfing-Landau,Bayern
535691,7141044,Frücht,56132,Rhein-Lahn-Kreis,Rheinland-Pfalz
1060422,7131022,Fuchshofen,53533,Landkreis Ahrweiler,Rheinland-Pfalz
975235,9377119,Fuchsmühl,95689,Landkreis Tirschenreuth,Bayern
383588,9672124,Fuchsstadt,97727,Landkreis Bad Kissingen,Bayern
936650,9181121,Fuchstal,86925,Landkreis Landsberg am Lech,Bayern
374321,13073025,Fuhlendorf,18356,Landkreis Vorpommern-Rügen,Mecklenburg-Vorpommern
423188,1060023,Fuhlendorf,24649,Kreis Segeberg,Schleswig-Holstein
1466110,1053031,Fuhlenhagen,21493,Kreis Herzogtum Lauenburg,Schleswig-Holstein
454863,6631009,Fulda,36037,Landkreis Fulda,Hessen
454863,6631009,Fulda,36039,Landkreis Fulda,Hessen
454863,6631009,Fulda,36041,Landkreis Fulda,Hessen
454863,6631009,Fulda,36043,Landkreis Fulda,Hessen
533664,6633008,Fuldabrück,34277,Landkreis Kassel,Hessen
532037,6633009,Fuldatal,34127,Landkreis Kassel,Hessen
532037,6633009,Fuldatal,34233,Landkreis Kassel,Hessen
1424394,13071036,Fünfseen,17213,Landkreis Mecklenburgische Seenplatte,Mecklenburg-Vorpommern
962646,9779148,Fünfstetten,86681,Landkreis Donau-Ries,Bayern
1244013,7133032,Fürfeld,55546,Landkreis Bad Kreuznach,Rheinland-Pfalz
1817121,3459017,Fürstenau,49584,Landkreis Osnabrück,Niedersachsen
1184656,3255014,Fürstenberg,37699,Landkreis Holzminden,Niedersachsen
1310085,12065084,Fürstenberg/Havel,16798,Landkreis Oberhavel,Brandenburg
958975,9272119,Fürsteneck,94142,Landkreis Freyung-Grafenau,Bayern
62782,2000000,Hamburg,22587,,Hamburg
933490,9179121,Fürstenfeldbruck,82256,Landkreis Fürstenfeldbruck,Bayern
958121,9275121,Fürstenstein,94538,Landkreis Passau,Bayern
1384842,12067144,Fürstenwalde/Spree,15517,Landkreis Oder-Spree,Brandenburg
958115,9275122,Fürstenzell,94081,Landkreis Passau,Bayern
190859,9274132,Furth,84095,Landkreis Landshut,Bayern
62374,9563000,Fürth,90762,,Bayern
62374,9563000,Fürth,90763,,Bayern
62374,9563000,Fürth,90765,,Bayern
62374,9563000,Fürth,90766,,Bayern
62374,9563000,Fürth,90768,,Bayern
197615,6431007,Fürth,64658,Kreis Bergstraße,Hessen
420584,7132038,Fürthen,57539,Landkreis Altenkirchen,Rheinland-Pfalz
959921,9372126,Furth im Wald,93437,Landkreis Cham,Bayern
1240885,8326017,Furtwangen im Schwarzwald,78120,Schwarzwald-Baar-Kreis,Baden-Württemberg
448298,9777129,Füssen,87629,Landkreis Ostallgäu,Bayern
422698,7338008,Fußgönheim,67136,Rhein-Pfalz-Kreis,Rheinland-Pfalz
1310516,14626100,Gablenz - Jabłońc,02953,Landkreis Görlitz,Sachsen
445873,9772145,Gablingen,86456,Landkreis Augsburg,Bayern
1248407,7331029,Gabsheim,55288,Landkreis Alzey-Worms,Rheinland-Pfalz
943716,9185131,Gachenbach,86565,Landkreis Neuburg-Schrobenhausen,Bayern
453832,7143020,Gackenbach,56412,Westerwaldkreis,Rheinland-Pfalz
1444913,13074021,Gadebusch,19205,Landkreis Nordwestmecklenburg,Mecklenburg-Vorpommern
387768,9674139,Gädheim,97503,Landkreis Haßberge,Bayern
1481719,13074022,Gägelow,23968,Landkreis Nordwestmecklenburg,Mecklenburg-Vorpommern
907232,8216015,Gaggenau,76571,Landkreis Rastatt,Baden-Württemberg
453396,8226022,Gaiberg,69251,Rhein-Neckar-Kreis,Baden-Württemberg
2785093,8335025,Gaienhofen,78343,Landkreis Konstanz,Baden-Württemberg
391365,8127025,Gaildorf,74405,Landkreis Schwäbisch Hall,Baden-Württemberg
1103630,8335026,Gailingen am Hochrhein,78262,Landkreis Konstanz,Baden-Württemberg
943539,9176126,Gaimersheim,85080,Landkreis Eichstätt,Bayern
935234,9173124,Gaißach,83674,Landkreis Bad Tölz-Wolfratshausen,Bayern
1419708,13071037,Galenbeck,17099,Landkreis Mecklenburgische Seenplatte,Mecklenburg-Vorpommern
1050568,7131204,Galenberg,56651,Landkreis Ahrweiler,Rheinland-Pfalz
1451600,13076039,Gallin,19258,Landkreis Ludwigslust-Parchim,Mecklenburg-Vorpommern
449887,13076040,Gallin-Kuppentin,19386,Landkreis Ludwigslust-Parchim,Mecklenburg-Vorpommern
356767,9575124,Gallmersgarten,91605,Landkreis Neustadt an der Aisch-Bad Windsheim,Bayern
1420451,1054165,Galmsbüll,25899,Kreis Nordfriesland,Schleswig-Holstein
1259825,7135033,Gamlen,56761,Landkreis Cochem-Zell,Rheinland-Pfalz
552389,1058057,Gammelby,24340,Kreis Rendsburg-Eckernförde,Schleswig-Holstein
1451560,13076041,Gammelin,19230,Landkreis Ludwigslust-Parchim,Mecklenburg-Vorpommern
29827,9178125,Gammelsdorf,85408,Landkreis Freising,Bayern
2792628,8117023,Gammelshausen,73108,Landkreis Göppingen,Baden-Württemberg
2773795,8437031,Gammertingen,72501,Landkreis Sigmaringen,Baden-Württemberg
539258,3458005,Ganderkesee,27777,Landkreis Oldenburg,Niedersachsen
1183243,3256008,Gandesbergen,27324,Landkreis Nienburg/Weser,Niedersachsen
158028,5370008,Gangelt,52538,Kreis Heinsberg,Nordrhein-Westfalen
957059,9277121,Gangkofen,84140,Landkreis Rottal-Inn,Bayern
2411241,16068013,Gangloffsömmern,99634,Landkreis Sömmerda,Thüringen
3768714,13076166,Ganzlin,19395,Landkreis Ludwigslust-Parchim,Mecklenburg-Vorpommern
543119,7137027,Gappenach,56294,Landkreis Mayen-Koblenz,Rheinland-Pfalz
59417,3241005,Garbsen,30823,Region Hannover,Niedersachsen
59417,3241005,Garbsen,30826,Region Hannover,Niedersachsen
59417,3241005,Garbsen,30827,Region Hannover,Niedersachsen
942046,9171117,Garching an der Alz,84518,Landkreis Altötting,Bayern
30971,9184119,Garching bei München,85748,Landkreis München,Bayern
1285598,15081135,Gardelegen,39638,Altmarkkreis Salzwedel,Sachsen-Anhalt
1285598,15081135,Gardelegen,39646,Altmarkkreis Salzwedel,Sachsen-Anhalt
1285598,15081135,Gardelegen,39649,Altmarkkreis Salzwedel,Sachsen-Anhalt
1402696,1054036,Garding,25836,Kreis Nordfriesland,Schleswig-Holstein
310350,3353011,Garlstorf,21376,Landkreis Harburg,Niedersachsen
939334,9180117,Garmisch-Partenkirchen,82467,Landkreis Garmisch-Partenkirchen,Bayern
939334,9180117,Garmisch-Partenkirchen,82475,Landkreis Garmisch-Partenkirchen,Bayern
1109691,3453008,Garrel,49681,Landkreis Cloppenburg,Niedersachsen
940786,9183118,Gars am Inn,83536,Landkreis Mühldorf am Inn,Bayern
940786,9183118,Gars am Inn,83546,Landkreis Mühldorf am Inn,Bayern
940786,9183118,Gars am Inn,83555,Landkreis Mühldorf am Inn,Bayern
940786,9183118,Gars am Inn,83559,Landkreis Mühldorf am Inn,Bayern
310355,3353012,Garstedt,21441,Landkreis Harburg,Niedersachsen
1821839,3354005,Gartow,29471,Landkreis Lüchow-Dannenberg,Niedersachsen
557082,8115015,Gärtringen,71116,Landkreis Böblingen,Baden-Württemberg
1334113,12073189,Gartz (Oder),16307,Landkreis Uckermark,Brandenburg
1433096,13075034,Garz,17419,Landkreis Vorpommern-Greifswald,Mecklenburg-Vorpommern
1332957,12064153,Garzau-Garzin,15345,Landkreis Märkisch-Oderland,Brandenburg
1437550,13073027,Garz/Rügen,18574,Landkreis Vorpommern-Rügen,Mecklenburg-Vorpommern
1021703,9475127,Gattendorf,95185,Landkreis Hof,Bayern
1239622,7339019,Gau-Algesheim,55435,Landkreis Mainz-Bingen,Rheinland-Pfalz
1248626,7331030,Gau-Bickelheim,55599,Landkreis Alzey-Worms,Rheinland-Pfalz
1239619,7339020,Gau-Bischofsheim,55296,Landkreis Mainz-Bingen,Rheinland-Pfalz
2789079,16076019,Gauern,07580,Landkreis Greiz,Thüringen
1254067,7333022,Gauersheim,67294,Donnersbergkreis,Rheinland-Pfalz
722091,8115016,Gäufelden,71126,Landkreis Böblingen,Baden-Württemberg
1253875,7333023,Gaugrehweiler,67822,Donnersbergkreis,Rheinland-Pfalz
1248566,7331031,Gau-Heppenheim,55234,Landkreis Alzey-Worms,Rheinland-Pfalz
162712,9679134,Gaukönigshofen,97253,Landkreis Würzburg,Bayern
1248574,7331032,Gau-Odernheim,55239,Landkreis Alzey-Worms,Rheinland-Pfalz
964190,1051035,Gaushorn,25782,Kreis Dithmarschen,Schleswig-Holstein
932494,9188120,Gauting,82131,Landkreis Starnberg,Bayern
1248404,7331033,Gau-Weinheim,55578,Landkreis Alzey-Worms,Rheinland-Pfalz
1028564,9371123,Gebenbach,92274,Landkreis Amberg-Sulzbach,Bayern
2411242,16068014,Gebesee,99189,Landkreis Sömmerda,Thüringen
421919,7132039,Gebhardshain,57580,Landkreis Altenkirchen,Rheinland-Pfalz
1244231,7133033,Gebroth,55595,Landkreis Bad Kreuznach,Rheinland-Pfalz
534084,9571152,Gebsattel,91607,Landkreis Ansbach,Bayern
933499,8235029,Gechingen,75391,Landkreis Calw,Baden-Württemberg
450116,6440009,Gedern,63688,Wetteraukreis,Hessen
1815328,3454014,Geeste,49744,Landkreis Emsland,Niedersachsen
325771,1053032,Geesthacht,21502,Kreis Herzogtum Lauenburg,Schleswig-Holstein
4447298,3352062,Geestland,27607,Landkreis Cuxhaven,Niedersachsen
4447298,3352062,Geestland,27624,Landkreis Cuxhaven,Niedersachsen
1085814,7233025,Gefell,54552,Landkreis Vulkaneifel,Rheinland-Pfalz
2179161,16075131,Gefell,07926,Saale-Orla-Kreis,Thüringen
1071009,9472139,Gefrees,95482,Landkreis Bayreuth,Bayern
453155,7143223,Gehlert,57627,Westerwaldkreis,Rheinland-Pfalz
3422046,13076165,Gehlsbach,19386,Landkreis Ludwigslust-Parchim,Mecklenburg-Vorpommern
1245195,7140040,Gehlweiler,55490,Rhein-Hunsrück-Kreis,Rheinland-Pfalz
2362539,16065019,Gehofen,06571,Kyffhäuserkreis,Thüringen
1817414,3459018,Gehrde,49596,Landkreis Osnabrück,Niedersachsen
2012731,3241006,Gehrden,30989,Region Hannover,Niedersachsen
1253973,7333024,Gehrweiler,67724,Donnersbergkreis,Rheinland-Pfalz
1171860,7232040,Geichlingen,54675,Eifelkreis Bitburg-Prüm,Rheinland-Pfalz
959166,9276122,Geiersthal,94244,Landkreis Regen,Bayern
157489,5370012,Geilenkirchen,52511,Kreis Heinsberg,Nordrhein-Westfalen
537142,7141045,Geilnau,56379,Rhein-Lahn-Kreis,Rheinland-Pfalz
2898842,16063032,Geisa,36419,Wartburgkreis,Thüringen
534052,9671119,Geiselbach,63826,Landkreis Aschaffenburg,Bayern
1251042,7340012,Geiselberg,67715,Landkreis Südwestpfalz,Rheinland-Pfalz
959646,9278123,Geiselhöring,94333,Landkreis Straubing-Bogen,Bayern
283695,9675127,Geiselwind,96160,Landkreis Kitzingen,Bayern
380977,9186122,Geisenfeld,85290,Landkreis Pfaffenhofen an der Ilm,Bayern
2778367,16074022,Geisenhain,07646,Saale-Holzland-Kreis,Thüringen
192227,9274134,Geisenhausen,84144,Landkreis Landshut,Bayern
409070,6439004,Geisenheim,65366,Rheingau-Taunus-Kreis,Hessen
1257088,7235030,Geisfeld,54413,Landkreis Trier-Saarburg,Rheinland-Pfalz
540061,7141046,Geisig,56357,Rhein-Lahn-Kreis,Rheinland-Pfalz
1231957,8327018,Geisingen,78187,Landkreis Tuttlingen,Baden-Württemberg
2396097,16061034,Geisleden,37308,Landkreis Eichsfeld,Thüringen
2779383,8417022,Geislingen,72351,Zollernalbkreis,Baden-Württemberg
2770605,8117024,Geislingen an der Steige,73312,Landkreis Göppingen,Baden-Württemberg
2813135,16061035,Geismar,37308,Landkreis Eichsfeld,Thüringen
422239,14729150,Geithain,04643,Landkreis Leipzig,Sachsen
393346,13072032,Gelbensande,18182,Landkreis Rostock,Mecklenburg-Vorpommern
162711,9679135,Gelchsheim,97255,Landkreis Würzburg,Bayern
167992,5154012,Geldern,47608,Kreis Kleve,Nordrhein-Westfalen
318744,9678132,Geldersheim,97505,Landkreis Schweinfurt,Bayern
536590,14521200,Gelenau/Erzgebirge,09423,Erzgebirgskreis,Sachsen
1075156,7233212,Gelenberg,53539,Landkreis Vulkaneifel,Rheinland-Pfalz
535928,6435010,Gelnhausen,63571,Main-Kinzig-Kreis,Hessen
535928,6435010,Gelnhausen,63589,Main-Kinzig-Kreis,Hessen
62522,5513000,Gelsenkirchen,45879,,Nordrhein-Westfalen
62522,5513000,Gelsenkirchen,45881,,Nordrhein-Westfalen
62522,5513000,Gelsenkirchen,45883,,Nordrhein-Westfalen
62522,5513000,Gelsenkirchen,45884,,Nordrhein-Westfalen
62522,5513000,Gelsenkirchen,45886,,Nordrhein-Westfalen
62522,5513000,Gelsenkirchen,45888,,Nordrhein-Westfalen
62522,5513000,Gelsenkirchen,45889,,Nordrhein-Westfalen
62522,5513000,Gelsenkirchen,45891,,Nordrhein-Westfalen
62522,5513000,Gelsenkirchen,45892,,Nordrhein-Westfalen
62522,5513000,Gelsenkirchen,45894,,Nordrhein-Westfalen
62522,5513000,Gelsenkirchen,45896,,Nordrhein-Westfalen
62522,5513000,Gelsenkirchen,45897,,Nordrhein-Westfalen
62522,5513000,Gelsenkirchen,45899,,Nordrhein-Westfalen
933868,9181122,Geltendorf,82269,Landkreis Landsberg am Lech,Bayern
1145085,1059112,Gelting,24395,Kreis Schleswig-Flensburg,Schleswig-Holstein
1157530,1059032,Geltorf,24884,Kreis Schleswig-Flensburg,Schleswig-Holstein
540452,7141047,Gemmerich,56357,Rhein-Lahn-Kreis,Rheinland-Pfalz
410523,8125034,Gemmingen,75050,Landkreis Heilbronn,Baden-Württemberg
405304,8118018,Gemmrigheim,74376,Landkreis Ludwigsburg,Baden-Württemberg
1171894,7232041,Gemünd,54673,Eifelkreis Bitburg-Prüm,Rheinland-Pfalz
535006,7143224,Gemünden,56459,Westerwaldkreis,Rheinland-Pfalz
1245197,7140041,Gemünden,55490,Rhein-Hunsrück-Kreis,Rheinland-Pfalz
349450,9677131,Gemünden am Main,97737,Landkreis Main-Spessart,Bayern
418330,6535005,Gemünden (Felda),35329,Vogelsbergkreis,Hessen
443594,6635012,Gemünden (Wohra),35285,Landkreis Waldeck-Frankenberg,Hessen
962266,9779149,Genderkingen,86682,Landkreis Donau-Ries,Bayern
452992,8317034,Gengenbach,77723,Ortenaukreis,Baden-Württemberg
1239654,7339021,Gensingen,55457,Landkreis Mainz-Bingen,Rheinland-Pfalz
1283580,15086040,Genthin,39291,Landkreis Jerichower Land,Sachsen-Anhalt
1283580,15086040,Genthin,39307,Landkreis Jerichower Land,Sachsen-Anhalt
1171882,7232042,Gentingen,54675,Eifelkreis Bitburg-Prüm,Rheinland-Pfalz
1059456,9374123,Georgenberg,92697,Landkreis Neustadt an der Waldnaab,Bayern
158414,9576121,Georgensgmünd,91166,Landkreis Roth,Bayern
10517210,16067092,Georgenthal,99887,Landkreis Gotha,Thüringen
2014146,3456005,Georgsdorf,49828,Landkreis Grafschaft Bentheim,Niedersachsen
1819454,3459019,Georgsmarienhütte,49124,Landkreis Osnabrück,Niedersachsen
62671,16052000,Gera,07545,,Thüringen
62671,16052000,Gera,07546,,Thüringen
62671,16052000,Gera,07548,,Thüringen
62671,16052000,Gera,07549,,Thüringen
62671,16052000,Gera,07551,,Thüringen
62671,16052000,Gera,07552,,Thüringen
62671,16052000,Gera,07554,,Thüringen
62671,16052000,Gera,07557,,Thüringen
388816,8127032,Gerabronn,74582,Landkreis Schwäbisch Hall,Baden-Württemberg
1077563,9471133,Gerach,96161,Landkreis Bamberg,Bayern
1245116,7134028,Gerach,55743,Landkreis Birkenfeld,Rheinland-Pfalz
2910723,16070057,Geratal,99330,Ilm-Kreis,Thüringen
2910723,16070057,Geratal,99331,Ilm-Kreis,Thüringen
957044,9277122,Geratskirchen,84552,Landkreis Rottal-Inn,Bayern
1253983,7333025,Gerbach,67813,Donnersbergkreis,Rheinland-Pfalz
2395920,16061036,Gerbershausen,37318,Landkreis Eichsfeld,Thüringen
163738,9679136,Gerbrunn,97218,Landkreis Würzburg,Bayern
2408251,15087165,Gerbstedt,06347,Landkreis Mansfeld-Südharz,Sachsen-Anhalt
1460249,3360009,Gerdau,29581,Landkreis Uelzen,Niedersachsen
1289807,12070096,Gerdshagen,16928,Landkreis Prignitz,Brandenburg
935148,9173126,Geretsried,82538,Landkreis Bad Tölz-Wolfratshausen,Bayern
1253813,7335011,Gerhardsbrunn,66851,Landkreis Kaiserslautern,Rheinland-Pfalz
1253813,7335011,Gerhardsbrunn,66894,Landkreis Kaiserslautern,Rheinland-Pfalz
451742,9575125,Gerhardshofen,91466,Landkreis Neustadt an der Aisch-Bad Windsheim,Bayern
543120,7137029,Gering,56751,Landkreis Mayen-Koblenz,Rheinland-Pfalz
414702,14522190,Geringswalde,09326,Landkreis Mittelsachsen,Sachsen
405812,8118019,Gerlingen,70839,Landkreis Ludwigsburg,Baden-Württemberg
447633,9777130,Germaringen,87656,Landkreis Ostallgäu,Bayern
933480,9179123,Germering,82110,Landkreis Fürstenfeldbruck,Bayern
904763,7334007,Germersheim,76726,Landkreis Germersheim,Rheinland-Pfalz
2395786,16061037,Gernrode,37339,Landkreis Eichsfeld,Thüringen
907212,8216017,Gernsbach,76593,Landkreis Rastatt,Baden-Württemberg
443911,6433004,Gernsheim,64579,Kreis Groß-Gerau,Hessen
384304,9672126,Geroda,97779,Landkreis Bad Kissingen,Bayern
2179162,16075029,Geroda,07819,Saale-Orla-Kreis,Thüringen
1021708,9475128,Geroldsgrün,95179,Landkreis Hof,Bayern
163745,9679137,Geroldshausen,97256,Landkreis Würzburg,Bayern
534399,9571154,Gerolfingen,91726,Landkreis Ansbach,Bayern
391272,9186125,Gerolsbach,85302,Landkreis Pfaffenhofen an der Ilm,Bayern
1249738,7332021,Gerolsheim,67229,Landkreis Bad Dürkheim,Rheinland-Pfalz
1074556,7233026,Gerolstein,54568,Landkreis Vulkaneifel,Rheinland-Pfalz
318227,9678134,Gerolzhofen,97447,Landkreis Schweinfurt,Bayern
301041,14524070,Gersdorf,09355,Landkreis Zwickau,Sachsen
454864,6631010,Gersfeld (Rhön),36129,Landkreis Fulda,Hessen
1184824,10045113,Gersheim,66453,Saarpfalz-Kreis,Saarland
2006833,3454015,Gersten,49838,Landkreis Emsland,Niedersachsen
2714342,16077007,Gerstenberg,04617,Landkreis Altenburger Land,Thüringen
2890264,16063033,Gerstengrund,36419,Wartburgkreis,Thüringen
2772184,8135015,Gerstetten,89547,Landkreis Heidenheim,Baden-Württemberg
443126,9772147,Gersthofen,86368,Landkreis Augsburg,Bayern
2885197,16063097,Gerstungen,99834,Wartburgkreis,Thüringen
1334093,12073201,Gerswalde,17268,Landkreis Uckermark,Brandenburg
2179163,16075031,Gertewitz,07389,Saale-Orla-Kreis,Thüringen
191734,9274135,Gerzen,84175,Landkreis Landshut,Bayern
442915,1060024,Geschendorf,23815,Kreis Segeberg,Schleswig-Holstein
162733,5554016,Gescher,48712,Kreis Borken,Nordrhein-Westfalen
1071007,9472140,Gesees,95494,Landkreis Bayreuth,Bayern
152782,5974020,Geseke,59590,Kreis Soest,Nordrhein-Westfalen
534082,9571155,Geslau,91608,Landkreis Ansbach,Bayern
443321,9772148,Gessertshausen,86459,Landkreis Augsburg,Bayern
959863,9776112,Gestratz,88167,Landkreis Lindau,Bayern
2012573,3456006,Getelo,49843,Landkreis Grafschaft Bentheim,Niedersachsen
548491,1058058,Gettorf,24214,Kreis Rendsburg-Eckernförde,Schleswig-Holstein
1956782,5954012,Gevelsberg,58285,Ennepe-Ruhr-Kreis,Nordrhein-Westfalen
1269815,7135034,Gevenich,56825,Landkreis Cochem-Zell,Rheinland-Pfalz
1446644,3154006,Gevensleben,38384,Landkreis Helmstedt,Niedersachsen
536589,14521210,Geyer,09468,Erzgebirgskreis,Sachsen
162360,9679138,Giebelstadt,97232,Landkreis Würzburg,Bayern
1399094,3159014,Gieboldehausen,37434,Landkreis Göttingen,Niedersachsen
288964,1057021,Giekau,24321,Kreis Plön,Schleswig-Holstein
418869,7132040,Gieleroth,57610,Landkreis Altenkirchen,Rheinland-Pfalz
1258412,7231035,Gielert,54424,Landkreis Bernkastel-Wittlich,Rheinland-Pfalz
1427279,13071039,Gielow,17139,Landkreis Mecklenburgische Seenplatte,Mecklenburg-Vorpommern
2791802,8135016,Giengen an der Brenz,89522,Landkreis Heidenheim,Baden-Württemberg
2791802,8135016,Giengen an der Brenz,89537,Landkreis Heidenheim,Baden-Württemberg
543121,7137030,Gierschnach,56294,Landkreis Mayen-Koblenz,Rheinland-Pfalz
416407,7132041,Giershausen,57632,Landkreis Altenkirchen,Rheinland-Pfalz
2393507,15089130,Giersleben,06449,Salzlandkreis,Sachsen-Anhalt
2817249,16067026,Gierstädt,99100,Landkreis Gotha,Thüringen
1108069,7232224,Giesdorf,54614,Eifelkreis Bitburg-Prüm,Rheinland-Pfalz
1168904,3254017,Giesen,31180,Landkreis Hildesheim,Niedersachsen
453156,7143225,Giesenhausen,57612,Westerwaldkreis,Rheinland-Pfalz
1471097,1053033,Giesensdorf,23909,Kreis Herzogtum Lauenburg,Schleswig-Holstein
418617,6531005,Gießen,35390,Landkreis Gießen,Hessen
418617,6531005,Gießen,35392,Landkreis Gießen,Hessen
418617,6531005,Gießen,35394,Landkreis Gießen,Hessen
418617,6531005,Gießen,35396,Landkreis Gießen,Hessen
418617,6531005,Gießen,35398,Landkreis Gießen,Hessen
1392806,3151009,Gifhorn,38518,Landkreis Gifhorn,Niedersachsen
1392806,3151009,Gifhorn,38559,Landkreis Gifhorn,Niedersachsen
932423,9188121,Gilching,82205,Landkreis Starnberg,Bayern
1269801,7135035,Gillenbeuren,56825,Landkreis Cochem-Zell,Rheinland-Pfalz
1085791,7233027,Gillenfeld,54558,Landkreis Vulkaneifel,Rheinland-Pfalz
452206,6634006,Gilserberg,34630,Schwalm-Eder-Kreis,Hessen
1808864,3358010,Gilten,29690,Landkreis Heidekreis,Niedersachsen
1163513,7232225,Gilzem,54298,Eifelkreis Bitburg-Prüm,Rheinland-Pfalz
1248687,7331034,Gimbsheim,67578,Landkreis Alzey-Worms,Rheinland-Pfalz
1244290,7134029,Gimbweiler,55767,Landkreis Birkenfeld,Rheinland-Pfalz
1140556,7232043,Gindorf,54657,Eifelkreis Bitburg-Prüm,Rheinland-Pfalz
2774196,8415028,Grabenstetten,72582,Landkreis Reutlingen,Baden-Württemberg
2772185,8117025,Gingen an der Fils,73333,Landkreis Göppingen,Baden-Württemberg
1438066,13073028,Gingst,18569,Landkreis Vorpommern-Rügen,Mecklenburg-Vorpommern
444960,6433005,Ginsheim-Gustavsburg,65462,Kreis Groß-Gerau,Hessen
1246764,7336029,Ginsweiler,67742,Landkreis Kusel,Rheinland-Pfalz
1258877,7231036,Gipperath,54533,Landkreis Bernkastel-Wittlich,Rheinland-Pfalz
535007,7143226,Girkenroth,56459,Westerwaldkreis,Rheinland-Pfalz
453833,7143021,Girod,56412,Westerwaldkreis,Rheinland-Pfalz
1259139,7231037,Gladbach,54518,Landkreis Bernkastel-Wittlich,Rheinland-Pfalz
63504,5562014,Gladbeck,45964,Kreis Recklinghausen,Nordrhein-Westfalen
63504,5562014,Gladbeck,45966,Kreis Recklinghausen,Nordrhein-Westfalen
63504,5562014,Gladbeck,45968,Kreis Recklinghausen,Nordrhein-Westfalen
225492,6534010,Gladenbach,35075,Landkreis Marburg-Biedenkopf,Hessen
1246786,7336030,Glanbrücken,66887,Landkreis Kusel,Rheinland-Pfalz
1418991,3459034,Glandorf,49219,Landkreis Osnabrück,Niedersachsen
1246492,7336031,Glan-Münchweiler,66907,Landkreis Kusel,Rheinland-Pfalz
404298,1060025,Glasau,23719,Kreis Segeberg,Schleswig-Holstein
2395987,16061039,Glasehausen,37308,Landkreis Eichsfeld,Thüringen
1976639,13072033,Glasewitz,18276,Landkreis Rostock,Mecklenburg-Vorpommern
455483,14628130,Glashütte,01768,Landkreis Sächsische Schweiz-Osterzgebirge,Sachsen
418290,6434003,Glashütten,61479,Hochtaunuskreis,Hessen
1071003,9472141,Glashütten,95496,Landkreis Bayreuth,Bayern
1515755,13074023,Glasin,23992,Landkreis Nordwestmecklenburg,Mecklenburg-Vorpommern
1407734,13075035,Glasow,17322,Landkreis Vorpommern-Greifswald,Mecklenburg-Vorpommern
534352,9671120,Glattbach,63864,Landkreis Aschaffenburg,Bayern
935844,8237030,Glatten,72293,Landkreis Freudenstadt,Baden-Württemberg
551073,14627040,Glaubitz,01612,Landkreis Meißen,Sachsen
450109,6440010,Glauburg,63695,Wetteraukreis,Hessen
417028,14524080,Glauchau,08371,Landkreis Zwickau,Sachsen
1050573,7131205,Glees,56653,Landkreis Ahrweiler,Rheinland-Pfalz
31605,3159015,Gleichen,37130,Landkreis Göttingen,Niedersachsen
2403719,15084150,Gleina,06632,Burgenlandkreis,Sachsen-Anhalt
962089,9376131,Gleiritsch,92723,Landkreis Schwandorf,Bayern
975316,9372128,Gleißenberg,93477,Landkreis Cham,Bayern
1252464,7337028,Gleisweiler,76835,Landkreis Südliche Weinstraße,Rheinland-Pfalz
1252818,7337029,Gleiszellen-Gleishorbach,76889,Landkreis Südliche Weinstraße,Rheinland-Pfalz
372860,13073029,Glewitz,18513,Landkreis Vorpommern-Rügen,Mecklenburg-Vorpommern
1310103,12065096,Glienicke/Nordbahn,16548,Landkreis Oberhavel,Brandenburg
454248,1062018,Glinde,21509,Kreis Stormarn,Schleswig-Holstein
929915,9175121,Glonn,85625,Landkreis Ebersberg,Bayern
956818,9773133,Glött,89353,Landkreis Dillingen an der Donau,Bayern
70202,8315041,Glottertal,79286,Landkreis Breisgau-Hochschwarzwald,Baden-Württemberg
1437954,13073030,Glowe,18551,Landkreis Vorpommern-Rügen,Mecklenburg-Vorpommern
1149288,1059113,Glücksburg,24960,Kreis Schleswig-Flensburg,Schleswig-Holstein
447206,1061029,Glückstadt,25348,Kreis Steinburg,Schleswig-Holstein
964253,1051036,Glüsing,25779,Kreis Dithmarschen,Schleswig-Holstein
935953,9182116,Gmund,83703,Landkreis Miesbach,Bayern
1050510,3357016,Gnarrenburg,27442,Landkreis Rotenburg (Wümme),Niedersachsen
2778368,16074024,Gneus,07646,Saale-Holzland-Kreis,Thüringen
449953,13076044,Gneven,19065,Landkreis Ludwigslust-Parchim,Mecklenburg-Vorpommern
1427897,13071041,Gnevkow,17089,Landkreis Mecklenburgische Seenplatte,Mecklenburg-Vorpommern
393357,13072034,Gnewitz,18195,Landkreis Rostock,Mecklenburg-Vorpommern
2027763,13072035,Gnoien,17179,Landkreis Rostock,Mecklenburg-Vorpommern
1015102,9577133,Gnotzheim,91728,Landkreis Weißenburg-Gunzenhausen,Bayern
548559,1058059,Gnutz,24622,Kreis Rendsburg-Eckernförde,Schleswig-Holstein
167969,5154016,Goch,47574,Kreis Kleve,Nordrhein-Westfalen
318303,9678135,Gochsheim,97469,Landkreis Schweinfurt,Bayern
1252728,7337031,Göcklingen,76831,Landkreis Südliche Weinstraße,Rheinland-Pfalz
1309677,14625150,Göda - Hodźij,02633,Landkreis Bautzen,Sachsen
533583,7143022,Goddert,56244,Westerwaldkreis,Rheinland-Pfalz
1419602,13071042,Godendorf,17237,Landkreis Mecklenburgische Seenplatte,Mecklenburg-Vorpommern
1204723,7140042,Gödenroth,56290,Rhein-Hunsrück-Kreis,Rheinland-Pfalz
310364,3353013,Gödenstorf,21376,Landkreis Harburg,Niedersachsen
2406473,15088025,Goethestadt Bad Lauchstädt,06246,Saalekreis,Sachsen-Anhalt
915435,8136024,Göggingen,73571,Ostalbkreis,Baden-Württemberg
382417,1055014,Göhl,23758,Kreis Ostholstein,Schleswig-Holstein
9683225,13076046,Göhlen,19288,Landkreis Ludwigslust-Parchim,Mecklenburg-Vorpommern
1819626,3354006,Göhrde,29473,Landkreis Lüchow-Dannenberg,Niedersachsen
1437799,13073031,Göhren,18586,Landkreis Vorpommern-Rügen,Mecklenburg-Vorpommern
2778472,16077008,Göhren,04603,Landkreis Altenburger Land,Thüringen
1424393,13071043,Göhren-Lebbin,17213,Landkreis Mecklenburgische Seenplatte,Mecklenburg-Vorpommern
534531,14628140,Gohrisch,01824,Landkreis Sächsische Schweiz-Osterzgebirge,Sachsen
556106,1058061,Gokels,25557,Kreis Rendsburg-Eckernförde,Schleswig-Holstein
1427902,13071044,Golchen,17089,Landkreis Mecklenburgische Seenplatte,Mecklenburg-Vorpommern
534055,9671121,Goldbach,63773,Landkreis Aschaffenburg,Bayern
1284736,15090180,Goldbeck,39596,Landkreis Stendal,Sachsen-Anhalt
449916,13076048,Goldberg,19399,Landkreis Ludwigslust-Parchim,Mecklenburg-Vorpommern
1415665,1054037,Goldebek,25862,Kreis Nordfriesland,Schleswig-Holstein
1415663,1054038,Goldelund,25862,Kreis Nordfriesland,Schleswig-Holstein
1464851,1053034,Göldenitz,23919,Kreis Herzogtum Lauenburg,Schleswig-Holstein
1398839,3460004,Goldenstedt,49424,Landkreis Vechta,Niedersachsen
1273182,16072006,Goldisthal,98746,Landkreis Sonneberg,Thüringen
1070993,9472143,Goldkronach,95497,Landkreis Bayreuth,Bayern
2012574,3456007,Gölenkamp,49843,Landkreis Grafschaft Bentheim,Niedersachsen
1244272,7134031,Gollenberg,55767,Landkreis Birkenfeld,Rheinland-Pfalz
1332086,12063094,Gollenberg,14728,Landkreis Havelland,Brandenburg
1254389,7333026,Göllheim,67307,Donnersbergkreis,Rheinland-Pfalz
356741,9575127,Gollhofen,97258,Landkreis Neustadt an der Aisch-Bad Windsheim,Bayern
2778473,16077009,Göllnitz,04626,Landkreis Altenburger Land,Thüringen
1184654,3255015,Golmbach,37640,Landkreis Holzminden,Niedersachsen
2778369,16074026,Golmsdorf,07751,Saale-Holzland-Kreis,Thüringen
1389402,12061164,Golßen,15938,Landkreis Dahme-Spreewald,Brandenburg
540423,12069216,Golzow,14778,Landkreis Potsdam-Mittelmark,Brandenburg
1332916,12064172,Golzow,15328,Landkreis Märkisch-Oderland,Brandenburg
2773186,8415027,Gomadingen,72532,Landkreis Reutlingen,Baden-Württemberg
2778693,8416015,Gomaringen,72810,Landkreis Tübingen,Baden-Württemberg
85214,15086055,Gommern,39175,Landkreis Jerichower Land,Sachsen-Anhalt
85214,15086055,Gommern,39245,Landkreis Jerichower Land,Sachsen-Anhalt
85214,15086055,Gommern,39264,Landkreis Jerichower Land,Sachsen-Anhalt
85214,15086055,Gommern,39279,Landkreis Jerichower Land,Sachsen-Anhalt
85214,15086055,Gommern,39291,Landkreis Jerichower Land,Sachsen-Anhalt
1252447,7337032,Gommersheim,67377,Landkreis Südliche Weinstraße,Rheinland-Pfalz
1254713,7333027,Gonbach,67724,Donnersbergkreis,Rheinland-Pfalz
659844,8215025,Gondelsheim,75053,Landkreis Karlsruhe,Baden-Württemberg
1108054,7232227,Gondenbrett,54595,Eifelkreis Bitburg-Prüm,Rheinland-Pfalz
1182301,7140043,Gondershausen,56283,Rhein-Hunsrück-Kreis,Rheinland-Pfalz
1152705,7232044,Gondorf,54647,Eifelkreis Bitburg-Prüm,Rheinland-Pfalz
405630,1060026,Gönnebek,24610,Kreis Segeberg,Schleswig-Holstein
1022830,7131025,Gönnersdorf,53498,Landkreis Ahrweiler,Rheinland-Pfalz
1075994,7233028,Gönnersdorf,54584,Landkreis Vulkaneifel,Rheinland-Pfalz
1249960,7332022,Gönnheim,67161,Landkreis Bad Dürkheim,Rheinland-Pfalz
552387,1058102,Goosefeld,24340,Kreis Rendsburg-Eckernförde,Schleswig-Holstein
2778474,16077011,Göpfersdorf,04618,Landkreis Altenburger Land,Thüringen
2792098,8117026,Göppingen,73033,Landkreis Göppingen,Baden-Württemberg
2792098,8117026,Göppingen,73035,Landkreis Göppingen,Baden-Württemberg
2792098,8117026,Göppingen,73037,Landkreis Göppingen,Baden-Württemberg
2792098,8117026,Göppingen,73116,Landkreis Göppingen,Baden-Württemberg
1322955,12062177,Gorden-Staupitz,03238,Landkreis Elbe-Elster,Brandenburg
453834,7143023,Görgeshausen,56412,Westerwaldkreis,Rheinland-Pfalz
448110,9777131,Görisried,87657,Landkreis Ostallgäu,Bayern
1334090,12073216,Göritz,17291,Landkreis Uckermark,Brandenburg
2179165,16075033,Görkwitz,07907,Saale-Orla-Kreis,Thüringen
1821786,3354007,Gorleben,29475,Landkreis Lüchow-Dannenberg,Niedersachsen
409676,14626110,Görlitz,02826,Landkreis Görlitz,Sachsen
409676,14626110,Görlitz,02827,Landkreis Görlitz,Sachsen
409676,14626110,Görlitz,02828,Landkreis Görlitz,Sachsen
1451525,13076049,Gorlosen,19294,Landkreis Ludwigslust-Parchim,Mecklenburg-Vorpommern
1427505,13075036,Görmin,17121,Landkreis Vorpommern-Greifswald,Mecklenburg-Vorpommern
422404,14521220,Gornau,09405,Erzgebirgskreis,Sachsen
422404,14521220,Gornau,09437,Erzgebirgskreis,Sachsen
422404,14521220,Gornau,09573,Erzgebirgskreis,Sachsen
1258362,7231040,Gornhausen,54472,Landkreis Bernkastel-Wittlich,Rheinland-Pfalz
536009,14521230,Gornsdorf,09390,Erzgebirgskreis,Sachsen
2399484,16062008,Görsbach,99765,Landkreis Nordhausen,Thüringen
1240413,8337038,Görwihl,79733,Landkreis Waldshut,Baden-Württemberg
537063,6431008,Gorxheimertal,69517,Kreis Bergstraße,Hessen
556564,12069224,Görzke,14828,Landkreis Potsdam-Mittelmark,Brandenburg
2179166,16075034,Göschitz,07907,Saale-Orla-Kreis,Thüringen
2403779,15084170,Goseck,06667,Burgenlandkreis,Sachsen-Anhalt
2778373,16074025,Gösen,07607,Saale-Holzland-Kreis,Thüringen
55778,12067173,Gosen-Neu Zittau,15537,Landkreis Oder-Spree,Brandenburg
1245094,7134030,Gösenroth,55624,Landkreis Birkenfeld,Rheinland-Pfalz
1231967,8327019,Gosheim,78559,Landkreis Tuttlingen,Baden-Württemberg
1421453,3153017,Goslar,38640,Landkreis Goslar,Niedersachsen
1421453,3153017,Goslar,38642,Landkreis Goslar,Niedersachsen
1421453,3153017,Goslar,38644,Landkreis Goslar,Niedersachsen
1421453,3153017,Goslar,38690,Landkreis Goslar,Niedersachsen
336478,9677132,Gössenheim,97780,Landkreis Main-Spessart,Bayern
1252768,7337033,Gossersweiler-Stein,76857,Landkreis Südliche Weinstraße,Rheinland-Pfalz
2179167,16075035,Gössitz,07389,Saale-Orla-Kreis,Thüringen
2449570,16077012,Gößnitz,04639,Landkreis Altenburger Land,Thüringen
1080464,9474129,Gößweinstein,91327,Landkreis Forchheim,Bayern
2818690,16067029,Gotha,99867,Landkreis Gotha,Thüringen
1953880,8315043,Gottenheim,79288,Landkreis Breisgau-Hochschwarzwald,Baden-Württemberg
1444885,13074024,Gottesgabe,19209,Landkreis Nordwestmecklenburg,Mecklenburg-Vorpommern
959169,9276123,Gotteszell,94239,Landkreis Regen,Bayern
959911,9279116,Gottfrieding,84177,Landkreis Dingolfing-Landau,Bayern
1424153,13071045,Gotthun,17207,Landkreis Mecklenburgische Seenplatte,Mecklenburg-Vorpommern
1473802,1053035,Göttin,21514,Kreis Herzogtum Lauenburg,Schleswig-Holstein
191361,3159016,Göttingen,37073,Landkreis Göttingen,Niedersachsen
191361,3159016,Göttingen,37075,Landkreis Göttingen,Niedersachsen
191361,3159016,Göttingen,37077,Landkreis Göttingen,Niedersachsen
191361,3159016,Göttingen,37079,Landkreis Göttingen,Niedersachsen
191361,3159016,Göttingen,37081,Landkreis Göttingen,Niedersachsen
191361,3159016,Göttingen,37083,Landkreis Göttingen,Niedersachsen
191361,3159016,Göttingen,37085,Landkreis Göttingen,Niedersachsen
2785109,8335028,Gottmadingen,78244,Landkreis Konstanz,Baden-Württemberg
1258358,7231041,Graach an der Mosel,54470,Landkreis Bernkastel-Wittlich,Rheinland-Pfalz
393349,13072036,Graal-Müritz,18181,Landkreis Rostock,Mecklenburg-Vorpommern
532316,1062019,Grabau,23845,Kreis Stormarn,Schleswig-Holstein
1469086,1053036,Grabau,21493,Kreis Herzogtum Lauenburg,Schleswig-Holstein
935169,9772149,Graben,86836,Landkreis Augsburg,Bayern
946002,12069232,Gräben,14793,Landkreis Potsdam-Mittelmark,Brandenburg
659812,8215099,Graben-Neudorf,76676,Landkreis Karlsruhe,Baden-Württemberg
941739,9189119,Grabenstätt,83355,Landkreis Traunstein,Bayern
2539243,16066094,Grabfeld,98631,Landkreis Schmalkalden-Meiningen,Thüringen
1451576,13076050,Grabow,19300,Landkreis Ludwigslust-Parchim,Mecklenburg-Vorpommern
2676470,13071047,Grabowhöfe,17194,Landkreis Mecklenburgische Seenplatte,Mecklenburg-Vorpommern
2168243,9184120,Gräfelfing,82166,Landkreis München,Bayern
722156,8115054,Grafenau,71120,Landkreis Böblingen,Baden-Württemberg
958974,9272120,Grafenau,94481,Landkreis Freyung-Grafenau,Bayern
2796068,8415029,Grafenberg,72661,Landkreis Reutlingen,Baden-Württemberg
1080500,9474132,Gräfenberg,91322,Landkreis Forchheim,Bayern
1258414,7231042,Gräfendhron,54426,Landkreis Bernkastel-Wittlich,Rheinland-Pfalz
350013,9677133,Gräfendorf,97782,Landkreis Main-Spessart,Bayern
1022763,9477117,Grafengehaig,95356,Landkreis Kulmbach,Bayern
1327712,15091110,Gräfenhainichen,06772,Landkreis Wittenberg,Sachsen-Anhalt
1327712,15091110,Gräfenhainichen,06773,Landkreis Wittenberg,Sachsen-Anhalt
1240399,8337039,Grafenhausen,79865,Landkreis Waldshut,Baden-Württemberg
318306,9678136,Grafenrheinfeld,97506,Landkreis Schweinfurt,Bayern
1273253,16073028,Gräfenthal,98743,Landkreis Saalfeld-Rudolstadt,Thüringen
959886,9372130,Grafenwiesen,93479,Landkreis Cham,Bayern
1059432,9374124,Grafenwöhr,92655,Landkreis Neustadt an der Waldnaab,Bayern
1446636,3154007,Grafhorst,38462,Landkreis Helmstedt,Niedersachsen
929925,9175122,Grafing bei München,85567,Landkreis Ebersberg,Bayern
959815,9271122,Grafling,94539,Landkreis Deggendorf,Bayern
933540,9179125,Grafrath,82284,Landkreis Fürstenfeldbruck,Bayern
571654,7131090,Grafschaft,53501,Landkreis Ahrweiler,Rheinland-Pfalz
939332,9180118,Grainau,82491,Landkreis Garmisch-Partenkirchen,Bayern
958952,9272121,Grainet,94143,Landkreis Freyung-Grafenau,Bayern
2778370,16074028,Graitschen bei Bürgel,07616,Saale-Holzland-Kreis,Thüringen
1473804,1053037,Grambek,23883,Kreis Herzogtum Lauenburg,Schleswig-Holstein
1408063,13075037,Grambin,17375,Landkreis Vorpommern-Greifswald,Mecklenburg-Vorpommern
1407735,13075038,Grambow,17322,Landkreis Vorpommern-Greifswald,Mecklenburg-Vorpommern
1444881,13074025,Grambow,19071,Landkreis Nordwestmecklenburg,Mecklenburg-Vorpommern
1444881,13074025,Grambow,19073,Landkreis Nordwestmecklenburg,Mecklenburg-Vorpommern
372857,13073032,Grammendorf,18513,Landkreis Vorpommern-Rügen,Mecklenburg-Vorpommern
1427702,13071048,Grammentin,17153,Landkreis Mecklenburgische Seenplatte,Mecklenburg-Vorpommern
2915819,16071103,Grammetal,99428,Landkreis Weimarer Land,Thüringen
393338,13072037,Grammow,18195,Landkreis Rostock,Mecklenburg-Vorpommern
1334104,12073225,Gramzow,17291,Landkreis Uckermark,Brandenburg
454252,1062020,Grande,22946,Kreis Stormarn,Schleswig-Holstein
1140562,7232228,Gransdorf,54533,Eifelkreis Bitburg-Prüm,Rheinland-Pfalz
372875,13073033,Gransebieth,18513,Landkreis Vorpommern-Rügen,Mecklenburg-Vorpommern
1310097,12065100,Gransee,16775,Landkreis Oberhavel,Brandenburg
449899,13076051,Granzin,19386,Landkreis Ludwigslust-Parchim,Mecklenburg-Vorpommern
1427904,13071049,Grapzow,17089,Landkreis Mecklenburgische Seenplatte,Mecklenburg-Vorpommern
446869,3356002,Grasberg,28879,Landkreis Osterholz,Niedersachsen
543185,9184121,Grasbrunn,85630,Landkreis München,Bayern
537058,6431009,Grasellenbach,64689,Kreis Bergstraße,Hessen
1446640,3154008,Grasleben,38368,Landkreis Helmstedt,Niedersachsen
941728,9189120,Grassau,83224,Landkreis Traunstein,Bayern
959817,9271123,Grattersdorf,94541,Landkreis Deggendorf,Bayern
556093,1058062,Grauel,24594,Kreis Rendsburg-Eckernförde,Schleswig-Holstein
418414,6434004,Grävenwiesbach,61279,Hochtaunuskreis,Hessen
418328,6535006,Grebenau,36323,Vogelsbergkreis,Hessen
418341,6535007,Grebenhain,36355,Vogelsbergkreis,Hessen
455422,6633010,Grebenstein,34393,Landkreis Kassel,Hessen
310385,1057022,Grebin,24329,Kreis Plön,Schleswig-Holstein
1451531,13076053,Grebs-Niendorf,19294,Landkreis Ludwigslust-Parchim,Mecklenburg-Vorpommern
158569,9576122,Greding,91171,Landkreis Roth,Bayern
88740,5166008,Grefrath,47929,Kreis Viersen,Nordrhein-Westfalen
933870,9181123,Greifenberg,86926,Landkreis Landsberg am Lech,Bayern
215975,6532010,Greifenstein,35753,Lahn-Dill-Kreis,Hessen
62363,13075039,Greifswald,17489,Landkreis Vorpommern-Greifswald,Mecklenburg-Vorpommern
62363,13075039,Greifswald,17491,Landkreis Vorpommern-Greifswald,Mecklenburg-Vorpommern
62363,13075039,Greifswald,17493,Landkreis Vorpommern-Greifswald,Mecklenburg-Vorpommern
935187,9173127,Greiling,83677,Landkreis Bad Tölz-Wolfratshausen,Bayern
1256084,7235033,Greimerath,54314,Landkreis Trier-Saarburg,Rheinland-Pfalz
1258879,7231044,Greimerath,54533,Landkreis Bernkastel-Wittlich,Rheinland-Pfalz
1259308,7135036,Greimersburg,56814,Landkreis Cochem-Zell,Rheinland-Pfalz
1277199,16076022,Greiz,07973,Landkreis Greiz,Thüringen
382420,1055015,Gremersdorf,23758,Kreis Ostholstein,Schleswig-Holstein
372342,13073034,Gremersdorf-Buchholz,18461,Landkreis Vorpommern-Rügen,Mecklenburg-Vorpommern
1016524,9572126,Gremsdorf,91350,Landkreis Erlangen-Höchstadt,Bayern
1269723,7135037,Grenderich,56858,Landkreis Cochem-Zell,Rheinland-Pfalz
2787902,8336105,Grenzach-Wyhlen,79639,Landkreis Lörrach,Baden-Württemberg
1451605,13076054,Gresse,19258,Landkreis Ludwigslust-Parchim,Mecklenburg-Vorpommern
1809681,3358011,Grethem,29690,Landkreis Heidekreis,Niedersachsen
318261,9678138,Grettstadt,97508,Landkreis Schweinfurt,Bayern
2778496,16065089,Greußen,99718,Kyffhäuserkreis,Thüringen
181147,9679141,Greußenheim,97259,Landkreis Würzburg,Bayern
155710,5566012,Greven,48268,Kreis Steinfurt,Nordrhein-Westfalen
1451542,13076055,Greven,19258,Landkreis Ludwigslust-Parchim,Mecklenburg-Vorpommern
168489,5162008,Grevenbroich,41515,Rhein-Kreis Neuss,Nordrhein-Westfalen
168489,5162008,Grevenbroich,41516,Rhein-Kreis Neuss,Nordrhein-Westfalen
168489,5162008,Grevenbroich,41517,Rhein-Kreis Neuss,Nordrhein-Westfalen
447346,1061030,Grevenkop,25361,Kreis Steinburg,Schleswig-Holstein
548518,1058063,Grevenkrug,24241,Kreis Rendsburg-Eckernförde,Schleswig-Holstein
1481616,13074026,Grevesmühlen,23936,Landkreis Nordwestmecklenburg,Mecklenburg-Vorpommern
448709,1061031,Gribbohm,25596,Kreis Steinburg,Schleswig-Holstein
1433742,13075040,Gribow,17506,Landkreis Vorpommern-Greifswald,Mecklenburg-Vorpommern
1245115,7134032,Griebelschied,55608,Landkreis Birkenfeld,Rheinland-Pfalz
1479213,13074027,Grieben,23936,Landkreis Nordwestmecklenburg,Mecklenburg-Vorpommern
2410085,16068015,Griefstedt,99638,Landkreis Sömmerda,Thüringen
1246456,7336032,Gries,66903,Landkreis Kusel,Rheinland-Pfalz
452418,6432008,Griesheim,64347,Landkreis Darmstadt-Dieburg,Hessen
937794,8425050,Griesingen,89608,Alb-Donau-Kreis,Baden-Württemberg
2186923,9187134,Griesstätt,83556,Landkreis Rosenheim,Bayern
1257086,7235035,Grimburg,54413,Landkreis Trier-Saarburg,Rheinland-Pfalz
422342,14729160,Grimma,04668,Landkreis Leipzig,Sachsen
1273313,16069016,Grimmelshausen,98660,Landkreis Hildburghausen,Thüringen
372330,13073035,Grimmen,18507,Landkreis Vorpommern-Rügen,Mecklenburg-Vorpommern
1463076,1053038,Grinau,23847,Kreis Herzogtum Lauenburg,Schleswig-Holstein
1427905,13071050,Grischow,17089,Landkreis Mecklenburgische Seenplatte,Mecklenburg-Vorpommern
2179164,16075039,Grobengereuth,07389,Saale-Orla-Kreis,Thüringen
933494,9179126,Gröbenzell,82194,Landkreis Fürstenfeldbruck,Bayern
1420557,1054039,Gröde,25869,Kreis Nordfriesland,Schleswig-Holstein
1303788,12062196,Gröden,04932,Landkreis Elbe-Elster,Brandenburg
1147205,1059034,Grödersby,24376,Kreis Schleswig-Flensburg,Schleswig-Holstein
1147205,1059034,Grödersby,24399,Kreis Schleswig-Flensburg,Schleswig-Holstein
551077,14627050,Gröditz,01609,Landkreis Meißen,Sachsen
420242,14729170,Groitzsch,04539,Landkreis Leipzig,Sachsen
1245778,7339022,Grolsheim,55459,Landkreis Mainz-Bingen,Rheinland-Pfalz
935833,8237032,Grömbach,72294,Landkreis Freudenstadt,Baden-Württemberg
935833,8237032,Grömbach,72297,Landkreis Freudenstadt,Baden-Württemberg
382428,1055016,Grömitz,23743,Kreis Ostholstein,Schleswig-Holstein
162865,5554020,Gronau,48599,Kreis Borken,Nordrhein-Westfalen
6680417,3254043,Gronau,31028,Landkreis Hildesheim,Niedersachsen
1286654,15083245,Gröningen,39397,Landkreis Börde,Sachsen-Anhalt
454196,1062021,Grönwohld,22956,Kreis Stormarn,Schleswig-Holstein
935175,9772151,Großaitingen,86845,Landkreis Augsburg,Bayern
549413,6636004,Großalmerode,37247,Werra-Meißner-Kreis,Hessen
387530,9673126,Großbardorf,97633,Landkreis Rhön-Grabfeld,Bayern
310393,1057023,Großbarkau,24245,Kreis Plön,Schleswig-Holstein
2400529,16061041,Großbartloff,37359,Landkreis Eichsfeld,Thüringen
55769,12072120,Großbeeren,14979,Landkreis Teltow-Fläming,Brandenburg
2007856,3454016,Groß Berßen,49777,Landkreis Emsland,Niedersachsen
2796104,8116022,Großbettlingen,72663,Landkreis Esslingen,Baden-Württemberg
452422,6432009,Groß-Bieberau,64395,Landkreis Darmstadt-Dieburg,Hessen
452422,6432009,Groß-Bieberau,64401,Landkreis Darmstadt-Dieburg,Hessen
2778371,16074029,Großbockedra,07646,Saale-Holzland-Kreis,Thüringen
1463289,1053039,Groß Boden,23847,Kreis Herzogtum Lauenburg,Schleswig-Holstein
405257,8118021,Großbottwar,71723,Landkreis Ludwigsburg,Baden-Württemberg
2910698,16070058,Großbreitenbach,98701,Ilm-Kreis,Thüringen
553475,1058064,Groß Buchwald,24582,Kreis Rendsburg-Eckernförde,Schleswig-Holstein
1250672,7340209,Großbundenbach,66501,Landkreis Südwestpfalz,Rheinland-Pfalz
1327477,12063112,Großderschau,16845,Landkreis Havelland,Brandenburg
1469272,1053040,Groß Disnack,23911,Kreis Herzogtum Lauenburg,Schleswig-Holstein
1310452,14626120,Groß Düben - Dźěwin,02953,Landkreis Görlitz,Sachsen
1310452,14626120,Groß Düben - Dźěwin,02959,Landkreis Görlitz,Sachsen
1309634,14625160,Großdubrau - Wulka Dubrawa,02694,Landkreis Bautzen,Sachsen
898632,3452006,Großefehn,26629,Landkreis Aurich,Niedersachsen
387518,9673127,Großeibstadt,97633,Landkreis Rhön-Grabfeld,Bayern
2779242,8417023,Grosselfingen,72415,Zollernalbkreis,Baden-Württemberg
423225,1060027,Großenaspe,24623,Kreis Segeberg,Schleswig-Holstein
382418,1055017,Großenbrode,23775,Kreis Ostholstein,Schleswig-Holstein
551159,14627060,Großenhain,01558,Landkreis Meißen,Sachsen
551159,14627060,Großenhain,01561,Landkreis Meißen,Sachsen
1186883,3458007,Großenkneten,26197,Landkreis Oldenburg,Niedersachsen
454875,6631011,Großenlüder,36137,Landkreis Fulda,Hessen
939795,1051037,Großenrade,25712,Kreis Dithmarschen,Schleswig-Holstein
454251,1062022,Großensee,22946,Kreis Stormarn,Schleswig-Holstein
1016520,9572127,Großenseebach,91091,Landkreis Erlangen-Höchstadt,Bayern
2788943,16076023,Großenstein,07580,Landkreis Greiz,Thüringen
1156036,1059115,Großenwiehe,24969,Kreis Schleswig-Flensburg,Schleswig-Holstein
444946,3359019,Großenwörden,21712,Landkreis Stade,Niedersachsen
404653,8119024,Großerlach,71577,Rems-Murr-Kreis,Baden-Württemberg
2458296,16074031,Großeutersdorf,07768,Saale-Holzland-Kreis,Thüringen
2817259,16067033,Großfahner,99100,Landkreis Gotha,Thüringen
1252451,7337035,Großfischlingen,67483,Landkreis Südliche Weinstraße,Rheinland-Pfalz
444535,6433006,Groß-Gerau,64521,Kreis Groß-Gerau,Hessen
449896,13076056,Groß Godems,19372,Landkreis Ludwigslust-Parchim,Mecklenburg-Vorpommern
1099844,1053041,Groß Grönau,23627,Kreis Herzogtum Lauenburg,Schleswig-Holstein
1016394,9573115,Großhabersdorf,90613,Landkreis Fürth,Bayern
454195,1062023,Großhansdorf,22927,Kreis Stormarn,Schleswig-Holstein
310413,1057024,Großharrie,24625,Kreis Plön,Schleswig-Holstein
1307623,14625170,Großharthau,01909,Landkreis Bautzen,Sachsen
416497,14522200,Großhartmannsdorf,09618,Landkreis Mittelsachsen,Sachsen
898630,3452007,Großheide,26532,Landkreis Aurich,Niedersachsen
956866,9473132,Großheirath,96269,Landkreis Coburg,Bayern
2856444,16071022,Großheringen,99518,Landkreis Weimarer Land,Thüringen
394449,9676125,Großheubach,63920,Landkreis Miltenberg,Bayern
453835,7143024,Großholbach,56412,Westerwaldkreis,Rheinland-Pfalz
2012320,3458006,Groß Ippener,27243,Landkreis Oldenburg,Niedersachsen
1113749,7232229,Großkampenberg,54619,Eifelkreis Bitburg-Prüm,Rheinland-Pfalz
1249743,7332023,Großkarlbach,67229,Landkreis Bad Dürkheim,Rheinland-Pfalz
62782,2000000,Hamburg,22559,,Hamburg
2186924,9187137,Großkarolinenfeld,83109,Landkreis Rosenheim,Bayern
1424157,13071053,Groß Kelle,17207,Landkreis Mecklenburgische Seenplatte,Mecklenburg-Vorpommern
1433756,13075041,Groß Kiesow,17495,Landkreis Vorpommern-Greifswald,Mecklenburg-Vorpommern
1314223,12066104,Großkmehlen,01990,Landkreis Oberspreewald-Lausitz,Brandenburg
374165,13073036,Groß Kordshagen,18442,Landkreis Vorpommern-Rügen,Mecklenburg-Vorpommern
1389638,12061192,Groß Köris,15746,Landkreis Dahme-Spreewald,Brandenburg
1451589,13076057,Groß Krams,19230,Landkreis Ludwigslust-Parchim,Mecklenburg-Vorpommern
966648,12069249,Groß Kreutz (Havel),14550,Landkreis Potsdam-Mittelmark,Brandenburg
535940,6435011,Großkrotzenburg,63538,Main-Kinzig-Kreis,Hessen
423149,1060028,Groß Kummerfeld,24626,Kreis Segeberg,Schleswig-Holstein
1451501,13076058,Groß Laasch,19288,Landkreis Ludwigslust-Parchim,Mecklenburg-Vorpommern
1108077,7232230,Großlangenfeld,54608,Eifelkreis Bitburg-Prüm,Rheinland-Pfalz
283613,9675131,Großlangheim,97320,Landkreis Kitzingen,Bayern
1384799,12067180,Groß Lindow,15295,Landkreis Oder-Spree,Brandenburg
1258884,7231046,Großlittgen,54534,Landkreis Bernkastel-Wittlich,Rheinland-Pfalz
2778372,16074032,Großlöbichau,07751,Saale-Holzland-Kreis,Thüringen
2400517,16062009,Großlohra,99759,Landkreis Nordhausen,Thüringen
1410896,13075042,Groß Luckow,17337,Landkreis Vorpommern-Greifswald,Mecklenburg-Vorpommern
444329,7138023,Großmaischeid,56276,Landkreis Neuwied,Rheinland-Pfalz
1079022,3357017,Groß Meckelsen,27419,Landkreis Rotenburg (Wümme),Niedersachsen
943559,9176129,Großmehring,85098,Landkreis Eichstätt,Bayern
1419918,13071054,Groß Miltzow,17349,Landkreis Mecklenburgische Seenplatte,Mecklenburg-Vorpommern
371517,13073037,Groß Mohrdorf,18445,Landkreis Vorpommern-Rügen,Mecklenburg-Vorpommern
2411316,16068017,Großmölsen,99198,Landkreis Sömmerda,Thüringen
1444876,13074028,Groß Molzahn,19217,Landkreis Nordwestmecklenburg,Mecklenburg-Vorpommern
1307643,14625180,Großnaundorf,01936,Landkreis Bautzen,Sachsen
1419896,13071055,Groß Nemerow,17094,Landkreis Mecklenburgische Seenplatte,Mecklenburg-Vorpommern
2410088,16068019,Großneuhausen,99625,Landkreis Sömmerda,Thüringen
422693,7338009,Großniedesheim,67259,Rhein-Pfalz-Kreis,Rheinland-Pfalz
422732,1060029,Groß Niendorf,23816,Kreis Segeberg,Schleswig-Holstein
443283,1056016,Groß Nordende,25436,Kreis Pinneberg,Schleswig-Holstein
1382927,3151010,Groß Oesingen,29393,Landkreis Gifhorn,Niedersachsen
444135,1056017,Groß Offenseth-Aspern,25355,Kreis Pinneberg,Schleswig-Holstein
422392,14521240,Großolbersdorf,09432,Erzgebirgskreis,Sachsen
534355,9671122,Großostheim,63762,Landkreis Aschaffenburg,Bayern
1467514,1053042,Groß Pampau,21493,Kreis Herzogtum Lauenburg,Schleswig-Holstein
1289796,12070125,Groß Pankow (Prignitz),16928,Landkreis Prignitz,Brandenburg
9683139,13071056,Groß Plasten,17192,Landkreis Mecklenburgische Seenplatte,Mecklenburg-Vorpommern
1433747,13075043,Groß Polzin,17390,Landkreis Vorpommern-Greifswald,Mecklenburg-Vorpommern
283733,14729190,Großpösna,04463,Landkreis Leipzig,Sachsen
1309675,14625190,Großpostwitz/O.L. - Budestecy,02692,Landkreis Bautzen,Sachsen
1275648,16074033,Großpürschütz,07751,Saale-Holzland-Kreis,Thüringen
1352952,15085125,Groß Quenstedt,38822,Landkreis Harz,Sachsen-Anhalt
1314217,12066112,Großräschen,01983,Landkreis Oberspreewald-Lausitz,Brandenburg
1157539,1059035,Groß Rheide,24872,Kreis Schleswig-Flensburg,Schleswig-Holstein
319196,8128045,Großrinderfeld,97950,Main-Tauber-Kreis,Baden-Württemberg
1996947,13072038,Groß Roge,17166,Landkreis Rostock,Mecklenburg-Vorpommern
537047,6431010,Groß-Rohrheim,68649,Kreis Bergstraße,Hessen
2321798,14625200,Großröhrsdorf,01900,Landkreis Bautzen,Sachsen
442926,1060030,Groß Rönnau,23795,Kreis Segeberg,Schleswig-Holstein
1184874,10041512,Großrosseln,66352,Regionalverband Saarbrücken,Saarland
422289,14521250,Großrückerswalde,09518,Erzgebirgskreis,Sachsen
2411296,16068021,Großrudestedt,99195,Landkreis Sömmerda,Thüringen
1469216,1053043,Groß Sarau,23627,Kreis Herzogtum Lauenburg,Schleswig-Holstein
1322607,12071153,Groß Schacksdorf-Simmersdorf,03149,Landkreis Spree-Neiße,Brandenburg
1463078,1053044,Groß Schenkenberg,23860,Kreis Herzogtum Lauenburg,Schleswig-Holstein
415999,14522210,Großschirma,09603,Landkreis Mittelsachsen,Sachsen
418124,14626140,Großschönau,02779,Landkreis Görlitz,Sachsen
418124,14626140,Großschönau,02799,Landkreis Görlitz,Sachsen
2856994,16071025,Großschwabhausen,99441,Landkreis Weimarer Land,Thüringen
422761,14626150,Großschweidnitz,02708,Landkreis Görlitz,Sachsen
1964340,13072039,Groß Schwiesow,18276,Landkreis Rostock,Mecklenburg-Vorpommern
451705,7143227,Großseifen,56472,Westerwaldkreis,Rheinland-Pfalz
1149276,1059116,Großsolt,24991,Kreis Schleswig-Flensburg,Schleswig-Holstein
1250688,7340210,Großsteinhausen,66484,Landkreis Südwestpfalz,Rheinland-Pfalz
1504825,13074030,Groß Stieten,23972,Landkreis Nordwestmecklenburg,Mecklenburg-Vorpommern
1427906,13071057,Groß Teetzleben,17091,Landkreis Mecklenburgische Seenplatte,Mecklenburg-Vorpommern
1303790,12062208,Großthiemig,04932,Landkreis Elbe-Elster,Brandenburg
1446662,3154009,Groß Twülpstedt,38464,Landkreis Helmstedt,Niedersachsen
452389,6432010,Groß-Umstadt,64823,Landkreis Darmstadt-Dieburg,Hessen
1267902,16064019,Großvargula,99958,Unstrut-Hainich-Kreis,Thüringen
548547,1058065,Groß Vollstedt,24802,Kreis Rendsburg-Eckernförde,Schleswig-Holstein
395324,9676126,Großwallstadt,63868,Landkreis Miltenberg,Bayern
939364,9180119,Großweil,82439,Landkreis Garmisch-Partenkirchen,Bayern
415410,14522220,Großweitzschen,04720,Landkreis Mittelsachsen,Sachsen
550773,1058066,Groß Wittensee,24361,Kreis Rendsburg-Eckernförde,Schleswig-Holstein
1979184,13072040,Groß Wokern,17166,Landkreis Rostock,Mecklenburg-Vorpommern
1310081,12065117,Großwoltersdorf,16775,Landkreis Oberhavel,Brandenburg
2029538,13072041,Groß Wüstenfelde,17168,Landkreis Rostock,Mecklenburg-Vorpommern
452394,6432011,Groß-Zimmern,64846,Landkreis Darmstadt-Dieburg,Hessen
1395343,1054040,Grothusenkoog,25836,Kreis Nordfriesland,Schleswig-Holstein
1467347,1053045,Grove,21493,Kreis Herzogtum Lauenburg,Schleswig-Holstein
949290,1051038,Groven,25774,Kreis Dithmarschen,Schleswig-Holstein
1273260,16069017,Grub,98530,Landkreis Hildburghausen,Thüringen
956863,9473134,Grub a.Forst,96271,Landkreis Coburg,Bayern
382424,1055018,Grube,23749,Kreis Ostholstein,Schleswig-Holstein
2793120,8117028,Gruibingen,73344,Landkreis Göppingen,Baden-Württemberg
1246770,7336033,Grumbach,67745,Landkreis Kusel,Rheinland-Pfalz
443864,14523130,Grünbach,08223,Vogtlandkreis,Sachsen
418613,6531006,Grünberg,35305,Landkreis Gießen,Hessen
535927,6435012,Gründau,63584,Main-Kinzig-Kreis,Hessen
1149281,1059118,Grundhof,24977,Kreis Schleswig-Flensburg,Schleswig-Holstein
2828857,8425052,Grundsheim,89613,Alb-Donau-Kreis,Baden-Württemberg
422317,7132042,Grünebach,57520,Landkreis Altenkirchen,Rheinland-Pfalz
959861,9776113,Grünenbach,88167,Landkreis Lindau,Bayern
279222,3359020,Grünendeich,21720,Landkreis Stade,Niedersachsen
1314281,12066116,Grünewald,01945,Landkreis Oberspreewald-Lausitz,Brandenburg
419005,14521260,Grünhain-Beierfeld,08344,Erzgebirgskreis,Sachsen
422307,14521270,Grünhainichen,09579,Erzgebirgskreis,Sachsen
1384848,12067201,Grünheide (Mark),15537,Landkreis Oder-Spree,Brandenburg
2808300,8436039,Grünkraut,88287,Landkreis Ravensburg,Baden-Württemberg
1334112,12073261,Grünow,17291,Landkreis Uckermark,Brandenburg
1419604,13071058,Grünow,17237,Landkreis Mecklenburgische Seenplatte,Mecklenburg-Vorpommern
1384833,12067205,Grunow-Dammendorf,15299,Landkreis Oder-Spree,Brandenburg
319197,8128047,Grünsfeld,97947,Main-Tauber-Kreis,Baden-Württemberg
907049,7332024,Grünstadt,67269,Landkreis Bad Dürkheim,Rheinland-Pfalz
415806,9184122,Grünwald,82031,Landkreis München,Bayern
55190,8136027,Gschwend,74417,Ostalbkreis,Baden-Württemberg
2186925,9187138,Gstadt am Chiemsee,83257,Landkreis Rosenheim,Bayern
1351322,12071160,Guben,03172,Landkreis Spree-Neiße,Brandenburg
557143,1058067,Güby,24357,Kreis Rendsburg-Eckernförde,Schleswig-Holstein
535008,7143228,Guckheim,56459,Westerwaldkreis,Rheinland-Pfalz
537143,7141049,Gückingen,65558,Rhein-Lahn-Kreis,Rheinland-Pfalz
418220,1051039,Gudendorf,25693,Kreis Dithmarschen,Schleswig-Holstein
452195,6634007,Gudensberg,34281,Schwalm-Eder-Kreis,Hessen
444925,3359021,Guderhandviertel,21720,Landkreis Stade,Niedersachsen
1474024,1053046,Gudow,23899,Kreis Herzogtum Lauenburg,Schleswig-Holstein
2808130,8436040,Guggenhausen,88379,Landkreis Ravensburg,Baden-Württemberg
410517,8125038,Güglingen,74363,Landkreis Heilbronn,Baden-Württemberg
1322839,12071164,Guhrow,03096,Landkreis Spree-Neiße,Brandenburg
1243997,7133035,Guldental,55452,Landkreis Bad Kreuznach,Rheinland-Pfalz
1289791,12070145,Gülitz-Reetz,19348,Landkreis Prignitz,Brandenburg
415011,7132043,Güllesheim,56593,Landkreis Altenkirchen,Rheinland-Pfalz
1427895,13071059,Gültz,17089,Landkreis Mecklenburgische Seenplatte,Mecklenburg-Vorpommern
1427701,13071060,Gülzow,17153,Landkreis Mecklenburgische Seenplatte,Mecklenburg-Vorpommern
1469077,1053047,Gülzow,21483,Kreis Herzogtum Lauenburg,Schleswig-Holstein
1959688,13072042,Gülzow-Prüzen,18276,Landkreis Rostock,Mecklenburg-Vorpommern
1248624,7331035,Gumbsheim,55597,Landkreis Alzey-Worms,Rheinland-Pfalz
173858,5374012,Gummersbach,51643,Oberbergischer Kreis,Nordrhein-Westfalen
173858,5374012,Gummersbach,51645,Oberbergischer Kreis,Nordrhein-Westfalen
173858,5374012,Gummersbach,51647,Oberbergischer Kreis,Nordrhein-Westfalen
2748749,16074034,Gumperda,07768,Saale-Holzland-Kreis,Thüringen
1289820,12070149,Gumtow,16866,Landkreis Prignitz,Brandenburg
1970196,8315047,Gundelfingen,79194,Landkreis Breisgau-Hochschwarzwald,Baden-Württemberg
956778,9773136,Gundelfingen a.d.Donau,89423,Landkreis Dillingen an der Donau,Bayern
162490,9471137,Gundelsheim,96163,Landkreis Bamberg,Bayern
409714,8125039,Gundelsheim,74831,Landkreis Heilbronn,Baden-Württemberg
1075154,7233213,Gunderath,56767,Landkreis Vulkaneifel,Rheinland-Pfalz
1248790,7331036,Gundersheim,67598,Landkreis Alzey-Worms,Rheinland-Pfalz
1253977,7333028,Gundersweiler,67724,Donnersbergkreis,Rheinland-Pfalz
1248788,7331037,Gundheim,67599,Landkreis Alzey-Worms,Rheinland-Pfalz
964239,9774136,Gundremmingen,89355,Landkreis Günzburg,Bayern
1231983,8327020,Gunningen,78594,Landkreis Tuttlingen,Baden-Württemberg
2410090,16068022,Günstedt,99631,Landkreis Sömmerda,Thüringen
1239656,7339024,Guntersblum,67583,Landkreis Mainz-Bingen,Rheinland-Pfalz
181169,9679142,Güntersleben,97261,Landkreis Würzburg,Bayern
448041,9777138,Günzach,87634,Landkreis Ostallgäu,Bayern
964472,9774135,Günzburg,89312,Landkreis Günzburg,Bayern
1015096,9577136,Gunzenhausen,91710,Landkreis Weißenburg-Gunzenhausen,Bayern
1821886,3354008,Gusborn,29476,Landkreis Lüchow-Dannenberg,Niedersachsen
1257091,7235036,Gusenburg,54413,Landkreis Trier-Saarburg,Rheinland-Pfalz
1332929,12064190,Gusow-Platkow,15306,Landkreis Märkisch-Oderland,Brandenburg
1332610,15089165,Güsten,39439,Salzlandkreis,Sachsen-Anhalt
1466179,1053048,Güster,21514,Kreis Herzogtum Lauenburg,Schleswig-Holstein
1256943,7235037,Gusterath,54317,Landkreis Trier-Saarburg,Rheinland-Pfalz
1437552,13073038,Gustow,18574,Landkreis Vorpommern-Rügen,Mecklenburg-Vorpommern
1971863,13072043,Güstrow,18273,Landkreis Rostock,Mecklenburg-Vorpommern
1112862,8316014,Gutach im Breisgau,79261,Landkreis Emmendingen,Baden-Württemberg
453008,8317039,Gutach (Schwarzwaldbahn),77793,Ortenaukreis,Baden-Württemberg
1314282,12066120,Guteborn,01945,Landkreis Oberspreewald-Lausitz,Brandenburg
539699,7141050,Gutenacker,56370,Rhein-Lahn-Kreis,Rheinland-Pfalz
1240884,8326020,Gütenbach,78148,Schwarzwald-Baar-Kreis,Baden-Württemberg
1244227,7133036,Gutenberg,55595,Landkreis Bad Kreuznach,Rheinland-Pfalz
2404546,15084207,Gutenborn,06712,Burgenlandkreis,Sachsen-Anhalt
962090,9376133,Guteneck,92543,Landkreis Schwandorf,Bayern
357016,9575128,Gutenstetten,91468,Landkreis Neustadt an der Aisch-Bad Windsheim,Bayern
2801251,8426135,Gutenzell-Hürbel,88484,Landkreis Biberach,Baden-Württemberg
138119,5754008,Gütersloh,33330,Kreis Gütersloh,Nordrhein-Westfalen
138119,5754008,Gütersloh,33332,Kreis Gütersloh,Nordrhein-Westfalen
138119,5754008,Gütersloh,33333,Kreis Gütersloh,Nordrhein-Westfalen
138119,5754008,Gütersloh,33334,Kreis Gütersloh,Nordrhein-Westfalen
138119,5754008,Gütersloh,33335,Kreis Gütersloh,Nordrhein-Westfalen
1964776,13072044,Gutow,18276,Landkreis Rostock,Mecklenburg-Vorpommern
1022762,9477118,Guttenberg,95358,Landkreis Kulmbach,Bayern
1256960,7235038,Gutweiler,54317,Landkreis Trier-Saarburg,Rheinland-Pfalz
1433750,13075044,Gützkow,17506,Landkreis Vorpommern-Greifswald,Mecklenburg-Vorpommern
452207,6634008,Guxhagen,34302,Schwalm-Eder-Kreis,Hessen
965591,3357018,Gyhum,27404,Landkreis Rotenburg (Wümme),Niedersachsen
1070979,9472146,Haag,95473,Landkreis Bayreuth,Bayern
29832,9178129,Haag an der Amper,85410,Landkreis Freising,Bayern
940688,9183119,Haag in Oberbayern,83527,Landkreis Mühldorf am Inn,Bayern
548582,1058068,Haale,24819,Kreis Rendsburg-Eckernförde,Schleswig-Holstein
66527,5158008,Haan,42781,Kreis Mettmann,Nordrhein-Westfalen
543186,9184123,Haar,85540,Landkreis München,Bayern
958113,9275125,Haarbach,94501,Landkreis Passau,Bayern
958113,9275125,Haarbach,94542,Landkreis Passau,Bayern
936939,9190126,Habach,82392,Landkreis Weilheim-Schongau,Bayern
454707,6633011,Habichtswald,34317,Landkreis Kassel,Hessen
1108056,7232231,Habscheid,54597,Eifelkreis Bitburg-Prüm,Rheinland-Pfalz
550774,1058069,Haby,24361,Kreis Rendsburg-Eckernförde,Schleswig-Holstein
453157,7143229,Hachenburg,57627,Westerwaldkreis,Rheinland-Pfalz
1244015,7133037,Hackenheim,55546,Landkreis Bad Kreuznach,Rheinland-Pfalz
324305,6533007,Hadamar,65589,Landkreis Limburg-Weilburg,Hessen
1808865,3358012,Hademstorf,29693,Landkreis Heidekreis,Niedersachsen
448767,1061033,Hadenfeld,25560,Kreis Steinburg,Schleswig-Holstein
337249,9677135,Hafenlohr,97840,Landkreis Main-Spessart,Bayern
898198,3452008,Hage,26524,Landkreis Aurich,Niedersachsen
1130285,8336106,Häg-Ehrsberg,79685,Landkreis Lörrach,Baden-Württemberg
966630,9375143,Hagelstadt,93095,Landkreis Regensburg,Bayern
423187,1060031,Hagen,24576,Kreis Segeberg,Schleswig-Holstein
1800297,5914000,Hagen,58089,,Nordrhein-Westfalen
1800297,5914000,Hagen,58091,,Nordrhein-Westfalen
1800297,5914000,Hagen,58093,,Nordrhein-Westfalen
1800297,5914000,Hagen,58095,,Nordrhein-Westfalen
1800297,5914000,Hagen,58097,,Nordrhein-Westfalen
1800297,5914000,Hagen,58099,,Nordrhein-Westfalen
1800297,5914000,Hagen,58119,,Nordrhein-Westfalen
1800297,5914000,Hagen,58135,,Nordrhein-Westfalen
1819459,3459020,Hagen am Teutoburger Wald,49170,Landkreis Osnabrück,Niedersachsen
1250485,7334008,Hagenbach,76767,Landkreis Germersheim,Rheinland-Pfalz
357027,9575129,Hagenbüchach,91469,Landkreis Neustadt an der Aisch-Bad Windsheim,Bayern
1169368,3257010,Hagenburg,31558,Landkreis Schaumburg,Niedersachsen
1161863,3352060,Hagen im Bremischen,27628,Landkreis Cuxhaven,Niedersachsen
1451519,13076060,Hagenow,19230,Landkreis Ludwigslust-Parchim,Mecklenburg-Vorpommern
898197,3452009,Hagermarsch,26524,Landkreis Aurich,Niedersachsen
2783927,8435018,Hagnau am Bodensee,88709,Bodenseekreis,Baden-Württemberg
1015245,7140044,Hahn,56850,Rhein-Hunsrück-Kreis,Rheinland-Pfalz
534478,7143232,Hahn am See,56244,Westerwaldkreis,Rheinland-Pfalz
1028557,9371126,Hahnbach,92256,Landkreis Amberg-Sulzbach,Bayern
451706,7143231,Hahn bei Marienberg,56472,Westerwaldkreis,Rheinland-Pfalz
1244124,7133038,Hahnenbach,55606,Landkreis Bad Kreuznach,Rheinland-Pfalz
1245829,7339025,Hahnheim,55278,Landkreis Mainz-Bingen,Rheinland-Pfalz
1311141,14626160,Hähnichen,02923,Landkreis Görlitz,Sachsen
538926,7141051,Hahnstätten,65623,Rhein-Lahn-Kreis,Rheinland-Pfalz
1245057,7134033,Hahnweiler,55776,Landkreis Birkenfeld,Rheinland-Pfalz
534147,9671124,Haibach,63808,Landkreis Aschaffenburg,Bayern
959652,9278129,Haibach,94353,Landkreis Straubing-Bogen,Bayern
958942,9272122,Haidmühle,94145,Landkreis Freyung-Grafenau,Bayern
215963,6532011,Haiger,35708,Lahn-Dill-Kreis,Hessen
2779232,8417025,Haigerloch,72401,Zollernalbkreis,Baden-Württemberg
934470,9174121,Haimhausen,85778,Landkreis Dachau,Bayern
942038,9171118,Haiming,84533,Landkreis Altötting,Bayern
443593,6635013,Haina (Kloster),35114,Landkreis Waldeck-Frankenberg,Hessen
540453,7141110,Hainau,56357,Rhein-Lahn-Kreis,Rheinland-Pfalz
659753,6438004,Hainburg,63512,Landkreis Offenbach,Hessen
418126,14626170,Hainewalde,02779,Landkreis Görlitz,Sachsen
1252463,7337036,Hainfeld,76835,Landkreis Südliche Weinstraße,Rheinland-Pfalz
411426,14522230,Hainichen,09661,Landkreis Mittelsachsen,Sachsen
2778374,16074036,Hainichen,07778,Saale-Holzland-Kreis,Thüringen
962604,9779154,Hainsfarth,86744,Landkreis Donau-Ries,Bayern
2778375,16074037,Hainspitz,07607,Saale-Holzland-Kreis,Thüringen
1177460,8235032,Haiterbach,72221,Landkreis Calw,Baden-Württemberg
1389621,12061216,Halbe,15757,Landkreis Dahme-Spreewald,Brandenburg
949622,3452010,Halbemond,26524,Landkreis Aurich,Niedersachsen
1352956,15085135,Halberstadt,38820,Landkreis Harz,Sachsen-Anhalt
1352956,15085135,Halberstadt,38822,Landkreis Harz,Sachsen-Anhalt
1352956,15085135,Halberstadt,38895,Landkreis Harz,Sachsen-Anhalt
448296,9777173,Halblech,87642,Landkreis Ostallgäu,Bayern
535009,7143233,Halbs,56457,Westerwaldkreis,Rheinland-Pfalz
1286638,15083270,Haldensleben,39340,Landkreis Börde,Sachsen-Anhalt
1286638,15083270,Haldensleben,39343,Landkreis Börde,Sachsen-Anhalt
1286638,15083270,Haldensleben,39345,Landkreis Börde,Sachsen-Anhalt
957701,9780122,Haldenwang,87490,Landkreis Oberallgäu,Bayern
964240,9774140,Haldenwang,89356,Landkreis Günzburg,Bayern
1289816,12070153,Halenbeck-Rohlsdorf,16945,Landkreis Prignitz,Brandenburg
2186926,9187139,Halfing,83128,Landkreis Rosenheim,Bayern
30008,9178130,Hallbergmoos,85399,Landkreis Freising,Bayern
1184661,3255016,Halle,37620,Landkreis Holzminden,Niedersachsen
2012531,3456008,Halle,49843,Landkreis Grafschaft Bentheim,Niedersachsen
157388,5958020,Hallenberg,59969,Hochsauerlandkreis,Nordrhein-Westfalen
1080453,9474133,Hallerndorf,91352,Landkreis Forchheim,Bayern
62638,15002000,Halle (Saale),06108,,Sachsen-Anhalt
62638,15002000,Halle (Saale),06110,,Sachsen-Anhalt
62638,15002000,Halle (Saale),06112,,Sachsen-Anhalt
62638,15002000,Halle (Saale),06114,,Sachsen-Anhalt
62638,15002000,Halle (Saale),06116,,Sachsen-Anhalt
62638,15002000,Halle (Saale),06118,,Sachsen-Anhalt
62638,15002000,Halle (Saale),06120,,Sachsen-Anhalt
62638,15002000,Halle (Saale),06122,,Sachsen-Anhalt
62638,15002000,Halle (Saale),06124,,Sachsen-Anhalt
62638,15002000,Halle (Saale),06126,,Sachsen-Anhalt
62638,15002000,Halle (Saale),06128,,Sachsen-Anhalt
62638,15002000,Halle (Saale),06130,,Sachsen-Anhalt
62638,15002000,Halle (Saale),06132,,Sachsen-Anhalt
138701,5754012,Halle (Westf.),33790,Kreis Gütersloh,Nordrhein-Westfalen
1246414,7133039,Hallgarten,67826,Landkreis Bad Kreuznach,Rheinland-Pfalz
1420554,1054050,Hallig Hooge,25859,Kreis Nordfriesland,Schleswig-Holstein
1075993,7233214,Hallschlag,54611,Landkreis Vulkaneifel,Rheinland-Pfalz
544953,9471140,Hallstadt,96103,Landkreis Bamberg,Bayern
2899675,16063037,Hallungen,99826,Wartburgkreis,Thüringen
942118,9171119,Halsbach,84553,Landkreis Altötting,Bayern
416001,14522240,Halsbrücke,09633,Landkreis Mittelsachsen,Sachsen
1152667,7232045,Halsdorf,54646,Eifelkreis Bitburg-Prüm,Rheinland-Pfalz
1182312,7140045,Halsenbach,56283,Rhein-Hunsrück-Kreis,Rheinland-Pfalz
443486,1056018,Halstenbek,25469,Kreis Pinneberg,Schleswig-Holstein
61945,5562016,Haltern am See,45721,Kreis Recklinghausen,Nordrhein-Westfalen
168558,5962012,Halver,58553,Märkischer Kreis,Nordrhein-Westfalen
306357,3353014,Halvesbostel,21646,Landkreis Harburg,Niedersachsen
537144,7141052,Hambach,65582,Rhein-Lahn-Kreis,Rheinland-Pfalz
532397,1062025,Hamberge,23619,Kreis Stormarn,Schleswig-Holstein
904476,3356003,Hambergen,27729,Landkreis Osterholz,Niedersachsen
659814,8215029,Hambrücken,76707,Landkreis Karlsruhe,Baden-Württemberg
1259833,7135038,Hambuch,56761,Landkreis Cochem-Zell,Rheinland-Pfalz
1799275,3351012,Hambühren,29313,Landkreis Celle,Niedersachsen
62782,2000000,Hamburg,20095,,Hamburg
62782,2000000,Hamburg,20097,,Hamburg
62782,2000000,Hamburg,20099,,Hamburg
62782,2000000,Hamburg,20144,,Hamburg
62782,2000000,Hamburg,20146,,Hamburg
62782,2000000,Hamburg,20148,,Hamburg
62782,2000000,Hamburg,20149,,Hamburg
62782,2000000,Hamburg,20249,,Hamburg
62782,2000000,Hamburg,20251,,Hamburg
62782,2000000,Hamburg,20253,,Hamburg
62782,2000000,Hamburg,20255,,Hamburg
62782,2000000,Hamburg,20257,,Hamburg
62782,2000000,Hamburg,20259,,Hamburg
62782,2000000,Hamburg,20354,,Hamburg
62782,2000000,Hamburg,20355,,Hamburg
62782,2000000,Hamburg,20357,,Hamburg
62782,2000000,Hamburg,20359,,Hamburg
62782,2000000,Hamburg,20457,,Hamburg
62782,2000000,Hamburg,20459,,Hamburg
62782,2000000,Hamburg,20535,,Hamburg
62782,2000000,Hamburg,20537,,Hamburg
62782,2000000,Hamburg,20539,,Hamburg
62782,2000000,Hamburg,21029,,Hamburg
62782,2000000,Hamburg,21031,,Hamburg
62782,2000000,Hamburg,21033,,Hamburg
62782,2000000,Hamburg,21035,,Hamburg
62782,2000000,Hamburg,21037,,Hamburg
62782,2000000,Hamburg,21039,,Hamburg
62782,2000000,Hamburg,21073,,Hamburg
62782,2000000,Hamburg,21075,,Hamburg
62782,2000000,Hamburg,21077,,Hamburg
62782,2000000,Hamburg,21079,,Hamburg
62782,2000000,Hamburg,21107,,Hamburg
62782,2000000,Hamburg,21109,,Hamburg
62782,2000000,Hamburg,21129,,Hamburg
62782,2000000,Hamburg,21147,,Hamburg
62782,2000000,Hamburg,21149,,Hamburg
62782,2000000,Hamburg,22041,,Hamburg
62782,2000000,Hamburg,22043,,Hamburg
62782,2000000,Hamburg,22045,,Hamburg
62782,2000000,Hamburg,22047,,Hamburg
62782,2000000,Hamburg,22049,,Hamburg
62782,2000000,Hamburg,22081,,Hamburg
62782,2000000,Hamburg,22083,,Hamburg
62782,2000000,Hamburg,22085,,Hamburg
62782,2000000,Hamburg,22087,,Hamburg
62782,2000000,Hamburg,22089,,Hamburg
62782,2000000,Hamburg,22111,,Hamburg
62782,2000000,Hamburg,22113,,Hamburg
62782,2000000,Hamburg,22115,,Hamburg
62782,2000000,Hamburg,22117,,Hamburg
62782,2000000,Hamburg,22119,,Hamburg
62782,2000000,Hamburg,22143,,Hamburg
62782,2000000,Hamburg,22145,,Hamburg
62782,2000000,Hamburg,22147,,Hamburg
62782,2000000,Hamburg,22149,,Hamburg
62782,2000000,Hamburg,22159,,Hamburg
62782,2000000,Hamburg,22175,,Hamburg
62782,2000000,Hamburg,22177,,Hamburg
62782,2000000,Hamburg,22179,,Hamburg
62782,2000000,Hamburg,22297,,Hamburg
62782,2000000,Hamburg,22299,,Hamburg
62782,2000000,Hamburg,22301,,Hamburg
62782,2000000,Hamburg,22303,,Hamburg
62782,2000000,Hamburg,22305,,Hamburg
62782,2000000,Hamburg,22307,,Hamburg
62782,2000000,Hamburg,22309,,Hamburg
62782,2000000,Hamburg,22335,,Hamburg
62782,2000000,Hamburg,22337,,Hamburg
62782,2000000,Hamburg,22339,,Hamburg
62782,2000000,Hamburg,22359,,Hamburg
62782,2000000,Hamburg,22391,,Hamburg
62782,2000000,Hamburg,22393,,Hamburg
62782,2000000,Hamburg,22395,,Hamburg
62782,2000000,Hamburg,22397,,Hamburg
62782,2000000,Hamburg,22399,,Hamburg
62782,2000000,Hamburg,22415,,Hamburg
62782,2000000,Hamburg,22417,,Hamburg
62782,2000000,Hamburg,22419,,Hamburg
62782,2000000,Hamburg,22453,,Hamburg
62782,2000000,Hamburg,22455,,Hamburg
62782,2000000,Hamburg,22457,,Hamburg
62782,2000000,Hamburg,22459,,Hamburg
62782,2000000,Hamburg,22523,,Hamburg
62782,2000000,Hamburg,22525,,Hamburg
62782,2000000,Hamburg,22527,,Hamburg
62782,2000000,Hamburg,22529,,Hamburg
62782,2000000,Hamburg,22547,,Hamburg
62782,2000000,Hamburg,22549,,Hamburg
62782,2000000,Hamburg,22589,,Hamburg
62782,2000000,Hamburg,22605,,Hamburg
62782,2000000,Hamburg,22607,,Hamburg
62782,2000000,Hamburg,22609,,Hamburg
62782,2000000,Hamburg,22761,,Hamburg
62782,2000000,Hamburg,22763,,Hamburg
62782,2000000,Hamburg,22765,,Hamburg
62782,2000000,Hamburg,22767,,Hamburg
62782,2000000,Hamburg,22769,,Hamburg
62782,2000000,Hamburg,27499,,Hamburg
556576,1058070,Hamdorf,24805,Kreis Rendsburg-Eckernförde,Schleswig-Holstein
2014324,3256009,Hämelhausen,27324,Landkreis Nienburg/Weser,Niedersachsen
1730383,3252006,Hameln,31785,Landkreis Hameln-Pyrmont,Niedersachsen
1730383,3252006,Hameln,31787,Landkreis Hameln-Pyrmont,Niedersachsen
1730383,3252006,Hameln,31789,Landkreis Hameln-Pyrmont,Niedersachsen
1079013,3357019,Hamersen,27419,Landkreis Rotenburg (Wümme),Niedersachsen
454243,1062026,Hamfelde,22929,Kreis Stormarn,Schleswig-Holstein
1466072,1053049,Hamfelde,22929,Kreis Herzogtum Lauenburg,Schleswig-Holstein
62499,5915000,Hamm,59063,,Nordrhein-Westfalen
62499,5915000,Hamm,59065,,Nordrhein-Westfalen
62499,5915000,Hamm,59067,,Nordrhein-Westfalen
62499,5915000,Hamm,59069,,Nordrhein-Westfalen
62499,5915000,Hamm,59071,,Nordrhein-Westfalen
62499,5915000,Hamm,59073,,Nordrhein-Westfalen
62499,5915000,Hamm,59075,,Nordrhein-Westfalen
62499,5915000,Hamm,59077,,Nordrhein-Westfalen
1152685,7232046,Hamm,54636,Eifelkreis Bitburg-Prüm,Rheinland-Pfalz
444949,3359022,Hammah,21714,Landkreis Stade,Niedersachsen
1248688,7331038,Hamm am Rhein,67580,Landkreis Alzey-Worms,Rheinland-Pfalz
386414,9672127,Hammelburg,97762,Landkreis Bad Kissingen,Bayern
1410800,13075045,Hammer a.d. Uecker,17358,Landkreis Vorpommern-Greifswald,Mecklenburg-Vorpommern
535892,6435013,Hammersbach,63546,Main-Kinzig-Kreis,Hessen
2856995,16071027,Hammerstedt,99441,Landkreis Weimarer Land,Thüringen
444288,7138024,Hammerstein,56598,Landkreis Neuwied,Rheinland-Pfalz
58587,5170012,Hamminkeln,46499,Kreis Wesel,Nordrhein-Westfalen
453744,1062027,Hammoor,22941,Kreis Stormarn,Schleswig-Holstein
420585,7132044,Hamm (Sieg),57577,Landkreis Altenkirchen,Rheinland-Pfalz
158732,1053050,Hamwarde,21502,Kreis Herzogtum Lauenburg,Schleswig-Holstein
548581,1058071,Hamweddel,24816,Kreis Rendsburg-Eckernförde,Schleswig-Holstein
535895,6435014,Hanau,63450,Main-Kinzig-Kreis,Hessen
535895,6435014,Hanau,63452,Main-Kinzig-Kreis,Hessen
535895,6435014,Hanau,63454,Main-Kinzig-Kreis,Hessen
535895,6435014,Hanau,63456,Main-Kinzig-Kreis,Hessen
535895,6435014,Hanau,63457,Main-Kinzig-Kreis,Hessen
318132,3353015,Handeloh,21256,Landkreis Harburg,Niedersachsen
1149297,1059183,Handewitt,24976,Kreis Schleswig-Flensburg,Schleswig-Holstein
1149297,1059183,Handewitt,24983,Kreis Schleswig-Flensburg,Schleswig-Holstein
1392135,3355017,Handorf,21447,Landkreis Lüneburg,Niedersachsen
2006834,3454017,Handrup,49838,Landkreis Emsland,Niedersachsen
548602,1058072,Hanerau-Hademarschen,25557,Kreis Rendsburg-Eckernförde,Schleswig-Holstein
1248783,7331039,Hangen-Weisheim,55234,Landkreis Alzey-Worms,Rheinland-Pfalz
422874,7338010,Hanhofen,67374,Rhein-Pfalz-Kreis,Rheinland-Pfalz
1392688,3151011,Hankensbüttel,29386,Landkreis Gifhorn,Niedersachsen
1202121,3159017,Hann. Münden,34346,Landkreis Göttingen,Niedersachsen
59418,3241001,Hannover,30159,Region Hannover,Niedersachsen
59418,3241001,Hannover,30161,Region Hannover,Niedersachsen
59418,3241001,Hannover,30163,Region Hannover,Niedersachsen
59418,3241001,Hannover,30165,Region Hannover,Niedersachsen
59418,3241001,Hannover,30167,Region Hannover,Niedersachsen
59418,3241001,Hannover,30169,Region Hannover,Niedersachsen
59418,3241001,Hannover,30171,Region Hannover,Niedersachsen
59418,3241001,Hannover,30173,Region Hannover,Niedersachsen
59418,3241001,Hannover,30175,Region Hannover,Niedersachsen
59418,3241001,Hannover,30177,Region Hannover,Niedersachsen
59418,3241001,Hannover,30179,Region Hannover,Niedersachsen
59418,3241001,Hannover,30419,Region Hannover,Niedersachsen
59418,3241001,Hannover,30449,Region Hannover,Niedersachsen
59418,3241001,Hannover,30451,Region Hannover,Niedersachsen
59418,3241001,Hannover,30453,Region Hannover,Niedersachsen
59418,3241001,Hannover,30455,Region Hannover,Niedersachsen
59418,3241001,Hannover,30457,Region Hannover,Niedersachsen
59418,3241001,Hannover,30459,Region Hannover,Niedersachsen
59418,3241001,Hannover,30519,Region Hannover,Niedersachsen
59418,3241001,Hannover,30521,Region Hannover,Niedersachsen
59418,3241001,Hannover,30539,Region Hannover,Niedersachsen
59418,3241001,Hannover,30559,Region Hannover,Niedersachsen
59418,3241001,Hannover,30625,Region Hannover,Niedersachsen
59418,3241001,Hannover,30627,Region Hannover,Niedersachsen
59418,3241001,Hannover,30629,Region Hannover,Niedersachsen
59418,3241001,Hannover,30655,Region Hannover,Niedersachsen
59418,3241001,Hannover,30657,Region Hannover,Niedersachsen
59418,3241001,Hannover,30659,Region Hannover,Niedersachsen
59418,3241001,Hannover,30669,Region Hannover,Niedersachsen
445749,7138025,Hanroth,56316,Landkreis Neuwied,Rheinland-Pfalz
912078,13075046,Hanshagen,17509,Landkreis Vorpommern-Greifswald,Mecklenburg-Vorpommern
318147,3353016,Hanstedt,21271,Landkreis Harburg,Niedersachsen
1460235,3360010,Hanstedt,29582,Landkreis Uelzen,Niedersachsen
966168,9574128,Happurg,91230,Landkreis Nürnberger Land,Bayern
422323,7132045,Harbach,57572,Landkreis Altenkirchen,Rheinland-Pfalz
1286656,15083275,Harbke,39365,Landkreis Börde,Sachsen-Anhalt
962455,9779155,Harburg (Schwaben),86655,Landkreis Donau-Ries,Bayern
423190,1060033,Hardebek,24616,Kreis Segeberg,Schleswig-Holstein
1397835,3155005,Hardegsen,37181,Landkreis Northeim,Niedersachsen
444702,7138026,Hardert,56579,Landkreis Neuwied,Rheinland-Pfalz
403726,8225032,Hardheim,74736,Neckar-Odenwald-Kreis,Baden-Württemberg
451707,7143234,Hardt,56472,Westerwaldkreis,Rheinland-Pfalz
943744,8325024,Hardt,78739,Landkreis Rottweil,Baden-Württemberg
409709,8125111,Hardthausen am Kocher,74239,Landkreis Heilbronn,Baden-Württemberg
1815258,3454018,Haren (Ems),49733,Landkreis Emsland,Niedersachsen
1113767,7232233,Hargarten,54649,Eifelkreis Bitburg-Prüm,Rheinland-Pfalz
1244211,7133040,Hargesheim,55595,Landkreis Bad Kreuznach,Rheinland-Pfalz
382410,1055020,Harmsdorf,23738,Kreis Ostholstein,Schleswig-Holstein
1470176,1053051,Harmsdorf,23911,Kreis Herzogtum Lauenburg,Schleswig-Holstein
280498,3353017,Harmstorf,21228,Landkreis Harburg,Niedersachsen
2012321,3458008,Harpstedt,27243,Landkreis Oldenburg,Niedersachsen
1149296,1059120,Harrislee,24955,Kreis Schleswig-Flensburg,Schleswig-Holstein
445747,7138027,Harschbach,56307,Landkreis Neuwied,Rheinland-Pfalz
1060439,7131026,Harscheid,53520,Landkreis Ahrweiler,Rheinland-Pfalz
1022768,9477119,Harsdorf,95499,Landkreis Kulmbach,Bayern
446428,3359023,Harsefeld,21698,Landkreis Stade,Niedersachsen
138702,5754016,Harsewinkel,33428,Kreis Gütersloh,Nordrhein-Westfalen
1352964,15085140,Harsleben,38829,Landkreis Harz,Sachsen-Anhalt
1113756,7232234,Harspelt,54617,Eifelkreis Bitburg-Prüm,Rheinland-Pfalz
69785,3254020,Harsum,31177,Landkreis Hildesheim,Niedersachsen
533584,7143025,Hartenfels,56244,Westerwaldkreis,Rheinland-Pfalz
422880,1060034,Hartenholm,24628,Kreis Segeberg,Schleswig-Holstein
417705,14524090,Hartenstein,08118,Landkreis Zwickau,Sachsen
966155,9574129,Hartenstein,91235,Landkreis Nürnberger Land,Bayern
402946,14522250,Hartha,04746,Landkreis Mittelsachsen,Sachsen
422705,7338011,Harthausen,67376,Rhein-Pfalz-Kreis,Rheinland-Pfalz
1959389,8315048,Hartheim am Rhein,79258,Landkreis Breisgau-Hochschwarzwald,Baden-Württemberg
2768455,16076088,Harth-Pöllnitz,07570,Landkreis Greiz,Thüringen
535010,7143230,Härtlingen,56459,Westerwaldkreis,Rheinland-Pfalz
412400,14522260,Hartmannsdorf,09232,Landkreis Mittelsachsen,Sachsen
2778376,16074038,Hartmannsdorf,07613,Saale-Holzland-Kreis,Thüringen
417713,14524100,Hartmannsdorf bei Kirchberg,08107,Landkreis Zwickau,Sachsen
455474,14628150,Hartmannsdorf-Reichenau,01762,Landkreis Sächsische Schweiz-Osterzgebirge,Sachsen
1245806,7339026,Harxheim,55296,Landkreis Mainz-Bingen,Rheinland-Pfalz
1332261,15085145,Harzgerode,06493,Landkreis Harz,Sachsen-Anhalt
2400323,16062065,Harztor,99768,Landkreis Nordhausen,Thüringen
1823276,3459021,Hasbergen,49205,Landkreis Osnabrück,Niedersachsen
1258886,7231049,Hasborn,54533,Landkreis Bernkastel-Wittlich,Rheinland-Pfalz
1246589,7336034,Haschbach am Remigiusberg,66871,Landkreis Kusel,Rheinland-Pfalz
1130273,8336034,Hasel,79686,Landkreis Lörrach,Baden-Württemberg
443186,1056019,Haselau,25489,Kreis Pinneberg,Schleswig-Holstein
959660,9278134,Haselbach,94354,Landkreis Straubing-Bogen,Bayern
2714343,16077015,Haselbach,04617,Landkreis Altenburger Land,Thüringen
1307649,14625220,Haselbachtal,01920,Landkreis Bautzen,Sachsen
443184,1056020,Haseldorf,25489,Kreis Pinneberg,Schleswig-Holstein
1415325,1054041,Haselund,25855,Kreis Nordfriesland,Schleswig-Holstein
1716876,3454019,Haselünne,49740,Landkreis Emsland,Niedersachsen
445505,1060035,Hasenkrug,24616,Kreis Segeberg,Schleswig-Holstein
423181,1060036,Hasenmoor,24640,Kreis Segeberg,Schleswig-Holstein
1269734,7135039,Haserich,56858,Landkreis Cochem-Zell,Rheinland-Pfalz
453017,8317040,Haslach im Kinzigtal,77716,Ortenaukreis,Baden-Württemberg
336535,9677137,Hasloch,97907,Landkreis Main-Spessart,Bayern
443705,1056021,Hasloh,25474,Kreis Pinneberg,Schleswig-Holstein
1183259,3256011,Haßbergen,31626,Landkreis Nienburg/Weser,Niedersachsen
1284768,15090220,Hassel,39596,Landkreis Stendal,Sachsen-Anhalt
418142,7132046,Hasselbach,57635,Landkreis Altenkirchen,Rheinland-Pfalz
1204717,7140046,Hasselbach,56288,Rhein-Hunsrück-Kreis,Rheinland-Pfalz
1145348,1059121,Hasselberg,24376,Kreis Schleswig-Flensburg,Schleswig-Holstein
535901,6435015,Hasselroth,63594,Main-Kinzig-Kreis,Hessen
2014320,3256010,Hassel (Weser),27324,Landkreis Nienburg/Weser,Niedersachsen
965592,3357020,Hassendorf,27367,Landkreis Rotenburg (Wümme),Niedersachsen
388767,9674147,Haßfurt,97437,Landkreis Haßberge,Bayern
2411243,16068025,Haßleben,99189,Landkreis Sömmerda,Thüringen
79069,7332025,Haßloch,67454,Landkreis Bad Dürkheim,Rheinland-Pfalz
403744,8225033,Haßmersheim,74855,Neckar-Odenwald-Kreis,Baden-Württemberg
548567,1058073,Haßmoor,24790,Kreis Rendsburg-Eckernförde,Schleswig-Holstein
1182437,3257011,Haste,31559,Landkreis Schaumburg,Niedersachsen
1185613,3458009,Hatten,26209,Landkreis Oldenburg,Niedersachsen
933534,9179128,Hattenhofen,82285,Landkreis Fürstenfeldbruck,Bayern
2792703,8117029,Hattenhofen,73110,Landkreis Göppingen,Baden-Württemberg
414749,6436005,Hattersheim am Main,65795,Main-Taunus-Kreis,Hessen
453158,7143235,Hattert,57644,Westerwaldkreis,Rheinland-Pfalz
1244326,7134034,Hattgenstein,55767,Landkreis Birkenfeld,Rheinland-Pfalz
162828,5954016,Hattingen,45525,Ennepe-Ruhr-Kreis,Nordrhein-Westfalen
162828,5954016,Hattingen,45527,Ennepe-Ruhr-Kreis,Nordrhein-Westfalen
162828,5954016,Hattingen,45529,Ennepe-Ruhr-Kreis,Nordrhein-Westfalen
1416155,3159018,Hattorf am Harz,37197,Landkreis Göttingen,Niedersachsen
1405430,1054042,Hattstedt,25856,Kreis Nordfriesland,Schleswig-Holstein
1415601,1054043,Hattstedtermarsch,25856,Kreis Nordfriesland,Schleswig-Holstein
1252352,7334009,Hatzenbühl,76770,Landkreis Germersheim,Rheinland-Pfalz
546634,7137208,Hatzenport,56332,Landkreis Mayen-Koblenz,Rheinland-Pfalz
443590,6635014,Hatzfeld (Eder),35116,Landkreis Waldeck-Frankenberg,Hessen
1251070,7340014,Hauenstein,76846,Landkreis Südwestpfalz,Rheinland-Pfalz
1015098,9577138,Haundorf,91729,Landkreis Weißenburg-Gunzenhausen,Bayern
275090,6632007,Hauneck,36282,Landkreis Hersfeld-Rotenburg,Hessen
275096,6632008,Haunetal,36166,Landkreis Hersfeld-Rotenburg,Hessen
956712,9773137,Haunsheim,89437,Landkreis Dillingen an der Donau,Bayern
1253823,7335012,Hauptstuhl,66851,Landkreis Kaiserslautern,Rheinland-Pfalz
448131,7135040,Hauroth,56761,Landkreis Cochem-Zell,Rheinland-Pfalz
453020,8317041,Hausach,77756,Ortenaukreis,Baden-Württemberg
27021,1002000,Kiel,24114,,Schleswig-Holstein
1182324,7140047,Hausbay,56291,Rhein-Hunsrück-Kreis,Rheinland-Pfalz
386917,9673129,Hausen,97647,Landkreis Rhön-Grabfeld,Bayern
395348,9676128,Hausen,63840,Landkreis Miltenberg,Bayern
956653,9273125,Hausen,93345,Landkreis Kelheim,Bayern
1080502,9474134,Hausen,91353,Landkreis Forchheim,Bayern
1245103,7134035,Hausen,55608,Landkreis Birkenfeld,Rheinland-Pfalz
2803399,8425055,Hausen am Bussen,89597,Alb-Donau-Kreis,Baden-Württemberg
2779384,8417029,Hausen am Tann,72361,Zollernalbkreis,Baden-Württemberg
182321,9679143,Hausen b. Würzburg,97262,Landkreis Würzburg,Bayern
1130295,8336036,Hausen im Wiesental,79688,Landkreis Lörrach,Baden-Württemberg
1231973,8327023,Hausen ob Verena,78595,Landkreis Tuttlingen,Baden-Württemberg
444274,7138007,Hausen (Wied),53547,Landkreis Neuwied,Rheinland-Pfalz
1240407,8337045,Häusern,79837,Landkreis Waldshut,Baden-Württemberg
935951,9182119,Hausham,83734,Landkreis Miesbach,Bayern
1799473,3358013,Häuslingen,27336,Landkreis Heidekreis,Niedersachsen
2903161,16064021,Haussömmern,99955,Unstrut-Hainich-Kreis,Thüringen
548041,7137034,Hausten,56745,Landkreis Mayen-Koblenz,Rheinland-Pfalz
1246785,7336035,Hausweiler,67742,Landkreis Kusel,Rheinland-Pfalz
958086,9275126,Hauzenberg,94051,Landkreis Passau,Bayern
1466112,1053052,Havekost,21493,Kreis Herzogtum Lauenburg,Schleswig-Holstein
1332606,12063134,Havelaue,14715,Landkreis Havelland,Brandenburg
1284733,15090225,Havelberg,39539,Landkreis Stendal,Sachsen-Anhalt
967754,12069270,Havelsee,14798,Landkreis Potsdam-Mittelmark,Brandenburg
1432670,3158016,Haverlah,38275,Landkreis Wolfenbüttel,Niedersachsen
1149341,1059037,Havetoft,24873,Kreis Schleswig-Flensburg,Schleswig-Holstein
157765,5558020,Havixbeck,48329,Kreis Coesfeld,Nordrhein-Westfalen
958672,9778149,Hawangen,87749,Landkreis Unterallgäu,Bayern
2777735,8415034,Hayingen,72534,Landkreis Reutlingen,Baden-Württemberg
2395854,16061044,Haynrode,37339,Landkreis Eichsfeld,Thüringen
957055,9277124,Hebertsfelden,84332,Landkreis Rottal-Inn,Bayern
934469,9174122,Hebertshausen,85241,Landkreis Dachau,Bayern
934469,9174122,Hebertshausen,85764,Landkreis Dachau,Bayern
2779005,8417031,Hechingen,72379,Zollernalbkreis,Baden-Württemberg
296199,3352020,Hechthausen,21755,Landkreis Cuxhaven,Niedersachsen
1332896,12064205,Heckelberg-Brunow,16259,Landkreis Märkisch-Oderland,Brandenburg
941531,7140048,Hecken,55481,Rhein-Hunsrück-Kreis,Rheinland-Pfalz
1021830,7131027,Heckenbach,53506,Landkreis Ahrweiler,Rheinland-Pfalz
1259144,7231050,Heckenmünster,54518,Landkreis Bernkastel-Wittlich,Rheinland-Pfalz
1259144,7231050,Heckenmünster,54523,Landkreis Bernkastel-Wittlich,Rheinland-Pfalz
1108034,7232236,Heckhuscheid,54619,Eifelkreis Bitburg-Prüm,Rheinland-Pfalz
85242,15089175,Hecklingen,39444,Salzlandkreis,Sachsen-Anhalt
1256083,7235040,Heddert,54429,Landkreis Trier-Saarburg,Rheinland-Pfalz
454183,8226027,Heddesbach,69434,Rhein-Neckar-Kreis,Baden-Württemberg
454173,8226028,Heddesheim,68542,Rhein-Neckar-Kreis,Baden-Württemberg
1432668,3158017,Hedeper,38322,Landkreis Wolfenbüttel,Niedersachsen
1332185,15085160,Hedersleben,06458,Landkreis Harz,Sachsen-Anhalt
447166,1051043,Hedwigenkoog,25761,Kreis Dithmarschen,Schleswig-Holstein
444156,1056022,Heede,25355,Kreis Pinneberg,Schleswig-Holstein
2007900,3454020,Heede,26892,Landkreis Emsland,Niedersachsen
162873,5554024,Heek,48619,Kreis Borken,Nordrhein-Westfalen
1183269,3256012,Heemsen,31622,Landkreis Nienburg/Weser,Niedersachsen
1432647,3158018,Heere,38277,Landkreis Wolfenbüttel,Niedersachsen
1079014,3357021,Heeslingen,27404,Landkreis Rotenburg (Wümme),Niedersachsen
1182503,3257012,Heeßen,31707,Landkreis Schaumburg,Niedersachsen
1246679,7336036,Hefersweiler,67753,Landkreis Kusel,Rheinland-Pfalz
2014376,3255017,Hehlen,37619,Landkreis Holzminden,Niedersachsen
410284,1051044,Heide,25746,Kreis Dithmarschen,Schleswig-Holstein
1389444,12061219,Heideblick,15926,Landkreis Dahme-Spreewald,Brandenburg
158555,9576126,Heideck,91180,Landkreis Roth,Bayern
532393,1062031,Heidekamp,23858,Kreis Stormarn,Schleswig-Holstein
1322951,12062219,Heideland,03238,Landkreis Elbe-Elster,Brandenburg
2778377,16074039,Heideland,07613,Saale-Holzland-Kreis,Thüringen
285864,8221000,Heidelberg,69115,,Baden-Württemberg
285864,8221000,Heidelberg,69117,,Baden-Württemberg
285864,8221000,Heidelberg,69118,,Baden-Württemberg
285864,8221000,Heidelberg,69120,,Baden-Württemberg
285864,8221000,Heidelberg,69121,,Baden-Württemberg
285864,8221000,Heidelberg,69123,,Baden-Württemberg
285864,8221000,Heidelberg,69124,,Baden-Württemberg
285864,8221000,Heidelberg,69126,,Baden-Württemberg
162727,5554028,Heiden,46359,Kreis Borken,Nordrhein-Westfalen
318175,3353018,Heidenau,21258,Landkreis Harburg,Niedersachsen
455489,14628160,Heidenau,01809,Landkreis Sächsische Schweiz-Osterzgebirge,Sachsen
1258432,7231204,Heidenburg,54426,Landkreis Bernkastel-Wittlich,Rheinland-Pfalz
1015123,9577140,Heidenheim,91719,Landkreis Weißenburg-Gunzenhausen,Bayern
2791896,8135019,Heidenheim an der Brenz,89518,Landkreis Heidenheim,Baden-Württemberg
2791896,8135019,Heidenheim an der Brenz,89520,Landkreis Heidenheim,Baden-Württemberg
2791896,8135019,Heidenheim an der Brenz,89522,Landkreis Heidenheim,Baden-Württemberg
408102,6439005,Heidenrod,65321,Rheingau-Taunus-Kreis,Hessen
422235,14521280,Heidersdorf,09526,Erzgebirgskreis,Sachsen
1352905,12061217,Heidesee,15754,Landkreis Dahme-Spreewald,Brandenburg
443285,1056023,Heidgraben,25436,Kreis Pinneberg,Schleswig-Holstein
423232,1060037,Heidmoor,24632,Kreis Segeberg,Schleswig-Holstein
423152,1060038,Heidmühlen,24598,Kreis Segeberg,Schleswig-Holstein
1259133,7231051,Heidweiler,54518,Landkreis Bernkastel-Wittlich,Rheinland-Pfalz
387413,9671126,Heigenbrücken,63869,Landkreis Aschaffenburg,Bayern
289985,1057025,Heikendorf,24226,Kreis Plön,Schleswig-Holstein
1171868,7232047,Heilbach,54673,Eifelkreis Bitburg-Prüm,Rheinland-Pfalz
2470262,16061045,Heilbad Heiligenstadt,37308,Landkreis Eichsfeld,Thüringen
453836,7143026,Heilberscheid,56412,Westerwaldkreis,Rheinland-Pfalz
62751,8121000,Heilbronn,74072,,Baden-Württemberg
62751,8121000,Heilbronn,74074,,Baden-Württemberg
62751,8121000,Heilbronn,74076,,Baden-Württemberg
62751,8121000,Heilbronn,74078,,Baden-Württemberg
62751,8121000,Heilbronn,74080,,Baden-Württemberg
62751,8121000,Heilbronn,74081,,Baden-Württemberg
1152702,7232048,Heilenbach,54636,Eifelkreis Bitburg-Prüm,Rheinland-Pfalz
2806599,8435020,Heiligenberg,88633,Bodenseekreis,Baden-Württemberg
1302393,12068181,Heiligengrabe,16909,Landkreis Ostprignitz-Ruppin,Brandenburg
382419,1055021,Heiligenhafen,23774,Kreis Ostholstein,Schleswig-Holstein
56680,5158012,Heiligenhaus,42579,Kreis Mettmann,Nordrhein-Westfalen
1253766,7335013,Heiligenmoschel,67699,Landkreis Kaiserslautern,Rheinland-Pfalz
453837,7143027,Heiligenroth,56412,Westerwaldkreis,Rheinland-Pfalz
1077568,9471142,Heiligenstadt,91332,Landkreis Bamberg,Bayern
452243,1061034,Heiligenstedten,25524,Kreis Steinburg,Schleswig-Holstein
448708,1061035,Heiligenstedtenerkamp,25524,Kreis Steinburg,Schleswig-Holstein
454180,8226029,Heiligkreuzsteinach,69253,Rhein-Neckar-Kreis,Baden-Württemberg
534382,9571165,Heilsbronn,91560,Landkreis Ansbach,Bayern
532400,1062032,Heilshoop,23619,Kreis Stormarn,Schleswig-Holstein
162469,5358012,Heimbach,52396,Kreis Düren,Nordrhein-Westfalen
1245063,7134036,Heimbach,55779,Landkreis Birkenfeld,Rheinland-Pfalz
453159,7143236,Heimborn,57629,Westerwaldkreis,Rheinland-Pfalz
387718,9671127,Heimbuchenthal,63872,Landkreis Aschaffenburg,Bayern
959842,9776114,Heimenkirch,88178,Landkreis Lindau,Bayern
958632,9778150,Heimertingen,87751,Landkreis Unterallgäu,Bayern
908343,8236025,Heimsheim,71296,Enzkreis,Baden-Württemberg
1244083,7133041,Heimweiler,55606,Landkreis Bad Kreuznach,Rheinland-Pfalz
2014098,3255018,Heinade,37627,Landkreis Holzminden,Niedersachsen
445791,3359024,Heinbockel,21726,Landkreis Stade,Niedersachsen
1322805,12071176,Heinersbrück,03185,Landkreis Spree-Neiße,Brandenburg
1071000,9472150,Heinersreuth,95500,Landkreis Bayreuth,Bayern
1432637,3158019,Heiningen,38312,Landkreis Wolfenbüttel,Niedersachsen
2792615,8117030,Heiningen,73037,Landkreis Göppingen,Baden-Württemberg
2792615,8117030,Heiningen,73092,Landkreis Göppingen,Baden-Württemberg
2792615,8117030,Heiningen,73107,Landkreis Göppingen,Baden-Württemberg
548589,1058074,Heinkenborstel,24594,Kreis Rendsburg-Eckernförde,Schleswig-Holstein
386878,9671128,Heinrichsthal,63871,Landkreis Aschaffenburg,Bayern
1410794,13075048,Heinrichswalde,17379,Landkreis Vorpommern-Greifswald,Mecklenburg-Vorpommern
158026,5370016,Heinsberg,52525,Kreis Heinsberg,Nordrhein-Westfalen
446595,14523150,Heinsdorfergrund,08468,Vogtlandkreis,Sachsen
1184612,3255019,Heinsen,37649,Landkreis Holzminden,Niedersachsen
1245165,7140049,Heinzenbach,55483,Rhein-Hunsrück-Kreis,Rheinland-Pfalz
1244116,7133042,Heinzenberg,55606,Landkreis Bad Kreuznach,Rheinland-Pfalz
1246783,7336038,Heinzenhausen,67742,Landkreis Kusel,Rheinland-Pfalz
1108059,7232238,Heisdorf,54614,Eifelkreis Bitburg-Prüm,Rheinland-Pfalz
443185,1056024,Heist,25492,Kreis Pinneberg,Schleswig-Holstein
537145,7141053,Heistenbach,65558,Rhein-Lahn-Kreis,Rheinland-Pfalz
270537,8315050,Heitersheim,79423,Landkreis Breisgau-Hochschwarzwald,Baden-Württemberg
2389104,16065032,Helbedündorf,99713,Kyffhäuserkreis,Thüringen
2409459,15087205,Helbra,06311,Landkreis Mansfeld-Südharz,Sachsen-Anhalt
9246639,16069063,Heldburg,98663,Landkreis Hildburghausen,Thüringen
940859,9183120,Heldenstein,84431,Landkreis Mühldorf am Inn,Bayern
535127,7143028,Helferskirchen,56244,Westerwaldkreis,Rheinland-Pfalz
1157962,1056025,Helgoland,27498,Kreis Pinneberg,Schleswig-Holstein
533249,7143237,Hellenhahn-Schellenberg,56479,Westerwaldkreis,Rheinland-Pfalz
158157,5366020,Hellenthal,53940,Kreis Euskirchen,Nordrhein-Westfalen
1245106,7134037,Hellertshausen,55758,Landkreis Birkenfeld,Rheinland-Pfalz
447962,1051045,Hellschen-Heringsand-Unterschaar,25764,Kreis Dithmarschen,Schleswig-Holstein
965611,3357022,Hellwege,27367,Landkreis Rotenburg (Wümme),Niedersachsen
1021685,9475136,Helmbrechts,95233,Landkreis Hof,Bayern
418893,7132047,Helmenzen,57612,Landkreis Altenkirchen,Rheinland-Pfalz
418885,7132048,Helmeroth,57612,Landkreis Altenkirchen,Rheinland-Pfalz
180678,9679144,Helmstadt,97264,Landkreis Würzburg,Bayern
454184,8226106,Helmstadt-Bargen,74921,Rhein-Neckar-Kreis,Baden-Württemberg
1446649,3154028,Helmstedt,38350,Landkreis Helmstedt,Niedersachsen
1446649,3154028,Helmstedt,38372,Landkreis Helmstedt,Niedersachsen
288961,1057026,Helmstorf,24321,Kreis Plön,Schleswig-Holstein
1176594,3257013,Helpsen,31691,Landkreis Schaumburg,Niedersachsen
1115033,6633012,Helsa,34298,Landkreis Kassel,Hessen
935697,1051046,Helse,25709,Kreis Dithmarschen,Schleswig-Holstein
1251046,7340015,Heltersberg,67716,Landkreis Südwestpfalz,Rheinland-Pfalz
357094,3357023,Helvesiek,27389,Landkreis Rotenburg (Wümme),Niedersachsen
965020,9375148,Hemau,93155,Landkreis Regensburg,Bayern
444154,1056026,Hemdingen,25485,Kreis Pinneberg,Schleswig-Holstein
2063637,5962016,Hemer,58675,Märkischer Kreis,Nordrhein-Westfalen
1016516,9572130,Hemhofen,91334,Landkreis Erlangen-Höchstadt,Bayern
949289,1051047,Hemme,25774,Kreis Dithmarschen,Schleswig-Holstein
418874,7132049,Hemmelzen,57612,Landkreis Altenkirchen,Rheinland-Pfalz
356739,9575130,Hemmersheim,97258,Landkreis Neustadt an der Aisch-Bad Windsheim,Bayern
405818,8118027,Hemmingen,71282,Landkreis Ludwigsburg,Baden-Württemberg
2012732,3241007,Hemmingen,30966,Region Hannover,Niedersachsen
412906,1051048,Hemmingstedt,25770,Kreis Dithmarschen,Schleswig-Holstein
444756,3352022,Hemmoor,21745,Landkreis Cuxhaven,Niedersachsen
454176,8226031,Hemsbach,69502,Rhein-Neckar-Kreis,Baden-Württemberg
965600,3357024,Hemsbünde,27386,Landkreis Rotenburg (Wümme),Niedersachsen
965594,3357025,Hemslingen,27386,Landkreis Rotenburg (Wümme),Niedersachsen
1588112,3251019,Hemsloh,49453,Landkreis Diepholz,Niedersachsen
1245198,7140050,Henau,55490,Rhein-Hunsrück-Kreis,Rheinland-Pfalz
387524,9673130,Hendungen,97640,Landkreis Rhön-Grabfeld,Bayern
966144,9574131,Henfenfeld,91239,Landkreis Nürnberger Land,Bayern
1273304,16069021,Henfstädt,98660,Landkreis Hildburghausen,Thüringen
959811,9271125,Hengersberg,94491,Landkreis Deggendorf,Bayern
36042,5382020,Hennef (Sieg),53773,Rhein-Sieg-Kreis,Nordrhein-Westfalen
1310087,12065136,Hennigsdorf,16761,Landkreis Oberhavel,Brandenburg
450068,1061036,Hennstedt,25581,Kreis Steinburg,Schleswig-Holstein
952291,1051049,Hennstedt,25779,Kreis Dithmarschen,Schleswig-Holstein
1244119,7133043,Hennweiler,55619,Landkreis Bad Kreuznach,Rheinland-Pfalz
1246483,7336037,Henschtal,66909,Landkreis Kusel,Rheinland-Pfalz
442762,1060039,Henstedt-Ulzburg,24558,Kreis Segeberg,Schleswig-Holstein
1256086,7235043,Hentern,54314,Landkreis Trier-Saarburg,Rheinland-Pfalz
943552,9176131,Hepberg,85120,Landkreis Eichstätt,Bayern
537056,6431011,Heppenheim,64646,Kreis Bergstraße,Hessen
1022855,3357026,Hepstedt,27412,Landkreis Rotenburg (Wümme),Niedersachsen
2805479,8437044,Herbertingen,88518,Landkreis Sigmaringen,Baden-Württemberg
1124261,8316017,Herbolzheim,79336,Landkreis Emmendingen,Baden-Württemberg
215969,6532012,Herborn,35745,Lahn-Dill-Kreis,Hessen
1245136,7134038,Herborn,55758,Landkreis Birkenfeld,Rheinland-Pfalz
2791216,8135020,Herbrechtingen,89542,Landkreis Heidenheim,Baden-Württemberg
2895792,16064022,Herbsleben,99955,Unstrut-Hainich-Kreis,Thüringen
391189,9673131,Herbstadt,97633,Landkreis Rhön-Grabfeld,Bayern
418337,6535008,Herbstein,36358,Vogelsbergkreis,Hessen
1171855,7232049,Herbstmühle,54673,Eifelkreis Bitburg-Prüm,Rheinland-Pfalz
1246574,7336039,Herchweiler,66871,Landkreis Kusel,Rheinland-Pfalz
1829067,5954020,Herdecke,58313,Ennepe-Ruhr-Kreis,Nordrhein-Westfalen
421958,7132050,Herdorf,57562,Landkreis Altenkirchen,Rheinland-Pfalz
2805973,8437124,Herdwangen-Schönach,88634,Landkreis Sigmaringen,Baden-Württemberg
445268,9772156,Heretsried,86465,Landkreis Augsburg,Bayern
146654,5758012,Herford,32049,Kreis Herford,Nordrhein-Westfalen
146654,5758012,Herford,32051,Kreis Herford,Nordrhein-Westfalen
146654,5758012,Herford,32052,Kreis Herford,Nordrhein-Westfalen
1162789,7232050,Herforst,54662,Eifelkreis Bitburg-Prüm,Rheinland-Pfalz
959840,9776131,Hergatz,88145,Landkreis Lindau,Bayern
1244232,7133044,Hergenfeld,55452,Landkreis Bad Kreuznach,Rheinland-Pfalz
535011,7143238,Hergenroth,56457,Westerwaldkreis,Rheinland-Pfalz
959435,9776115,Hergensweiler,88138,Landkreis Lindau,Bayern
1252831,7337037,Hergersweiler,76872,Landkreis Südliche Weinstraße,Rheinland-Pfalz
2409460,15087210,Hergisdorf,06313,Landkreis Mansfeld-Südharz,Sachsen-Anhalt
2399485,16062064,Heringen/Helme,99765,Landkreis Nordhausen,Thüringen
238972,6632009,Heringen (Werra),36266,Landkreis Hersfeld-Rotenburg,Hessen
382423,1055022,Heringsdorf,23777,Kreis Ostholstein,Schleswig-Holstein
1432806,13075049,Heringsdorf,17419,Landkreis Vorpommern-Greifswald,Mecklenburg-Vorpommern
1432806,13075049,Heringsdorf,17424,Landkreis Vorpommern-Greifswald,Mecklenburg-Vorpommern
1432806,13075049,Heringsdorf,17429,Landkreis Vorpommern-Greifswald,Mecklenburg-Vorpommern
1256946,7235044,Herl,54317,Landkreis Trier-Saarburg,Rheinland-Pfalz
549430,6636005,Herleshausen,37293,Werra-Meißner-Kreis,Hessen
2791803,8135021,Hermaringen,89537,Landkreis Heidenheim,Baden-Württemberg
2791803,8135021,Hermaringen,89568,Landkreis Heidenheim,Baden-Württemberg
1251043,7340016,Hermersberg,66919,Landkreis Südwestpfalz,Rheinland-Pfalz
1257084,7235045,Hermeskeil,54411,Landkreis Trier-Saarburg,Rheinland-Pfalz
1314278,12066124,Hermsdorf,01945,Landkreis Oberspreewald-Lausitz,Brandenburg
2778378,16074041,Hermsdorf,07629,Saale-Holzland-Kreis,Thüringen
455479,14628170,Hermsdorf/Erzgebirge,01776,Landkreis Sächsische Schweiz-Osterzgebirge,Sachsen
62396,5916000,Herne,44623,,Nordrhein-Westfalen
62396,5916000,Herne,44625,,Nordrhein-Westfalen
62396,5916000,Herne,44627,,Nordrhein-Westfalen
62396,5916000,Herne,44628,,Nordrhein-Westfalen
62396,5916000,Herne,44629,,Nordrhein-Westfalen
62396,5916000,Herne,44649,,Nordrhein-Westfalen
62396,5916000,Herne,44651,,Nordrhein-Westfalen
62396,5916000,Herne,44652,,Nordrhein-Westfalen
62396,5916000,Herne,44653,,Nordrhein-Westfalen
539705,7141054,Herold,56368,Rhein-Lahn-Kreis,Rheinland-Pfalz
1080514,9474135,Heroldsbach,91336,Landkreis Forchheim,Bayern
1016528,9572131,Heroldsberg,90562,Landkreis Erlangen-Höchstadt,Bayern
2788301,8425139,Heroldstatt,72535,Alb-Donau-Kreis,Baden-Württemberg
722073,8115021,Herrenberg,71083,Landkreis Böblingen,Baden-Württemberg
2816717,16067036,Herrenhof,99887,Landkreis Gotha,Thüringen
1246773,7336040,Herren-Sulzbach,67742,Landkreis Kusel,Rheinland-Pfalz
548042,7137035,Herresbach,56729,Landkreis Mayen-Koblenz,Rheinland-Pfalz
534186,9571166,Herrieden,91567,Landkreis Ansbach,Bayern
1240404,8337049,Herrischried,79737,Landkreis Waldshut,Baden-Württemberg
956644,9273127,Herrngiersdorf,84097,Landkreis Kelheim,Bayern
418716,14626180,Herrnhut,02747,Landkreis Görlitz,Sachsen
932292,9188124,Herrsching am Ammersee,82211,Landkreis Starnberg,Bayern
1245138,7134039,Herrstein,55756,Landkreis Birkenfeld,Rheinland-Pfalz
931290,9574132,Hersbruck,91217,Landkreis Nürnberger Land,Bayern
533585,7143029,Herschbach,56249,Westerwaldkreis,Rheinland-Pfalz
534479,7143239,Herschbach,56414,Westerwaldkreis,Rheinland-Pfalz
1250993,7340017,Herschberg,66917,Landkreis Südwestpfalz,Rheinland-Pfalz
1250993,7340017,Herschberg,66919,Landkreis Südwestpfalz,Rheinland-Pfalz
1250993,7340017,Herschberg,66987,Landkreis Südwestpfalz,Rheinland-Pfalz
1060440,7131028,Herschbroich,53518,Landkreis Ahrweiler,Rheinland-Pfalz
168562,5962020,Herscheid,58849,Märkischer Kreis,Nordrhein-Westfalen
1246490,7336041,Herschweiler-Pettersheim,66909,Landkreis Kusel,Rheinland-Pfalz
1108078,7232332,Hersdorf,54597,Eifelkreis Bitburg-Prüm,Rheinland-Pfalz
63503,5562020,Herten,45699,Kreis Recklinghausen,Nordrhein-Westfalen
63503,5562020,Herten,45701,Kreis Recklinghausen,Nordrhein-Westfalen
27021,1002000,Kiel,24116,,Schleswig-Holstein
1252793,7337038,Herxheim,76863,Landkreis Südliche Weinstraße,Rheinland-Pfalz
1249948,7332026,Herxheim am Berg,67273,Landkreis Bad Dürkheim,Rheinland-Pfalz
1252796,7337039,Herxheimweyher,76863,Landkreis Südliche Weinstraße,Rheinland-Pfalz
1416139,3159019,Herzberg am Harz,37412,Landkreis Göttingen,Niedersachsen
1416139,3159019,Herzberg am Harz,37434,Landkreis Göttingen,Niedersachsen
1303473,12062224,Herzberg (Elster),04916,Landkreis Elbe-Elster,Brandenburg
1302375,12068188,Herzberg (Mark),16835,Landkreis Ostprignitz-Ruppin,Brandenburg
137982,5754020,Herzebrock-Clarholz,33442,Kreis Gütersloh,Nordrhein-Westfalen
1113746,7232240,Herzfeld,54619,Eifelkreis Bitburg-Prüm,Rheinland-Pfalz
447191,1061037,Herzhorn,25379,Kreis Steinburg,Schleswig-Holstein
1748587,3454021,Herzlake,49770,Landkreis Emsland,Niedersachsen
1016504,9572132,Herzogenaurach,91074,Landkreis Erlangen-Höchstadt,Bayern
157992,5334016,Herzogenrath,52134,Städteregion Aachen,Nordrhein-Westfalen
2012930,3457010,Hesel,26835,Landkreis Leer,Niedersachsen
1169357,3257014,Hespe,31693,Landkreis Schaumburg,Niedersachsen
1016534,9572133,Heßdorf,91093,Landkreis Erlangen-Höchstadt,Bayern
422695,7338012,Heßheim,67258,Rhein-Pfalz-Kreis,Rheinland-Pfalz
405303,8118028,Hessigheim,74394,Landkreis Ludwigsburg,Baden-Württemberg
549417,6636006,Hessisch Lichtenau,37235,Werra-Meißner-Kreis,Hessen
1729925,3252007,Hessisch Oldendorf,31840,Landkreis Hameln-Pyrmont,Niedersachsen
1269736,7135041,Hesweiler,56865,Landkreis Cochem-Zell,Rheinland-Pfalz
443183,1056027,Hetlingen,25491,Kreis Pinneberg,Schleswig-Holstein
2856996,16071031,Hetschburg,99438,Landkreis Weimarer Land,Thüringen
1250989,7340018,Hettenhausen,66919,Landkreis Südwestpfalz,Rheinland-Pfalz
1249749,7332027,Hettenleidelheim,67310,Landkreis Bad Dürkheim,Rheinland-Pfalz
1245134,7134040,Hettenrodt,55758,Landkreis Birkenfeld,Rheinland-Pfalz
396551,9186126,Hettenshausen,85276,Landkreis Pfaffenhofen an der Ilm,Bayern
396551,9186126,Hettenshausen,85304,Landkreis Pfaffenhofen an der Ilm,Bayern
396551,9186126,Hettenshausen,85307,Landkreis Pfaffenhofen an der Ilm,Bayern
2805402,8437047,Hettingen,72513,Landkreis Sigmaringen,Baden-Württemberg
181148,9679146,Hettstadt,97265,Landkreis Würzburg,Bayern
2408511,15087220,Hettstedt,06333,Landkreis Mansfeld-Südharz,Sachsen-Anhalt
1259137,7231053,Hetzerath,54523,Landkreis Bernkastel-Wittlich,Rheinland-Pfalz
1080470,9474137,Hetzles,91077,Landkreis Forchheim,Bayern
2792060,8136028,Heubach,73540,Ostalbkreis,Baden-Württemberg
418624,6531007,Heuchelheim,35452,Landkreis Gießen,Hessen
422694,7338013,Heuchelheim bei Frankenthal,67259,Rhein-Pfalz-Kreis,Rheinland-Pfalz
1252724,7337040,Heuchelheim-Klingen,76831,Landkreis Südliche Weinstraße,Rheinland-Pfalz
915430,8136029,Heuchlingen,73572,Ostalbkreis,Baden-Württemberg
1186484,3257015,Heuerßen,31700,Landkreis Schaumburg,Niedersachsen
2778475,16077016,Heukewalde,04626,Landkreis Altenburger Land,Thüringen
418880,7132051,Heupelzen,57612,Landkreis Altenkirchen,Rheinland-Pfalz
659745,6438005,Heusenstamm,63150,Landkreis Offenbach,Hessen
387521,9673133,Heustreu,97618,Landkreis Rhön-Grabfeld,Bayern
1184871,10041513,Heusweiler,66265,Regionalverband Saarbrücken,Saarland
2395997,16061047,Heuthen,37308,Landkreis Eichsfeld,Thüringen
70193,8315051,Heuweiler,79194,Landkreis Breisgau-Hochschwarzwald,Baden-Württemberg
453160,7143240,Heuzert,57627,Westerwaldkreis,Rheinland-Pfalz
2014377,3255020,Heyen,37619,Landkreis Holzminden,Niedersachsen
2778476,16077017,Heyersdorf,04626,Landkreis Altenburger Land,Thüringen
147443,5758016,Hiddenhausen,32120,Kreis Herford,Nordrhein-Westfalen
2789090,16076027,Hilbersdorf,07580,Landkreis Greiz,Thüringen
1891490,5970020,Hilchenbach,57271,Kreis Siegen-Wittgenstein,Nordrhein-Westfalen
1270364,16069024,Hildburghausen,98646,Landkreis Hildburghausen,Thüringen
66555,5158016,Hilden,40721,Kreis Mettmann,Nordrhein-Westfalen
66555,5158016,Hilden,40723,Kreis Mettmann,Nordrhein-Westfalen
66555,5158016,Hilden,40724,Kreis Mettmann,Nordrhein-Westfalen
454876,6631012,Hilders,36115,Landkreis Fulda,Hessen
1176503,3254021,Hildesheim,31134,Landkreis Hildesheim,Niedersachsen
1176503,3254021,Hildesheim,31135,Landkreis Hildesheim,Niedersachsen
1176503,3254021,Hildesheim,31137,Landkreis Hildesheim,Niedersachsen
1176503,3254021,Hildesheim,31139,Landkreis Hildesheim,Niedersachsen
1176503,3254021,Hildesheim,31141,Landkreis Hildesheim,Niedersachsen
722063,8115022,Hildrizhausen,71157,Landkreis Böblingen,Baden-Württemberg
418882,7132052,Hilgenroth,57612,Landkreis Altenkirchen,Rheinland-Pfalz
2014321,3256013,Hilgermissen,27318,Landkreis Nienburg/Weser,Niedersachsen
453344,7143030,Hilgert,56206,Westerwaldkreis,Rheinland-Pfalz
412806,9174147,Hilgertshausen-Tandern,86567,Landkreis Dachau,Bayern
2007739,3454022,Hilkenbrook,26897,Landkreis Emsland,Niedersachsen
145260,5770012,Hille,32479,Kreis Minden-Lübbecke,Nordrhein-Westfalen
1374674,3151012,Hillerse,38543,Landkreis Gifhorn,Niedersachsen
330923,7233029,Hillesheim,54576,Landkreis Vulkaneifel,Rheinland-Pfalz
1239671,7339028,Hillesheim,67586,Landkreis Mainz-Bingen,Rheinland-Pfalz
447968,1051050,Hillgroven,25764,Kreis Dithmarschen,Schleswig-Holstein
453345,7143031,Hillscheid,56204,Westerwaldkreis,Rheinland-Pfalz
158545,9576127,Hilpoltstein,91161,Landkreis Roth,Bayern
1258427,7231054,Hilscheid,54426,Landkreis Bernkastel-Wittlich,Rheinland-Pfalz
1251156,7340019,Hilst,66957,Landkreis Südwestpfalz,Rheinland-Pfalz
955903,9772157,Hiltenfingen,86856,Landkreis Augsburg,Bayern
1086004,3459022,Hilter,49176,Landkreis Osnabrück,Niedersachsen
1080460,9474138,Hiltpoltstein,91355,Landkreis Forchheim,Bayern
2785127,8335035,Hilzingen,78247,Landkreis Konstanz,Baden-Württemberg
1460224,3360011,Himbergen,29584,Landkreis Uelzen,Niedersachsen
1022775,9477121,Himmelkron,95502,Landkreis Kulmbach,Bayern
444948,3359025,Himmelpforten,21709,Landkreis Stade,Niedersachsen
335435,9677142,Himmelstadt,97267,Landkreis Main-Spessart,Bayern
540454,7141055,Himmighofen,56357,Rhein-Lahn-Kreis,Rheinland-Pfalz
450516,1061038,Hingstheide,25563,Kreis Steinburg,Schleswig-Holstein
950324,13075050,Hinrichshagen,17498,Landkreis Vorpommern-Greifswald,Mecklenburg-Vorpommern
898635,3452011,Hinte,26759,Landkreis Aurich,Niedersachsen
958969,9272126,Hinterschmiding,94146,Landkreis Freyung-Grafenau,Bayern
1408071,13075051,Hintersee,17375,Landkreis Vorpommern-Greifswald,Mecklenburg-Vorpommern
1245117,7134041,Hintertiefenbach,55743,Landkreis Birkenfeld,Rheinland-Pfalz
1251073,7340020,Hinterweidenthal,66999,Landkreis Südwestpfalz,Rheinland-Pfalz
949979,7233030,Hinterweiler,54570,Landkreis Vulkaneifel,Rheinland-Pfalz
317596,8315052,Hinterzarten,79856,Landkreis Breisgau-Hochschwarzwald,Baden-Württemberg
1256953,7235046,Hinzenburg,54316,Landkreis Trier-Saarburg,Rheinland-Pfalz
1257094,7235047,Hinzert-Pölert,54421,Landkreis Trier-Saarburg,Rheinland-Pfalz
1246676,7336042,Hinzweiler,67756,Landkreis Kusel,Rheinland-Pfalz
1079015,3357027,Hipstedt,27432,Landkreis Rotenburg (Wümme),Niedersachsen
2778910,8416018,Hirrlingen,72145,Landkreis Tübingen,Baden-Württemberg
1077550,9471145,Hirschaid,96114,Landkreis Bamberg,Bayern
1028538,9371127,Hirschau,92242,Landkreis Amberg-Sulzbach,Bayern
1028543,9371128,Hirschbach,92275,Landkreis Amberg-Sulzbach,Bayern
537146,7141057,Hirschberg,65558,Rhein-Lahn-Kreis,Rheinland-Pfalz
2179169,16075046,Hirschberg,07927,Saale-Orla-Kreis,Thüringen
550581,8226107,Hirschberg an der Bergstraße,69493,Rhein-Neckar-Kreis,Baden-Württemberg
417710,14524110,Hirschfeld,08144,Landkreis Zwickau,Sachsen
1303794,12062232,Hirschfeld,04932,Landkreis Elbe-Elster,Brandenburg
2532077,16076028,Hirschfeld,07554,Landkreis Greiz,Thüringen
1245186,7140053,Hirschfeld (Hunsrück),55483,Rhein-Hunsrück-Kreis,Rheinland-Pfalz
537069,6431012,Hirschhorn,64757,Kreis Bergstraße,Hessen
537069,6431012,Hirschhorn,69412,Kreis Bergstraße,Hessen
537069,6431012,Hirschhorn,69434,Kreis Bergstraße,Hessen
1253780,7335014,Hirschhorn/Pfalz,67732,Landkreis Kaiserslautern,Rheinland-Pfalz
549804,14627070,Hirschstein,01594,Landkreis Meißen,Sachsen
1251123,7340021,Hirschthal,66996,Landkreis Südwestpfalz,Rheinland-Pfalz
548043,7137036,Hirten,56729,Landkreis Mayen-Koblenz,Rheinland-Pfalz
450110,6440011,Hirzenhain,63697,Wetteraukreis,Hessen
418134,7132053,Hirz-Maulsbach,57635,Landkreis Altenkirchen,Rheinland-Pfalz
1948875,3355018,Hittbergen,21522,Landkreis Lüneburg,Niedersachsen
1821294,3354009,Hitzacker,29456,Landkreis Lüchow-Dannenberg,Niedersachsen
943551,9176132,Hitzhofen,85122,Landkreis Eichstätt,Bayern
423224,1060040,Hitzhusen,24576,Kreis Segeberg,Schleswig-Holstein
182317,9679147,Höchberg,97204,Landkreis Würzburg,Bayern
1248785,7331011,Hochborn,55234,Landkreis Alzey-Worms,Rheinland-Pfalz
939498,1051051,Hochdonn,25712,Kreis Dithmarschen,Schleswig-Holstein
2792736,8116027,Hochdorf,73269,Landkreis Esslingen,Baden-Württemberg
2801320,8426058,Hochdorf,88436,Landkreis Biberach,Baden-Württemberg
2801320,8426058,Hochdorf,88454,Landkreis Biberach,Baden-Württemberg
422701,7338014,Hochdorf-Assenheim,67126,Rhein-Pfalz-Kreis,Rheinland-Pfalz
1240390,8337051,Höchenschwand,79862,Landkreis Waldshut,Baden-Württemberg
414755,6436006,Hochheim,65239,Main-Taunus-Kreis,Hessen
387525,9673134,Höchheim,97633,Landkreis Rhön-Grabfeld,Bayern
1309660,14625230,Hochkirch - Bukecy,02627,Landkreis Bautzen,Sachsen
1258364,7231056,Hochscheid,54472,Landkreis Bernkastel-Wittlich,Rheinland-Pfalz
1186710,7335015,Hochspeyer,67691,Landkreis Kaiserslautern,Rheinland-Pfalz
1016532,9572135,Höchstadt a.d.Aisch,91315,Landkreis Erlangen-Höchstadt,Bayern
1026851,9478127,Hochstadt a.Main,96272,Landkreis Lichtenfels,Bayern
957012,9773139,Höchstädt an der Donau,89420,Landkreis Dillingen an der Donau,Bayern
1022882,9479126,Höchstädt im Fichtelgebirge,95186,Landkreis Wunsiedel im Fichtelgebirge,Bayern
1252805,7337041,Hochstadt (Pfalz),76879,Landkreis Südliche Weinstraße,Rheinland-Pfalz
1244039,7133045,Hochstätten,55585,Landkreis Bad Kreuznach,Rheinland-Pfalz
1075145,7233215,Höchstberg,56767,Landkreis Vulkaneifel,Rheinland-Pfalz
453161,7143241,Höchstenbach,57629,Westerwaldkreis,Rheinland-Pfalz
1244114,7133046,Hochstetten-Dhaun,55606,Landkreis Bad Kreuznach,Rheinland-Pfalz
451778,6437009,Höchst im Odenwald,64739,Odenwaldkreis,Hessen
453413,8226032,Hockenheim,68766,Rhein-Neckar-Kreis,Baden-Württemberg
1256088,7235048,Hockweiler,54316,Landkreis Trier-Saarburg,Rheinland-Pfalz
1808866,3358014,Hodenhagen,29693,Landkreis Heidekreis,Niedersachsen
447773,1061039,Hodorf,25569,Kreis Steinburg,Schleswig-Holstein
62589,9464000,Hof,95028,,Bayern
62589,9464000,Hof,95030,,Bayern
62589,9464000,Hof,95032,,Bayern
451708,7143243,Hof,56472,Westerwaldkreis,Rheinland-Pfalz
454877,6631013,Hofbieber,36145,Landkreis Fulda,Hessen
3378897,8235035,Höfen an der Enz,75339,Landkreis Calw,Baden-Württemberg
548520,1058076,Hoffeld,24582,Kreis Rendsburg-Eckernförde,Schleswig-Holstein
1060421,7131030,Hoffeld,53534,Landkreis Ahrweiler,Rheinland-Pfalz
1112226,6633013,Hofgeismar,34369,Landkreis Kassel,Hessen
414726,6436007,Hofheim am Taunus,65719,Main-Taunus-Kreis,Hessen
388771,9674149,Hofheim in Unterfranken,97461,Landkreis Haßberge,Bayern
958114,9275127,Hofkirchen,94544,Landkreis Passau,Bayern
453016,8317046,Hofstetten,77716,Ortenaukreis,Baden-Württemberg
933963,9181124,Hofstetten,86928,Landkreis Landsberg am Lech,Bayern
1416733,1054045,Högel,25858,Kreis Nordfriesland,Schleswig-Holstein
422843,1060041,Högersdorf,23795,Kreis Segeberg,Schleswig-Holstein
288958,1057027,Högsdorf,24327,Kreis Plön,Schleswig-Holstein
1821794,3354010,Höhbeck,29478,Landkreis Lüchow-Dannenberg,Niedersachsen
452994,8317047,Hohberg,77749,Ortenaukreis,Baden-Württemberg
161702,15083298,Hohe Börde,39167,Landkreis Börde,Sachsen-Anhalt
161702,15083298,Hohe Börde,39326,Landkreis Börde,Sachsen-Anhalt
161702,15083298,Hohe Börde,39343,Landkreis Börde,Sachsen-Anhalt
1251044,7340022,Höheinöd,66989,Landkreis Südwestpfalz,Rheinland-Pfalz
1251036,7340023,Höheischweiler,66989,Landkreis Südwestpfalz,Rheinland-Pfalz
215972,6532013,Hohenahr,35644,Lahn-Dill-Kreis,Hessen
962453,9779162,Hohenaltheim,86745,Landkreis Donau-Ries,Bayern
450216,1061040,Hohenaspe,25582,Kreis Steinburg,Schleswig-Holstein
958943,9272127,Hohenau,94545,Landkreis Freyung-Grafenau,Bayern
1022868,9479127,Hohenberg an der Eger,95691,Landkreis Wunsiedel im Fichtelgebirge,Bayern
1284748,15090245,Hohenberg-Krusemark,39596,Landkreis Stendal,Sachsen-Anhalt
1314274,12066132,Hohenbocka,01945,Landkreis Oberspreewald-Lausitz,Brandenburg
1427226,13071064,Hohenbollentin,17111,Landkreis Mecklenburgische Seenplatte,Mecklenburg-Vorpommern
2168244,9184129,Hohenbrunn,85521,Landkreis München,Bayern
2168244,9184129,Hohenbrunn,85662,Landkreis München,Bayern
1303816,12062237,Hohenbucko,04936,Landkreis Elbe-Elster,Brandenburg
1028558,9371129,Hohenburg,92277,Landkreis Amberg-Sulzbach,Bayern
1979185,13072045,Hohen Demzin,17166,Landkreis Rostock,Mecklenburg-Vorpommern
1310797,14626190,Hohendubrau - Wysoka Dubrawa,02906,Landkreis Görlitz,Sachsen
189454,1057029,Hohenfelde,24257,Kreis Plön,Schleswig-Holstein
394347,13072047,Hohenfelde,18209,Landkreis Rostock,Mecklenburg-Vorpommern
394347,13072047,Hohenfelde,18211,Landkreis Rostock,Mecklenburg-Vorpommern
447195,1061041,Hohenfelde,25358,Kreis Steinburg,Schleswig-Holstein
454199,1062033,Hohenfelde,22946,Kreis Stormarn,Schleswig-Holstein
2856997,16071032,Hohenfelden,99448,Landkreis Weimarer Land,Thüringen
1028813,9373134,Hohenfels,92366,Landkreis Neumarkt in der Oberpfalz,Bayern
1236168,8335096,Hohenfels,78355,Landkreis Konstanz,Baden-Württemberg
1074566,7233033,Hohenfels-Essingen,54570,Landkreis Vulkaneifel,Rheinland-Pfalz
1318355,12060092,Hohenfinow,16248,Landkreis Barnim,Brandenburg
936751,9190129,Hohenfurch,86978,Landkreis Weilheim-Schongau,Bayern
2395929,16061048,Hohengandern,37318,Landkreis Eichsfeld,Thüringen
337283,3157002,Hohenhameln,31249,Landkreis Peine,Niedersachsen
158702,1053053,Hohenhorn,21526,Kreis Herzogtum Lauenburg,Schleswig-Holstein
30011,9178133,Hohenkammer,85411,Landkreis Freising,Bayern
1479630,13074032,Hohenkirchen,23968,Landkreis Nordwestmecklenburg,Mecklenburg-Vorpommern
539089,9184127,Höhenkirchen-Siegertsbrunn,85635,Landkreis München,Bayern
1332912,12064222,Höhenland,16259,Landkreis Märkisch-Oderland,Brandenburg
1050565,7131206,Hohenleimbach,56746,Landkreis Ahrweiler,Rheinland-Pfalz
1303789,12062240,Hohenleipisch,04934,Landkreis Elbe-Elster,Brandenburg
1277211,16076029,Hohenleuben,07958,Landkreis Greiz,Thüringen
929928,9175123,Hohenlinden,85664,Landkreis Ebersberg,Bayern
450218,1061042,Hohenlockstedt,25551,Kreis Steinburg,Schleswig-Holstein
1427224,13071065,Hohenmocker,17111,Landkreis Mecklenburgische Seenplatte,Mecklenburg-Vorpommern
2405131,15084235,Hohenmölsen,06679,Burgenlandkreis,Sachsen-Anhalt
1310091,12065144,Hohen Neuendorf,16540,Landkreis Oberhavel,Brandenburg
1310091,12065144,Hohen Neuendorf,16556,Landkreis Oberhavel,Brandenburg
1310091,12065144,Hohen Neuendorf,16562,Landkreis Oberhavel,Brandenburg
1246772,7336043,Hohenöllen,67744,Landkreis Kusel,Rheinland-Pfalz
936832,9190130,Hohenpeißenberg,82383,Landkreis Weilheim-Schongau,Bayern
934748,9177121,Hohenpolding,84432,Landkreis Erding,Bayern
449906,13076062,Hohen Pritz,19406,Landkreis Ludwigslust-Parchim,Mecklenburg-Vorpommern
275085,6632010,Hohenroda,36284,Landkreis Hersfeld-Rotenburg,Hessen
387352,9673135,Hohenroth,97618,Landkreis Rhön-Grabfeld,Bayern
1334115,12073309,Hohenselchow-Groß Pinnow,16306,Landkreis Uckermark,Brandenburg
1964341,13072046,Hohen Sprenz,18299,Landkreis Rostock,Mecklenburg-Vorpommern
2788136,8117031,Hohenstadt,73345,Landkreis Göppingen,Baden-Württemberg
412939,6439006,Hohenstein,65329,Rheingau-Taunus-Kreis,Hessen
2400552,16062062,Hohenstein,99755,Landkreis Nordhausen,Thüringen
2773206,8415090,Hohenstein,72531,Landkreis Reutlingen,Baden-Württemberg
301039,14524120,Hohenstein-Ernstthal,09337,Landkreis Zwickau,Sachsen
1248704,7331041,Hohen-Sülzen,67591,Landkreis Alzey-Worms,Rheinland-Pfalz
2805480,8437053,Hohentengen,88367,Landkreis Sigmaringen,Baden-Württemberg
2786235,8337053,Hohentengen am Hochrhein,79801,Landkreis Waldshut,Baden-Württemberg
179420,9274141,Hohenthann,84098,Landkreis Landshut,Bayern
1504868,13074031,Hohen Viecheln,23996,Landkreis Nordwestmecklenburg,Mecklenburg-Vorpommern
1424305,13071063,Hohen Wangelin,17194,Landkreis Mecklenburgische Seenplatte,Mecklenburg-Vorpommern
391269,9186128,Hohenwart,86558,Landkreis Pfaffenhofen an der Ilm,Bayern
1273349,16073035,Hohenwarte,07338,Landkreis Saalfeld-Rudolstadt,Thüringen
959924,9372135,Hohenwarth,93480,Landkreis Cham,Bayern
548595,1058077,Hohenwestedt,24594,Kreis Rendsburg-Eckernförde,Schleswig-Holstein
1419596,13071066,Hohenzieritz,17237,Landkreis Mecklenburgische Seenplatte,Mecklenburg-Vorpommern
2396003,16061049,Hohes Kreuz,37308,Landkreis Eichsfeld,Thüringen
1251033,7340024,Höhfröschen,66989,Landkreis Südwestpfalz,Rheinland-Pfalz
556627,1058078,Hohn,24806,Kreis Rendsburg-Eckernförde,Schleswig-Holstein
535012,7143242,Höhn,56462,Westerwaldkreis,Rheinland-Pfalz
536014,14521290,Hohndorf,09394,Erzgebirgskreis,Sachsen
181761,1057028,Höhndorf,24217,Kreis Plön,Schleswig-Holstein
1797685,3351015,Hohne,29362,Landkreis Celle,Niedersachsen
1182436,3257016,Hohnhorst,31559,Landkreis Schaumburg,Niedersachsen
534530,14628190,Hohnstein,01848,Landkreis Sächsische Schweiz-Osterzgebirge,Sachsen
1948876,3355019,Hohnstorf (Elbe),21522,Landkreis Lüneburg,Niedersachsen
453346,7143032,Höhr-Grenzhausen,56203,Westerwaldkreis,Rheinland-Pfalz
288939,1057030,Hohwacht,24321,Kreis Plön,Schleswig-Holstein
454194,1062035,Hoisdorf,22955,Kreis Stormarn,Schleswig-Holstein
454194,1062035,Hoisdorf,22961,Kreis Stormarn,Schleswig-Holstein
1398884,3460005,Holdorf,49451,Landkreis Vechta,Niedersachsen
1444919,13074033,Holdorf,19205,Landkreis Nordwestmecklenburg,Mecklenburg-Vorpommern
1444919,13074033,Holdorf,19217,Landkreis Nordwestmecklenburg,Mecklenburg-Vorpommern
1184662,3255021,Holenberg,37642,Landkreis Holzminden,Niedersachsen
1419903,13071067,Holldorf,17094,Landkreis Mecklenburgische Seenplatte,Mecklenburg-Vorpommern
1168891,3254022,Holle,31188,Landkreis Hildesheim,Niedersachsen
162451,9771140,Hollenbach,86568,Landkreis Aichach-Friedberg,Bayern
1476159,1053054,Hollenbek,23883,Kreis Herzogtum Lauenburg,Schleswig-Holstein
306358,3353019,Hollenstedt,21279,Landkreis Harburg,Niedersachsen
453838,7143033,Holler,56412,Westerwaldkreis,Rheinland-Pfalz
444923,3359026,Hollern-Twielenfleth,21723,Landkreis Stade,Niedersachsen
1071017,9472154,Hollfeld,96142,Landkreis Bayreuth,Bayern
955356,1051053,Hollingstedt,25788,Kreis Dithmarschen,Schleswig-Holstein
1156157,1059039,Hollingstedt,24876,Kreis Schleswig-Flensburg,Schleswig-Holstein
1204720,7140055,Hollnich,56288,Rhein-Hunsrück-Kreis,Rheinland-Pfalz
1527085,3352024,Hollnseth,21769,Landkreis Cuxhaven,Niedersachsen
387522,9673136,Hollstadt,97618,Landkreis Rhön-Grabfeld,Bayern
450590,1056028,Holm,25488,Kreis Pinneberg,Schleswig-Holstein
1420394,1054048,Holm,25923,Kreis Nordfriesland,Schleswig-Holstein
904474,3356004,Holste,27729,Landkreis Osterholz,Niedersachsen
448761,1061043,Holstenniendorf,25584,Kreis Steinburg,Schleswig-Holstein
1163505,7232053,Holsthum,54668,Eifelkreis Bitburg-Prüm,Rheinland-Pfalz
1156034,1059124,Holt,24994,Kreis Schleswig-Flensburg,Schleswig-Holstein
2012455,3462006,Holtgast,26427,Landkreis Wittmund,Niedersachsen
1451520,13076063,Holthusen,19075,Landkreis Ludwigslust-Parchim,Mecklenburg-Vorpommern
2012931,3457011,Holtland,26835,Landkreis Leer,Niedersachsen
548611,1058080,Holtsee,24363,Kreis Rendsburg-Eckernförde,Schleswig-Holstein
537198,7141059,Holzappel,56379,Rhein-Lahn-Kreis,Rheinland-Pfalz
1241646,7140056,Holzbach,55469,Rhein-Hunsrück-Kreis,Rheinland-Pfalz
550776,1058081,Holzbunge,24361,Kreis Rendsburg-Eckernförde,Schleswig-Holstein
548621,1058082,Holzdorf,24364,Kreis Rendsburg-Eckernförde,Schleswig-Holstein
2014099,3255022,Holzen,37632,Landkreis Holzminden,Niedersachsen
1256945,7235050,Holzerath,54316,Landkreis Trier-Saarburg,Rheinland-Pfalz
722060,8115024,Holzgerlingen,71088,Landkreis Böblingen,Baden-Württemberg
958244,9778151,Holzgünz,87752,Landkreis Unterallgäu,Bayern
540455,7141060,Holzhausen an der Haide,56357,Rhein-Lahn-Kreis,Rheinland-Pfalz
537199,7141061,Holzheim,65558,Rhein-Lahn-Kreis,Rheinland-Pfalz
941090,9775126,Holzheim,89291,Landkreis Neu-Ulm,Bayern
956796,9773140,Holzheim,89438,Landkreis Dillingen an der Donau,Bayern
962254,9779163,Holzheim,86684,Landkreis Donau-Ries,Bayern
965021,9375153,Holzheim am Forst,93183,Landkreis Regensburg,Bayern
2789618,8425062,Holzkirch,89183,Alb-Donau-Kreis,Baden-Württemberg
180670,9679149,Holzkirchen,97292,Landkreis Würzburg,Bayern
935961,9182120,Holzkirchen,83607,Landkreis Miesbach,Bayern
2793194,8116029,Holzmaden,73271,Landkreis Esslingen,Baden-Württemberg
1184652,3255023,Holzminden,37603,Landkreis Holzminden,Niedersachsen
2389088,16065038,Holzsußra,99713,Kyffhäuserkreis,Thüringen
158415,5978016,Holzwickede,59439,Kreis Unna,Nordrhein-Westfalen
533250,7143244,Homberg,56479,Westerwaldkreis,Rheinland-Pfalz
1246763,7336044,Homberg,67742,Landkreis Kusel,Rheinland-Pfalz
1246763,7336044,Homberg,67744,Landkreis Kusel,Rheinland-Pfalz
540052,7141058,Hömberg,56379,Rhein-Lahn-Kreis,Rheinland-Pfalz
452196,6634009,Homberg (Efze),34576,Schwalm-Eder-Kreis,Hessen
418324,6535009,Homberg (Ohm),35315,Vogelsbergkreis,Hessen
1184826,10045114,Homburg,66424,Saarpfalz-Kreis,Saarland
1171890,7232054,Hommerdingen,54675,Eifelkreis Bitburg-Prüm,Rheinland-Pfalz
1060409,7131032,Honerath,53518,Landkreis Ahrweiler,Rheinland-Pfalz
310390,1057031,Honigsee,24211,Kreis Plön,Schleswig-Holstein
1021831,7131029,Hönningen,53506,Landkreis Ahrweiler,Rheinland-Pfalz
1258637,7231057,Hontheim,54538,Landkreis Bernkastel-Wittlich,Rheinland-Pfalz
1817756,3456009,Hoogstede,49846,Landkreis Grafschaft Bentheim,Niedersachsen
1451527,13076064,Hoort,19230,Landkreis Ludwigslust-Parchim,Mecklenburg-Vorpommern
448304,9777135,Hopferau,87659,Landkreis Ostallgäu,Bayern
403728,8225039,Höpfingen,74746,Neckar-Odenwald-Kreis,Baden-Württemberg
1332913,12064227,Hoppegarten,15366,Landkreis Märkisch-Oderland,Brandenburg
1965798,13072048,Hoppenrade,18292,Landkreis Rostock,Mecklenburg-Vorpommern
1246780,7336045,Hoppstädten,67744,Landkreis Kusel,Rheinland-Pfalz
1244287,7134042,Hoppstädten-Weiersbach,55768,Landkreis Birkenfeld,Rheinland-Pfalz
155639,5566020,Hopsten,48496,Kreis Steinfurt,Nordrhein-Westfalen
1258421,7231058,Horath,54497,Landkreis Bernkastel-Wittlich,Rheinland-Pfalz
453839,7143034,Horbach,56412,Westerwaldkreis,Rheinland-Pfalz
1084417,7340025,Horbach,66851,Landkreis Südwestpfalz,Rheinland-Pfalz
1244123,7133047,Horbach,55606,Landkreis Bad Kreuznach,Rheinland-Pfalz
935829,8237040,Horb am Neckar,72160,Landkreis Freudenstadt,Baden-Württemberg
1948624,8315056,Horben,79289,Landkreis Breisgau-Hochschwarzwald,Baden-Württemberg
1245107,7134043,Horbruch,55483,Landkreis Birkenfeld,Rheinland-Pfalz
1416145,3159020,Hörden am Harz,37412,Landkreis Göttingen,Niedersachsen
1250430,7334011,Hördt,76771,Landkreis Germersheim,Rheinland-Pfalz
955846,9772159,Horgau,86497,Landkreis Augsburg,Bayern
2808131,8436095,Horgenzell,88263,Landkreis Ravensburg,Baden-Württemberg
29826,9178132,Hörgertshausen,85413,Landkreis Freising,Bayern
537200,7141062,Horhausen,56379,Rhein-Lahn-Kreis,Rheinland-Pfalz
415014,7132055,Horhausen (Westerwald),56593,Landkreis Altenkirchen,Rheinland-Pfalz
1254710,7333030,Höringen,67724,Donnersbergkreis,Rheinland-Pfalz
1316261,14626200,Horka,02923,Landkreis Görlitz,Sachsen
1241654,7140058,Horn,55469,Rhein-Hunsrück-Kreis,Rheinland-Pfalz
1250691,7340211,Hornbach,66500,Landkreis Südwestpfalz,Rheinland-Pfalz
142698,5766032,Horn-Bad Meinberg,32805,Kreis Lippe,Nordrhein-Westfalen
1466178,1053056,Hornbek,21514,Kreis Herzogtum Lauenburg,Schleswig-Holstein
453006,8317051,Hornberg,78132,Ortenaukreis,Baden-Württemberg
445840,3359027,Horneburg,21640,Landkreis Stade,Niedersachsen
2903162,16064027,Hornsömmern,99955,Unstrut-Hainich-Kreis,Thüringen
1515586,13074034,Hornstorf,23970,Landkreis Nordwestmecklenburg,Mecklenburg-Vorpommern
1515586,13074034,Hornstorf,23974,Landkreis Nordwestmecklenburg,Mecklenburg-Vorpommern
1141532,1054046,Hörnum (Sylt),25997,Kreis Nordfriesland,Schleswig-Holstein
1075146,7233216,Horperath,56766,Landkreis Vulkaneifel,Rheinland-Pfalz
1245779,7339029,Horrweiler,55457,Landkreis Mainz-Bingen,Rheinland-Pfalz
1246628,7336046,Horschbach,66887,Landkreis Kusel,Rheinland-Pfalz
1085816,7233031,Hörscheid,54552,Landkreis Vulkaneifel,Rheinland-Pfalz
1075153,7233032,Hörschhausen,54552,Landkreis Vulkaneifel,Rheinland-Pfalz
2806093,16067088,Hörsel,99869,Landkreis Gotha,Thüringen
2806093,16067088,Hörsel,99880,Landkreis Gotha,Thüringen
1268949,16063098,Hörselberg-Hainich,99820,Wartburgkreis,Thüringen
447194,1061044,Horst,25358,Kreis Steinburg,Schleswig-Holstein
1473805,1053057,Horst,23883,Kreis Herzogtum Lauenburg,Schleswig-Holstein
965595,3357028,Horstedt,27367,Landkreis Rotenburg (Wümme),Niedersachsen
1405508,1054052,Horstedt,25860,Kreis Nordfriesland,Schleswig-Holstein
155642,5566016,Hörstel,48477,Kreis Steinfurt,Nordrhein-Westfalen
548580,1058075,Hörsten,24797,Kreis Rendsburg-Eckernförde,Schleswig-Holstein
155783,5566024,Horstmar,48612,Kreis Steinfurt,Nordrhein-Westfalen
1156024,1059123,Hörup,24980,Kreis Schleswig-Flensburg,Schleswig-Holstein
534054,9671130,Hösbach,63768,Landkreis Aschaffenburg,Bayern
454878,6631014,Hosenfeld,36154,Landkreis Fulda,Hessen
2186927,9187145,Höslwang,83129,Landkreis Rosenheim,Bayern
2808132,8436047,Hoßkirch,88374,Landkreis Ravensburg,Baden-Württemberg
1162790,7232055,Hosten,54664,Eifelkreis Bitburg-Prüm,Rheinland-Pfalz
1286642,15083320,Hötensleben,39393,Landkreis Börde,Sachsen-Anhalt
1245101,7134044,Hottenbach,55758,Landkreis Birkenfeld,Rheinland-Pfalz
1015149,9577141,Höttingen,91798,Landkreis Weißenburg-Gunzenhausen,Bayern
965558,1051052,Hövede,25782,Kreis Dithmarschen,Schleswig-Holstein
138195,5774024,Hövelhof,33161,Kreis Paderborn,Nordrhein-Westfalen
421226,7132054,Hövels,57537,Landkreis Altenkirchen,Rheinland-Pfalz
148593,5762020,Höxter,37671,Kreis Höxter,Nordrhein-Westfalen
2014322,3256014,Hoya,27318,Landkreis Nienburg/Weser,Niedersachsen
2014323,3256015,Hoyerhagen,27318,Landkreis Nienburg/Weser,Niedersachsen
409630,14625240,Hoyerswerda - Wojerecy,02977,Landkreis Bautzen,Sachsen
453840,7143036,Hübingen,56412,Westerwaldkreis,Rheinland-Pfalz
533251,7143245,Hüblingen,56479,Westerwaldkreis,Rheinland-Pfalz
158005,5370020,Hückelhoven,41836,Kreis Heinsberg,Nordrhein-Westfalen
173818,5374016,Hückeswagen,42499,Oberbergischer Kreis,Nordrhein-Westfalen
1403982,1054054,Hude,25876,Kreis Nordfriesland,Schleswig-Holstein
1665294,3251020,Hüde,49448,Landkreis Diepholz,Niedersachsen
1185608,3458010,Hude (Oldenburg),27798,Landkreis Oldenburg,Niedersachsen
1244216,7133048,Hüffelsheim,55595,Landkreis Bad Kreuznach,Rheinland-Pfalz
403745,8225042,Hüffenhardt,74928,Neckar-Odenwald-Kreis,Baden-Württemberg
1246481,7336047,Hüffler,66909,Landkreis Kusel,Rheinland-Pfalz
1241468,8326027,Hüfingen,78183,Schwarzwald-Baar-Kreis,Baden-Württemberg
907162,8216022,Hügelsheim,76549,Landkreis Rastatt,Baden-Württemberg
936932,9190131,Huglfing,82386,Landkreis Weilheim-Schongau,Bayern
372347,13073039,Hugoldsdorf,18465,Landkreis Vorpommern-Rügen,Mecklenburg-Vorpommern
962642,9779167,Huisheim,86685,Landkreis Donau-Ries,Bayern
448603,1061045,Huje,25588,Kreis Steinburg,Schleswig-Holstein
2774198,8415039,Hülben,72584,Landkreis Reutlingen,Baden-Württemberg
145269,5770016,Hüllhorst,32609,Kreis Minden-Lübbecke,Nordrhein-Westfalen
1451559,13076065,Hülseburg,19230,Landkreis Ludwigslust-Parchim,Mecklenburg-Vorpommern
1182394,3257017,Hülsede,31867,Landkreis Schaumburg,Niedersachsen
1060435,7131033,Hümmel,53520,Landkreis Ahrweiler,Rheinland-Pfalz
557140,1058084,Hummelfeld,24357,Kreis Rendsburg-Eckernförde,Schleswig-Holstein
2456290,16074042,Hummelshain,07768,Saale-Holzland-Kreis,Thüringen
1070984,9472155,Hummeltal,95503,Landkreis Bayreuth,Bayern
444709,7138030,Hümmerich,53547,Landkreis Neuwied,Rheinland-Pfalz
1418942,1054055,Humptrup,25923,Kreis Nordfriesland,Schleswig-Holstein
959647,9278139,Hunderdorf,94336,Landkreis Straubing-Bogen,Bayern
2803564,16076033,Hundhaupten,07557,Landkreis Greiz,Thüringen
959805,9271126,Hunding,94551,Landkreis Deggendorf,Bayern
534480,7143037,Hundsangen,56414,Westerwaldkreis,Rheinland-Pfalz
1244066,7133049,Hundsbach,55621,Landkreis Bad Kreuznach,Rheinland-Pfalz
532372,7143038,Hundsdorf,56235,Westerwaldkreis,Rheinland-Pfalz
454865,6631015,Hünfeld,36088,Landkreis Fulda,Hessen
324315,6533008,Hünfelden,65597,Landkreis Limburg-Weilburg,Hessen
418623,6531008,Hungen,35410,Landkreis Gießen,Hessen
1182309,7140060,Hungenroth,56281,Rhein-Hunsrück-Kreis,Rheinland-Pfalz
413391,6439007,Hünstetten,65510,Rheingau-Taunus-Kreis,Hessen
58639,5170016,Hünxe,46569,Kreis Wesel,Nordrhein-Westfalen
540456,7141063,Hunzel,56355,Rhein-Lahn-Kreis,Rheinland-Pfalz
1259140,7231062,Hupperath,54518,Landkreis Bernkastel-Wittlich,Rheinland-Pfalz
933819,9181126,Hurlach,86857,Landkreis Landsberg am Lech,Bayern
163315,5358016,Hürtgenwald,52393,Kreis Düren,Nordrhein-Westfalen
162473,5362028,Hürth,50354,Rhein-Erft-Kreis,Nordrhein-Westfalen
1149277,1059126,Hürup,24975,Kreis Schleswig-Flensburg,Schleswig-Holstein
1149285,1059127,Husby,24975,Kreis Schleswig-Flensburg,Schleswig-Holstein
1156152,1059041,Hüsby,24850,Kreis Schleswig-Flensburg,Schleswig-Holstein
1183260,3256016,Husum,31632,Landkreis Nienburg/Weser,Niedersachsen
1405432,1054056,Husum,25813,Kreis Nordfriesland,Schleswig-Holstein
1253801,7335016,Hütschenhausen,66882,Landkreis Kaiserslautern,Rheinland-Pfalz
422751,1060042,Hüttblek,24641,Kreis Segeberg,Schleswig-Holstein
548615,1058083,Hütten,24358,Kreis Rendsburg-Eckernförde,Schleswig-Holstein
1171877,7232056,Hütten,54673,Eifelkreis Bitburg-Prüm,Rheinland-Pfalz
215984,6532014,Hüttenberg,35625,Lahn-Dill-Kreis,Hessen
1152669,7232057,Hütterscheid,54636,Eifelkreis Bitburg-Prüm,Rheinland-Pfalz
958093,9275128,Hutthurm,94116,Landkreis Passau,Bayern
1152698,7232058,Hüttingen an der Kyll,54636,Eifelkreis Bitburg-Prüm,Rheinland-Pfalz
1171862,7232059,Hüttingen bei Lahr,54675,Eifelkreis Bitburg-Prüm,Rheinland-Pfalz
2800712,8425064,Hüttisheim,89185,Alb-Donau-Kreis,Baden-Württemberg
915448,8136033,Hüttlingen,73434,Ostalbkreis,Baden-Württemberg
915448,8136033,Hüttlingen,73453,Ostalbkreis,Baden-Württemberg
915448,8136033,Hüttlingen,73460,Ostalbkreis,Baden-Württemberg
2007857,3454023,Hüven,49751,Landkreis Emsland,Niedersachsen
394012,15085185,Huy,38836,Landkreis Harz,Sachsen-Anhalt
394012,15085185,Huy,38838,Landkreis Harz,Sachsen-Anhalt
1226245,8337059,Ibach,79837,Landkreis Waldshut,Baden-Württemberg
155641,5566028,Ibbenbüren,49477,Kreis Steinfurt,Nordrhein-Westfalen
155641,5566028,Ibbenbüren,49479,Kreis Steinfurt,Nordrhein-Westfalen
964467,9774143,Ichenhausen,89335,Landkreis Günzburg,Bayern
935092,9173130,Icking,82057,Landkreis Bad Tölz-Wolfratshausen,Bayern
444934,7134045,Idar-Oberstein,55743,Landkreis Birkenfeld,Rheinland-Pfalz
418887,7132056,Idelberg,57612,Landkreis Altenkirchen,Rheinland-Pfalz
1284758,15090270,Iden,39606,Landkreis Stendal,Sachsen-Anhalt
1152663,7232060,Idenheim,54636,Eifelkreis Bitburg-Prüm,Rheinland-Pfalz
1152664,7232061,Idesheim,54636,Eifelkreis Bitburg-Prüm,Rheinland-Pfalz
1149460,1059042,Idstedt,24879,Kreis Schleswig-Flensburg,Schleswig-Holstein
413539,6439008,Idstein,65510,Rheingau-Taunus-Kreis,Hessen
936921,9190132,Iffeldorf,82393,Landkreis Weilheim-Schongau,Bayern
907207,8216023,Iffezheim,76473,Landkreis Rastatt,Baden-Württemberg
1255973,7235051,Igel,54298,Landkreis Trier-Saarburg,Rheinland-Pfalz
1080520,9474140,Igensdorf,91338,Landkreis Forchheim,Bayern
401807,8128058,Igersheim,97999,Main-Tauber-Kreis,Baden-Württemberg
959821,9271127,Iggensbach,94547,Landkreis Deggendorf,Bayern
915434,8136034,Iggingen,73574,Ostalbkreis,Baden-Württemberg
933820,9181127,Igling,86859,Landkreis Landsberg am Lech,Bayern
1520088,3352025,Ihlienworth,21775,Landkreis Cuxhaven,Niedersachsen
422439,12072157,Ihlow,15936,Landkreis Teltow-Fläming,Brandenburg
898633,3452012,Ihlow,26632,Landkreis Aurich,Niedersachsen
70142,8315059,Ihringen,79241,Landkreis Breisgau-Hochschwarzwald,Baden-Württemberg
956665,9273133,Ihrlerstein,93346,Landkreis Kelheim,Bayern
1332614,15089185,Ilberstedt,06408,Salzlandkreis,Sachsen-Anhalt
1254061,7333031,Ilbesheim,67294,Donnersbergkreis,Rheinland-Pfalz
1252725,7337042,Ilbesheim bei Landau in der Pfalz,76831,Landkreis Südliche Weinstraße,Rheinland-Pfalz
1259835,7135042,Illerich,56814,Landkreis Cochem-Zell,Rheinland-Pfalz
2800659,8425137,Illerkirchberg,89171,Alb-Donau-Kreis,Baden-Württemberg
2800692,8425066,Illerrieden,89186,Alb-Donau-Kreis,Baden-Württemberg
941089,9775129,Illertissen,89257,Landkreis Neu-Ulm,Bayern
356793,9575133,Illesheim,91471,Landkreis Neustadt an der Aisch-Bad Windsheim,Bayern
308388,8236028,Illingen,75428,Enzkreis,Baden-Württemberg
1187146,10043112,Illingen,66557,Landkreis Neunkirchen,Saarland
2806036,8437056,Illmensee,88636,Landkreis Sigmaringen,Baden-Württemberg
1028541,9371131,Illschwang,92278,Landkreis Amberg-Sulzbach,Bayern
165440,16070029,Ilmenau,98693,Ilm-Kreis,Thüringen
165440,16070029,Ilmenau,98694,Ilm-Kreis,Thüringen
396550,9186130,Ilmmünster,85304,Landkreis Pfaffenhofen an der Ilm,Bayern
3410017,16071101,Ilmtal-Weinstraße,99510,Landkreis Weimarer Land,Thüringen
4447414,3157009,Ilsede,31241,Landkreis Peine,Niedersachsen
4447414,3157009,Ilsede,31246,Landkreis Peine,Niedersachsen
1352970,15085190,Ilsenburg,38871,Landkreis Harz,Sachsen-Anhalt
410486,8125046,Ilsfeld,74360,Landkreis Heilbronn,Baden-Württemberg
389473,8127043,Ilshofen,74532,Landkreis Schwäbisch Hall,Baden-Württemberg
454171,8226036,Ilvesheim,68549,Rhein-Neckar-Kreis,Baden-Württemberg
1231971,8327025,Immendingen,78194,Landkreis Tuttlingen,Baden-Württemberg
531865,6633014,Immenhausen,34376,Landkreis Kassel,Hessen
975281,9377127,Immenreuth,95505,Landkreis Tirschenreuth,Bayern
2783850,8435024,Immenstaad am Bodensee,88090,Bodenseekreis,Baden-Württemberg
957822,9780124,Immenstadt im Allgäu,87509,Landkreis Oberallgäu,Bayern
443085,1051054,Immenstedt,25767,Kreis Dithmarschen,Schleswig-Holstein
1406976,1054057,Immenstedt,25885,Kreis Nordfriesland,Schleswig-Holstein
1085820,7233034,Immerath,54552,Landkreis Vulkaneifel,Rheinland-Pfalz
1258424,7231064,Immert,54426,Landkreis Bernkastel-Wittlich,Rheinland-Pfalz
1254395,7333032,Immesheim,67308,Donnersbergkreis,Rheinland-Pfalz
1252729,7337043,Impflingen,76831,Landkreis Südliche Weinstraße,Rheinland-Pfalz
1254719,7333033,Imsbach,67725,Donnersbergkreis,Rheinland-Pfalz
1254719,7333033,Imsbach,67808,Donnersbergkreis,Rheinland-Pfalz
1254719,7333033,Imsbach,67817,Donnersbergkreis,Rheinland-Pfalz
1253986,7333034,Imsweiler,67806,Donnersbergkreis,Rheinland-Pfalz
1253986,7333034,Imsweiler,67808,Donnersbergkreis,Rheinland-Pfalz
161968,9771141,Inchenhofen,86570,Landkreis Aichach-Friedberg,Bayern
162463,5358020,Inden,52459,Kreis Düren,Nordrhein-Westfalen
418872,7132057,Ingelbach,57610,Landkreis Altenkirchen,Rheinland-Pfalz
376922,8126039,Ingelfingen,74653,Hohenlohekreis,Baden-Württemberg
80449,7339030,Ingelheim am Rhein,55218,Landkreis Mainz-Bingen,Rheinland-Pfalz
80449,7339030,Ingelheim am Rhein,55262,Landkreis Mainz-Bingen,Rheinland-Pfalz
80449,7339030,Ingelheim am Rhein,55263,Landkreis Mainz-Bingen,Rheinland-Pfalz
1152680,7232062,Ingendorf,54636,Eifelkreis Bitburg-Prüm,Rheinland-Pfalz
936739,9190133,Ingenried,86980,Landkreis Weilheim-Schongau,Bayern
405307,8118077,Ingersheim,74379,Landkreis Ludwigsburg,Baden-Württemberg
1286636,15083323,Ingersleben,39343,Landkreis Börde,Sachsen-Anhalt
2801321,8426062,Ingoldingen,88456,Landkreis Biberach,Baden-Württemberg
62381,9161000,Ingolstadt,85049,,Bayern
62381,9161000,Ingolstadt,85051,,Bayern
62381,9161000,Ingolstadt,85053,,Bayern
62381,9161000,Ingolstadt,85055,,Bayern
62381,9161000,Ingolstadt,85057,,Bayern
958958,9272128,Innernzell,94548,Landkreis Freyung-Grafenau,Bayern
932279,9188126,Inning am Ammersee,82266,Landkreis Starnberg,Bayern
934758,9177122,Inning am Holz,84416,Landkreis Erding,Bayern
1132844,13073040,Insel Hiddensee,18565,Landkreis Vorpommern-Rügen,Mecklenburg-Vorpommern
1571936,13074035,Insel Poel,23999,Landkreis Nordwestmecklenburg,Mecklenburg-Vorpommern
1252794,7337044,Insheim,76865,Landkreis Südliche Weinstraße,Rheinland-Pfalz
534085,9571169,Insingen,91610,Landkreis Ansbach,Bayern
1060424,7131034,Insul,53520,Landkreis Ahrweiler,Rheinland-Pfalz
941683,9189124,Inzell,83334,Landkreis Traunstein,Bayern
2805974,8437059,Inzigkofen,72514,Landkreis Sigmaringen,Baden-Württemberg
2787920,8336043,Inzlingen,79594,Landkreis Lörrach,Baden-Württemberg
282346,9675139,Iphofen,97346,Landkreis Kitzingen,Bayern
1244154,7133050,Ippenschied,55566,Landkreis Bad Kreuznach,Rheinland-Pfalz
356751,9575134,Ippesheim,97258,Landkreis Neustadt an der Aisch-Bad Windsheim,Bayern
357058,9575135,Ipsheim,91472,Landkreis Neustadt an der Aisch-Bad Windsheim,Bayern
1059434,9374127,Irchenrieth,92699,Landkreis Neustadt an der Waldnaab,Bayern
959670,9278140,Irlbach,94342,Landkreis Straubing-Bogen,Bayern
1261694,7231501,Irmenach,56843,Landkreis Bernkastel-Wittlich,Rheinland-Pfalz
533252,7143246,Irmtraut,56479,Westerwaldkreis,Rheinland-Pfalz
1231976,8327027,Irndorf,78597,Landkreis Tuttlingen,Baden-Württemberg
1163498,7232063,Irrel,54666,Eifelkreis Bitburg-Prüm,Rheinland-Pfalz
1113737,7232245,Irrhausen,54689,Eifelkreis Bitburg-Prüm,Rheinland-Pfalz
1256025,7235052,Irsch,54451,Landkreis Trier-Saarburg,Rheinland-Pfalz
935957,9182123,Irschenberg,83737,Landkreis Miesbach,Bayern
445510,9777139,Irsee,87660,Landkreis Ostallgäu,Bayern
934752,9177123,Isen,84424,Landkreis Erding,Bayern
444331,7138031,Isenburg,56271,Landkreis Neuwied,Rheinland-Pfalz
1357837,3151013,Isenbüttel,38550,Landkreis Gifhorn,Niedersachsen
1800165,5962024,Iserlohn,58636,Märkischer Kreis,Nordrhein-Westfalen
1800165,5962024,Iserlohn,58638,Märkischer Kreis,Nordrhein-Westfalen
1800165,5962024,Iserlohn,58640,Märkischer Kreis,Nordrhein-Westfalen
1800165,5962024,Iserlohn,58642,Märkischer Kreis,Nordrhein-Westfalen
1800165,5962024,Iserlohn,58644,Märkischer Kreis,Nordrhein-Westfalen
1612937,3241008,Isernhagen,30916,Region Hannover,Niedersachsen
418886,7132058,Isert,57612,Landkreis Altenkirchen,Rheinland-Pfalz
2168245,9184130,Ismaning,85737,Landkreis München,Bayern
2806739,8436049,Isny im Allgäu,88316,Landkreis Ravensburg,Baden-Württemberg
53101,8236030,Ispringen,75228,Enzkreis,Baden-Württemberg
537201,7141064,Isselbach,65558,Rhein-Lahn-Kreis,Rheinland-Pfalz
162713,5554032,Isselburg,46419,Kreis Borken,Nordrhein-Westfalen
1021694,9475137,Issigau,95188,Landkreis Hof,Bayern
167991,5154020,Issum,47661,Kreis Kleve,Nordrhein-Westfalen
2012817,3456010,Isterberg,48465,Landkreis Grafschaft Bentheim,Niedersachsen
1817806,3456011,Itterbeck,49847,Landkreis Grafschaft Bentheim,Niedersachsen
410525,8125047,Ittlingen,74930,Landkreis Heilbronn,Baden-Württemberg
152790,1061046,Itzehoe,25524,Kreis Steinburg,Schleswig-Holstein
956865,9473138,Itzgrund,96274,Landkreis Coburg,Bayern
444323,1060043,Itzstedt,23845,Kreis Segeberg,Schleswig-Holstein
1432543,13075053,Iven,17391,Landkreis Vorpommern-Greifswald,Mecklenburg-Vorpommern
1427698,13071068,Ivenack,17153,Landkreis Mecklenburgische Seenplatte,Mecklenburg-Vorpommern
1424312,13071069,Jabel,17194,Landkreis Mecklenburgische Seenplatte,Mecklenburg-Vorpommern
935251,9173131,Jachenau,83676,Landkreis Bad Tölz-Wolfratshausen,Bayern
1384844,12067237,Jacobsdorf,15236,Landkreis Oder-Spree,Brandenburg
548851,3461005,Jade,26349,Landkreis Wesermarsch,Niedersachsen
1157533,1059043,Jagel,24878,Kreis Schleswig-Flensburg,Schleswig-Holstein
409705,8125048,Jagsthausen,74249,Landkreis Heilbronn,Baden-Württemberg
915561,8136035,Jagstzell,73489,Ostalbkreis,Baden-Württemberg
15073014,14522275,Jahnatal,04749,Landkreis Mittelsachsen,Sachsen
536011,14521310,Jahnsdorf/Erzgebirge,09387,Erzgebirgskreis,Sachsen
556094,1058085,Jahrsdorf,24594,Kreis Rendsburg-Eckernförde,Schleswig-Holstein
374153,13073041,Jakobsdorf,18442,Landkreis Vorpommern-Rügen,Mecklenburg-Vorpommern
1254063,7333035,Jakobsweiler,67814,Donnersbergkreis,Rheinland-Pfalz
1818786,3354011,Jameln,29479,Landkreis Lüchow-Dannenberg,Niedersachsen
1388734,12061224,Jamlitz,15868,Landkreis Dahme-Spreewald,Brandenburg
1322604,12071189,Jämlitz-Klein Düben,03130,Landkreis Spree-Neiße,Brandenburg
958978,9272129,Jandelsbrunn,94118,Landkreis Freyung-Grafenau,Bayern
1156127,1059128,Janneby,24992,Kreis Schleswig-Flensburg,Schleswig-Holstein
1322810,12071193,Jänschwalde,03172,Landkreis Spree-Neiße,Brandenburg
1322810,12071193,Jänschwalde,03197,Landkreis Spree-Neiße,Brandenburg
1156030,1059129,Jardelund,24994,Kreis Schleswig-Flensburg,Schleswig-Holstein
1427536,13075054,Jarmen,17126,Landkreis Vorpommern-Greifswald,Mecklenburg-Vorpommern
1410892,13075055,Jatznick,17309,Landkreis Vorpommern-Greifswald,Mecklenburg-Vorpommern
1244060,7133051,Jeckenbach,55592,Landkreis Bad Kreuznach,Rheinland-Pfalz
1460239,3360012,Jelmstorf,29585,Landkreis Uelzen,Niedersachsen
1355597,3151014,Jembke,38477,Landkreis Gifhorn,Niedersachsen
1255860,3457012,Jemgum,26844,Landkreis Leer,Niedersachsen
62693,16053000,Jena,07743,,Thüringen
62693,16053000,Jena,07745,,Thüringen
62693,16053000,Jena,07747,,Thüringen
62693,16053000,Jena,07749,,Thüringen
62693,16053000,Jena,07751,,Thüringen
2778379,16074043,Jenalöbnitz,07751,Saale-Holzland-Kreis,Thüringen
443030,9777140,Jengen,86860,Landkreis Ostallgäu,Bayern
1283578,15086080,Jerichow,39307,Landkreis Jerichower Land,Sachsen-Anhalt
1283578,15086080,Jerichow,39319,Landkreis Jerichower Land,Sachsen-Anhalt
1156124,1059131,Jerrishoe,24963,Kreis Schleswig-Flensburg,Schleswig-Holstein
453724,1062036,Jersbek,22941,Kreis Stormarn,Schleswig-Holstein
1446656,3154012,Jerxheim,38381,Landkreis Helmstedt,Niedersachsen
452208,6634010,Jesberg,34632,Schwalm-Eder-Kreis,Hessen
1444888,13074036,Jesendorf,19417,Landkreis Nordwestmecklenburg,Mecklenburg-Vorpommern
933547,9179130,Jesenwang,82287,Landkreis Fürstenfeldbruck,Bayern
445964,14730140,Jesewitz,04838,Landkreis Nordsachsen,Sachsen
1327666,15091145,Jessen (Elster),06917,Landkreis Wittenberg,Sachsen-Anhalt
280522,3353020,Jesteburg,21266,Landkreis Harburg,Niedersachsen
2785957,8337060,Jestetten,79798,Landkreis Waldshut,Baden-Württemberg
941065,9183122,Jettenbach,84555,Landkreis Mühldorf am Inn,Bayern
1246677,7336048,Jettenbach,66887,Landkreis Kusel,Rheinland-Pfalz
722071,8115053,Jettingen,71131,Landkreis Böblingen,Baden-Württemberg
964236,9774144,Jettingen-Scheppach,89343,Landkreis Günzburg,Bayern
393071,9186132,Jetzendorf,85305,Landkreis Pfaffenhofen an der Ilm,Bayern
548579,1058086,Jevenstedt,24808,Kreis Rendsburg-Eckernförde,Schleswig-Holstein
1187785,3455007,Jever,26441,Landkreis Friesland,Niedersachsen
1318354,12060100,Joachimsthal,16247,Landkreis Barnim,Brandenburg
87495,7334012,Jockgrim,76751,Landkreis Germersheim,Rheinland-Pfalz
534053,9671133,Johannesberg,63867,Landkreis Aschaffenburg,Bayern
419012,14521320,Johanngeorgenstadt,08349,Erzgebirgskreis,Sachsen
957048,9277126,Johanniskirchen,84381,Landkreis Rottal-Inn,Bayern
536627,14521330,Jöhstadt,09477,Erzgebirgskreis,Sachsen
1415666,1054059,Joldelund,25862,Kreis Nordfriesland,Schleswig-Holstein
2778477,16077018,Jonaswalde,04626,Landkreis Altenburger Land,Thüringen
418118,14626210,Jonsdorf,02796,Landkreis Görlitz,Sachsen
2020634,13072049,Jördenstorf,17168,Landkreis Rostock,Mecklenburg-Vorpommern
2420743,3359028,Jork,21635,Landkreis Stade,Niedersachsen
1156131,1059132,Jörl,24992,Kreis Schleswig-Flensburg,Schleswig-Holstein
2604664,6435016,Jossgrund,63637,Main-Kinzig-Kreis,Hessen
1285578,15081225,Jübar,38489,Altmarkkreis Salzwedel,Sachsen-Anhalt
1156163,1059044,Jübek,24855,Kreis Schleswig-Flensburg,Schleswig-Holstein
168486,5162012,Jüchen,41363,Rhein-Kreis Neuss,Nordrhein-Westfalen
1113729,7232246,Jucken,54689,Eifelkreis Bitburg-Prüm,Rheinland-Pfalz
1245312,7339031,Jugenheim in Rheinhessen,55270,Landkreis Mainz-Bingen,Rheinland-Pfalz
1399086,3159021,Jühnde,37127,Landkreis Göttingen,Niedersachsen
897895,3452013,Juist,26571,Landkreis Aurich,Niedersachsen
957042,9277127,Julbach,84387,Landkreis Rottal-Inn,Bayern
158408,5358024,Jülich,52428,Kreis Düren,Nordrhein-Westfalen
1469083,1053058,Juliusburg,21483,Kreis Herzogtum Lauenburg,Schleswig-Holstein
2779006,8417036,Jungingen,72417,Zollernalbkreis,Baden-Württemberg
1075995,7233035,Jünkerath,54584,Landkreis Vulkaneifel,Rheinland-Pfalz
1958440,13072050,Jürgenshagen,18246,Landkreis Rostock,Mecklenburg-Vorpommern
1427693,13071070,Jürgenstorf,17153,Landkreis Mecklenburgische Seenplatte,Mecklenburg-Vorpommern
422436,12072169,Jüterbog,14913,Landkreis Teltow-Fläming,Brandenburg
448605,1061047,Kaaks,25582,Kreis Steinburg,Schleswig-Holstein
168485,5162016,Kaarst,41564,Rhein-Kreis Neuss,Nordrhein-Westfalen
382414,1055023,Kabelhorst,23738,Kreis Ostholstein,Schleswig-Holstein
2406436,15088150,Kabelsketal,06184,Saalekreis,Sachsen-Anhalt
549802,14627080,Käbschütztal,01665,Landkreis Meißen,Sachsen
535013,7143247,Kaden,56459,Westerwaldkreis,Rheinland-Pfalz
453841,7143039,Kadenbach,56337,Westerwaldkreis,Rheinland-Pfalz
2457258,16074044,Kahla,07768,Saale-Holzland-Kreis,Thüringen
534299,9671134,Kahl am Main,63796,Landkreis Aschaffenburg,Bayern
1259830,7135043,Kaifenheim,56761,Landkreis Cochem-Zell,Rheinland-Pfalz
1266517,7135044,Kail,56829,Landkreis Cochem-Zell,Rheinland-Pfalz
448766,1061048,Kaisborstel,25560,Kreis Steinburg,Schleswig-Holstein
2354399,15084246,Kaiserpfalz,06642,Burgenlandkreis,Sachsen-Anhalt
400937,8119037,Kaisersbach,73553,Rems-Murr-Kreis,Baden-Württemberg
400937,8119037,Kaisersbach,73642,Rems-Murr-Kreis,Baden-Württemberg
400937,8119037,Kaisersbach,73667,Rems-Murr-Kreis,Baden-Württemberg
448134,7135045,Kaisersesch,56759,Landkreis Cochem-Zell,Rheinland-Pfalz
62652,7312000,Kaiserslautern,67655,,Rheinland-Pfalz
62652,7312000,Kaiserslautern,67657,,Rheinland-Pfalz
62652,7312000,Kaiserslautern,67659,,Rheinland-Pfalz
62652,7312000,Kaiserslautern,67661,,Rheinland-Pfalz
62652,7312000,Kaiserslautern,67663,,Rheinland-Pfalz
935256,1051057,Kaiser-Wilhelm-Koog,25709,Kreis Dithmarschen,Schleswig-Holstein
962387,9779169,Kaisheim,86687,Landkreis Donau-Ries,Bayern
318180,3353021,Kakenstorf,21255,Landkreis Harburg,Niedersachsen
454879,6631016,Kalbach,36148,Landkreis Fulda,Hessen
1079027,3357029,Kalbe,27419,Landkreis Rotenburg (Wümme),Niedersachsen
1285594,15081240,Kalbe (Milde),39624,Altmarkkreis Salzwedel,Sachsen-Anhalt
2344341,16065042,Kalbsrieth,06556,Kyffhäuserkreis,Thüringen
1016507,9572137,Kalchreuth,90562,Landkreis Erlangen-Höchstadt,Bayern
163004,3155006,Kalefeld,37589,Landkreis Northeim,Niedersachsen
448133,7135046,Kalenborn,56759,Landkreis Cochem-Zell,Rheinland-Pfalz
1021828,7131036,Kalenborn,53505,Landkreis Ahrweiler,Rheinland-Pfalz
1074560,7233036,Kalenborn-Scheuern,54570,Landkreis Vulkaneifel,Rheinland-Pfalz
167955,5154024,Kalkar,47546,Kreis Kleve,Nordrhein-Westfalen
1479629,13074037,Kalkhorst,23942,Landkreis Nordwestmecklenburg,Mecklenburg-Vorpommern
1479629,13074037,Kalkhorst,23948,Landkreis Nordwestmecklenburg,Mecklenburg-Vorpommern
1253871,7333036,Kalkofen,67822,Donnersbergkreis,Rheinland-Pfalz
158158,5366024,Kall,53925,Kreis Euskirchen,Nordrhein-Westfalen
142678,5766036,Kalletal,32689,Kreis Lippe,Nordrhein-Westfalen
965011,9375156,Kallmünz,93183,Landkreis Regensburg,Bayern
1249949,7332028,Kallstadt,67169,Landkreis Bad Dürkheim,Rheinland-Pfalz
543122,7137041,Kalt,56294,Landkreis Mayen-Koblenz,Rheinland-Pfalz
1060426,7131037,Kaltenborn,53520,Landkreis Ahrweiler,Rheinland-Pfalz
548977,7137209,Kaltenengers,56220,Landkreis Mayen-Koblenz,Rheinland-Pfalz
538928,7141065,Kaltenholzhausen,65558,Rhein-Lahn-Kreis,Rheinland-Pfalz
423184,1060044,Kaltenkirchen,24568,Kreis Segeberg,Schleswig-Holstein
2900086,16066095,Kaltennordheim,36452,Landkreis Schmalkalden-Meiningen,Thüringen
447638,9777141,Kaltental,87662,Landkreis Ostallgäu,Bayern
310407,1057032,Kalübbe,24326,Kreis Plön,Schleswig-Holstein
158453,5978020,Kamen,59174,Kreis Unna,Nordrhein-Westfalen
1307664,14625250,Kamenz - Kamjenc,01917,Landkreis Bautzen,Sachsen
1284741,15090285,Kamern,39524,Landkreis Stendal,Sachsen-Anhalt
964148,9774145,Kammeltal,89358,Landkreis Günzburg,Bayern
453347,7143040,Kammerforst,56206,Westerwaldkreis,Rheinland-Pfalz
2903164,16064032,Kammerforst,99986,Unstrut-Hainich-Kreis,Thüringen
158269,9576128,Kammerstein,91126,Landkreis Roth,Bayern
1433090,13075056,Kamminke,17419,Landkreis Vorpommern-Greifswald,Mecklenburg-Vorpommern
957141,9778180,Kammlach,87754,Landkreis Unterallgäu,Bayern
536242,7141066,Kamp-Bornhofen,56341,Rhein-Lahn-Kreis,Rheinland-Pfalz
1147133,1054061,Kampen (Sylt),25999,Kreis Nordfriesland,Schleswig-Holstein
53370,8236074,Kämpfelbach,75236,Enzkreis,Baden-Württemberg
58619,5170020,Kamp-Lintfort,47475,Kreis Wesel,Nordrhein-Westfalen
1250501,7334013,Kandel,76870,Landkreis Germersheim,Rheinland-Pfalz
1130283,8336045,Kandern,79400,Landkreis Lörrach,Baden-Württemberg
1467345,1053059,Kankelau,21514,Kreis Herzogtum Lauenburg,Schleswig-Holstein
2802283,8426064,Kanzach,88422,Landkreis Biberach,Baden-Württemberg
1255963,7235055,Kanzem,54441,Landkreis Trier-Saarburg,Rheinland-Pfalz
2857000,16071037,Kapellendorf,99510,Landkreis Weimarer Land,Thüringen
1252823,7337045,Kapellen-Drusweiler,76889,Landkreis Südliche Weinstraße,Rheinland-Pfalz
1075130,7233217,Kaperich,56767,Landkreis Vulkaneifel,Rheinland-Pfalz
1245164,7140062,Kappel,55483,Rhein-Hunsrück-Kreis,Rheinland-Pfalz
452999,8317152,Kappel-Grafenhausen,77966,Ortenaukreis,Baden-Württemberg
1145350,1059045,Kappeln,24376,Kreis Schleswig-Flensburg,Schleswig-Holstein
1145350,1059045,Kappeln,24404,Kreis Schleswig-Flensburg,Schleswig-Holstein
1246775,7336049,Kappeln,67744,Landkreis Kusel,Rheinland-Pfalz
452977,8317056,Kappelrodeck,77876,Ortenaukreis,Baden-Württemberg
1252835,7337046,Kapsweyer,76889,Landkreis Südliche Weinstraße,Rheinland-Pfalz
335468,9677146,Karbach,97842,Landkreis Main-Spessart,Bayern
1182319,7140063,Karbach,56281,Rhein-Hunsrück-Kreis,Rheinland-Pfalz
450117,6440012,Karben,61184,Wetteraukreis,Hessen
554520,1058087,Karby,24398,Kreis Rendsburg-Eckernförde,Schleswig-Holstein
1451526,13076067,Karenz,19294,Landkreis Ludwigslust-Parchim,Mecklenburg-Vorpommern
1424302,13071071,Kargow,17192,Landkreis Mecklenburgische Seenplatte,Mecklenburg-Vorpommern
1258878,7231065,Karl,54534,Landkreis Bernkastel-Wittlich,Rheinland-Pfalz
158357,8215096,Karlsbad,76307,Landkreis Karlsruhe,Baden-Württemberg
9682052,13075156,Karlsburg,17495,Landkreis Vorpommern-Greifswald,Mecklenburg-Vorpommern
2778380,16074045,Karlsdorf,07646,Saale-Holzland-Kreis,Thüringen
659823,8215103,Karlsdorf-Neuthard,76689,Landkreis Karlsruhe,Baden-Württemberg
934461,9174126,Karlsfeld,85757,Landkreis Dachau,Bayern
1432809,13075058,Karlshagen,17449,Landkreis Vorpommern-Greifswald,Mecklenburg-Vorpommern
1171851,7232064,Karlshausen,54673,Eifelkreis Bitburg-Prüm,Rheinland-Pfalz
943728,9185139,Karlshuld,86668,Landkreis Neuburg-Schrobenhausen,Bayern
943710,9185140,Karlskron,85123,Landkreis Neuburg-Schrobenhausen,Bayern
62518,8212000,Karlsruhe,76131,,Baden-Württemberg
62518,8212000,Karlsruhe,76133,,Baden-Württemberg
62518,8212000,Karlsruhe,76135,,Baden-Württemberg
62518,8212000,Karlsruhe,76137,,Baden-Württemberg
62518,8212000,Karlsruhe,76139,,Baden-Württemberg
62518,8212000,Karlsruhe,76149,,Baden-Württemberg
62518,8212000,Karlsruhe,76185,,Baden-Württemberg
62518,8212000,Karlsruhe,76187,,Baden-Württemberg
62518,8212000,Karlsruhe,76189,,Baden-Württemberg
62518,8212000,Karlsruhe,76199,,Baden-Württemberg
62518,8212000,Karlsruhe,76227,,Baden-Württemberg
62518,8212000,Karlsruhe,76228,,Baden-Württemberg
62518,8212000,Karlsruhe,76229,,Baden-Württemberg
336479,9677148,Karlstadt,97753,Landkreis Main-Spessart,Bayern
534300,9671114,Karlstein am Main,63791,Landkreis Aschaffenburg,Bayern
1418484,1054062,Karlum,25926,Kreis Nordfriesland,Schleswig-Holstein
374162,13073042,Karnin,18469,Landkreis Vorpommern-Rügen,Mecklenburg-Vorpommern
946202,1051058,Karolinenkoog,25774,Kreis Dithmarschen,Schleswig-Holstein
449889,13076068,Karrenzin,19372,Landkreis Ludwigslust-Parchim,Mecklenburg-Vorpommern
350014,9677149,Karsbach,97783,Landkreis Main-Spessart,Bayern
2396084,15084250,Karsdorf,06638,Burgenlandkreis,Sachsen-Anhalt
1289810,12070173,Karstädt,19357,Landkreis Prignitz,Brandenburg
1451517,13076069,Karstädt,19294,Landkreis Ludwigslust-Parchim,Mecklenburg-Vorpommern
1819623,3354012,Karwitz,29481,Landkreis Lüchow-Dannenberg,Niedersachsen
443580,7138501,Kasbach-Ohlenberg,53547,Landkreis Neuwied,Rheinland-Pfalz
1163506,7232065,Kaschenbach,54668,Eifelkreis Bitburg-Prüm,Rheinland-Pfalz
540457,7141067,Kasdorf,56357,Rhein-Lahn-Kreis,Rheinland-Pfalz
1256961,7235056,Kasel,54317,Landkreis Trier-Saarburg,Rheinland-Pfalz
1389404,12061244,Kasel-Golzig,15938,Landkreis Dahme-Spreewald,Brandenburg
1022780,9477124,Kasendorf,95359,Landkreis Kulmbach,Bayern
1250674,7340212,Käshofen,66894,Landkreis Südwestpfalz,Rheinland-Pfalz
1466070,1053060,Kasseburg,22929,Kreis Herzogtum Lauenburg,Schleswig-Holstein
382431,1055024,Kasseedorf,23717,Kreis Ostholstein,Schleswig-Holstein
62598,6611000,Kassel,34117,,Hessen
62598,6611000,Kassel,34119,,Hessen
62598,6611000,Kassel,34121,,Hessen
62598,6611000,Kassel,34123,,Hessen
62598,6611000,Kassel,34125,,Hessen
62598,6611000,Kassel,34127,,Hessen
62598,6611000,Kassel,34128,,Hessen
62598,6611000,Kassel,34130,,Hessen
62598,6611000,Kassel,34131,,Hessen
62598,6611000,Kassel,34132,,Hessen
62598,6611000,Kassel,34134,,Hessen
62598,6611000,Kassel,34233,,Hessen
62598,6611000,Kassel,34355,,Hessen
1963817,13072051,Kassow,18258,Landkreis Rostock,Mecklenburg-Vorpommern
1116484,7140064,Kastellaun,56288,Rhein-Hunsrück-Kreis,Rheinland-Pfalz
1256027,7235057,Kastel-Staadt,54441,Landkreis Trier-Saarburg,Rheinland-Pfalz
942033,9171121,Kastl,84556,Landkreis Altötting,Bayern
975239,9377128,Kastl,95506,Landkreis Tirschenreuth,Bayern
1028565,9371132,Kastl,92280,Landkreis Amberg-Sulzbach,Bayern
1463296,1053061,Kastorf,23847,Kreis Herzogtum Lauenburg,Schleswig-Holstein
1402695,1054063,Katharinenheerd,25836,Kreis Nordfriesland,Schleswig-Holstein
1397830,3155007,Katlenburg-Lindau,37191,Landkreis Northeim,Niedersachsen
430468,1060045,Kattendorf,24568,Kreis Segeberg,Schleswig-Holstein
1253984,7333037,Katzenbach,67806,Donnersbergkreis,Rheinland-Pfalz
539712,7141068,Katzenelnbogen,56368,Rhein-Lahn-Kreis,Rheinland-Pfalz
1273281,16073037,Katzhütte,98746,Landkreis Saalfeld-Rudolstadt,Thüringen
1432695,13075059,Katzow,17509,Landkreis Vorpommern-Greifswald,Mecklenburg-Vorpommern
1186716,7335017,Katzweiler,67734,Landkreis Kaiserslautern,Rheinland-Pfalz
1075131,7233037,Katzwinkel,54552,Landkreis Vulkaneifel,Rheinland-Pfalz
421227,7132080,Katzwinkel (Sieg),57581,Landkreis Altenkirchen,Rheinland-Pfalz
539916,7141069,Kaub,56349,Rhein-Lahn-Kreis,Rheinland-Pfalz
1277277,16076034,Kauern,07554,Landkreis Greiz,Thüringen
62349,9762000,Kaufbeuren,87600,,Bayern
936640,9181128,Kaufering,86916,Landkreis Landsberg am Lech,Bayern
1115036,6633015,Kaufungen,34260,Landkreis Kassel,Hessen
1273360,16073038,Kaulsdorf,07338,Landkreis Saalfeld-Rudolstadt,Thüringen
421924,7132059,Kausen,57520,Landkreis Altenkirchen,Rheinland-Pfalz
422678,1060046,Kayhude,23863,Kreis Segeberg,Schleswig-Holstein
450111,6440013,Kefenrod,63699,Wetteraukreis,Hessen
452979,8317057,Kehl,77694,Ortenaukreis,Baden-Württemberg
540458,7141070,Kehlbach,56355,Rhein-Lahn-Kreis,Rheinland-Pfalz
2400595,16062024,Kehmstedt,99752,Landkreis Nordhausen,Thüringen
548044,7137043,Kehrig,56729,Landkreis Mayen-Koblenz,Rheinland-Pfalz
1241641,7140065,Keidelheim,55471,Rhein-Hunsrück-Kreis,Rheinland-Pfalz
2179170,16075047,Keila,07389,Saale-Orla-Kreis,Thüringen
1075155,7233218,Kelberg,53539,Landkreis Vulkaneifel,Rheinland-Pfalz
2397448,15087250,Kelbra (Kyffhäuser),06537,Landkreis Mansfeld-Südharz,Sachsen-Anhalt
956667,9273137,Kelheim,93309,Landkreis Kelheim,Bayern
414796,6436008,Kelkheim,65779,Main-Taunus-Kreis,Hessen
2813148,16061056,Kella,37308,Landkreis Eichsfeld,Thüringen
1256080,7235058,Kell am See,54427,Landkreis Trier-Saarburg,Rheinland-Pfalz
1244113,7133202,Kellenbach,55606,Landkreis Bad Kreuznach,Rheinland-Pfalz
382427,1055025,Kellenhusen,23746,Kreis Ostholstein,Schleswig-Holstein
450224,1061049,Kellinghusen,25548,Kreis Steinburg,Schleswig-Holstein
941079,9775132,Kellmünz a.d.Iller,89293,Landkreis Neu-Ulm,Bayern
444789,6433007,Kelsterbach,65451,Kreis Groß-Gerau,Hessen
57840,8236070,Keltern,75210,Enzkreis,Baden-Württemberg
1327713,15091160,Kemberg,06901,Landkreis Wittenberg,Sachsen-Anhalt
535687,7141071,Kemmenau,56132,Rhein-Lahn-Kreis,Rheinland-Pfalz
1077565,9471150,Kemmern,96164,Landkreis Bamberg,Bayern
975236,9377129,Kemnath,95478,Landkreis Tirschenreuth,Bayern
912077,13075060,Kemnitz,17509,Landkreis Vorpommern-Greifswald,Mecklenburg-Vorpommern
88725,5166012,Kempen,47906,Kreis Viersen,Nordrhein-Westfalen
1050571,7131502,Kempenich,56746,Landkreis Ahrweiler,Rheinland-Pfalz
1245129,7134046,Kempfeld,55758,Landkreis Birkenfeld,Rheinland-Pfalz
62701,9763000,Kempten (Allgäu),87435,,Bayern
62701,9763000,Kempten (Allgäu),87437,,Bayern
62701,9763000,Kempten (Allgäu),87439,,Bayern
1255894,7235060,Kenn,54344,Landkreis Trier-Saarburg,Rheinland-Pfalz
1427228,13071072,Kentzlin,17111,Landkreis Mecklenburgische Seenplatte,Mecklenburg-Vorpommern
1124273,8316020,Kenzingen,79341,Landkreis Emmendingen,Baden-Württemberg
374301,13073043,Kenz-Küstrow,18314,Landkreis Vorpommern-Rügen,Mecklenburg-Vorpommern
1171884,7232066,Keppeshausen,54673,Eifelkreis Bitburg-Prüm,Rheinland-Pfalz
543123,7137048,Kerben,56295,Landkreis Mayen-Koblenz,Rheinland-Pfalz
168002,5154028,Kerken,47647,Kreis Kleve,Nordrhein-Westfalen
401693,8119093,Kernen im Remstal,71394,Rems-Murr-Kreis,Baden-Württemberg
168483,5362032,Kerpen,50169,Rhein-Erft-Kreis,Nordrhein-Westfalen
168483,5362032,Kerpen,50170,Rhein-Erft-Kreis,Nordrhein-Westfalen
168483,5362032,Kerpen,50171,Rhein-Erft-Kreis,Nordrhein-Westfalen
331029,7233038,Kerpen (Eifel),54578,Landkreis Vulkaneifel,Rheinland-Pfalz
1076001,7233219,Kerschenbach,54589,Landkreis Vulkaneifel,Rheinland-Pfalz
1254496,7333038,Kerzenheim,67304,Donnersbergkreis,Rheinland-Pfalz
415722,7132060,Kescheid,57632,Landkreis Altenkirchen,Rheinland-Pfalz
1113761,7232247,Kesfeld,54619,Eifelkreis Bitburg-Prüm,Rheinland-Pfalz
1021832,7131039,Kesseling,53506,Landkreis Ahrweiler,Rheinland-Pfalz
1258360,7231066,Kesten,54518,Landkreis Bernkastel-Wittlich,Rheinland-Pfalz
539902,7141072,Kestert,56348,Rhein-Lahn-Kreis,Rheinland-Pfalz
454166,8226037,Ketsch,68775,Rhein-Neckar-Kreis,Baden-Württemberg
418892,7132061,Kettenhausen,57612,Landkreis Altenkirchen,Rheinland-Pfalz
1248575,7331042,Kettenheim,55234,Landkreis Alzey-Worms,Rheinland-Pfalz
2013413,3459023,Kettenkamp,49577,Landkreis Osnabrück,Niedersachsen
958642,9778221,Kettershausen,86498,Landkreis Unterallgäu,Bayern
548978,7137211,Kettig,56220,Landkreis Mayen-Koblenz,Rheinland-Pfalz
1240588,12063148,Ketzin/Havel,14669,Landkreis Havelland,Brandenburg
167982,5154032,Kevelaer,47623,Kreis Kleve,Nordrhein-Westfalen
167982,5154032,Kevelaer,47624,Kreis Kleve,Nordrhein-Westfalen
167982,5154032,Kevelaer,47625,Kreis Kleve,Nordrhein-Westfalen
167982,5154032,Kevelaer,47626,Kreis Kleve,Nordrhein-Westfalen
167982,5154032,Kevelaer,47627,Kreis Kleve,Nordrhein-Westfalen
1113750,7232248,Kickeshausen,54689,Eifelkreis Bitburg-Prüm,Rheinland-Pfalz
447193,1061050,Kiebitzreihe,25368,Kreis Steinburg,Schleswig-Holstein
407658,6439009,Kiedrich,65399,Rheingau-Taunus-Kreis,Hessen
2190046,9187148,Kiefersfelden,83088,Landkreis Rosenheim,Bayern
27021,1002000,Kiel,24103,,Schleswig-Holstein
27021,1002000,Kiel,24105,,Schleswig-Holstein
27021,1002000,Kiel,24106,,Schleswig-Holstein
27021,1002000,Kiel,24107,,Schleswig-Holstein
27021,1002000,Kiel,24109,,Schleswig-Holstein
27021,1002000,Kiel,24111,,Schleswig-Holstein
27021,1002000,Kiel,24113,,Schleswig-Holstein
27021,1002000,Kiel,24118,,Schleswig-Holstein
27021,1002000,Kiel,24143,,Schleswig-Holstein
27021,1002000,Kiel,24145,,Schleswig-Holstein
27021,1002000,Kiel,24146,,Schleswig-Holstein
27021,1002000,Kiel,24147,,Schleswig-Holstein
27021,1002000,Kiel,24148,,Schleswig-Holstein
27021,1002000,Kiel,24149,,Schleswig-Holstein
27021,1002000,Kiel,24159,,Schleswig-Holstein
941637,9189126,Kienberg,83361,Landkreis Traunstein,Bayern
168557,5962028,Kierspe,58566,Märkischer Kreis,Nordrhein-Westfalen
57844,8236031,Kieselbronn,75249,Enzkreis,Baden-Württemberg
1424156,13071073,Kieve,17209,Landkreis Mecklenburgische Seenplatte,Mecklenburg-Vorpommern
2857001,16071038,Kiliansroda,99441,Landkreis Weimarer Land,Thüringen
9206415,16068064,Kindelbrück,99638,Landkreis Sömmerda,Thüringen
1249739,7332029,Kindenheim,67271,Landkreis Bad Dürkheim,Rheinland-Pfalz
1258638,7231067,Kinderbeuern,54538,Landkreis Bernkastel-Wittlich,Rheinland-Pfalz
943546,9176137,Kinding,85125,Landkreis Eichstätt,Bayern
1253742,7335018,Kindsbach,66862,Landkreis Kaiserslautern,Rheinland-Pfalz
1258634,7231068,Kinheim,54538,Landkreis Bernkastel-Wittlich,Rheinland-Pfalz
933905,9181129,Kinsau,86981,Landkreis Landsberg am Lech,Bayern
1113740,7232249,Kinzenburg,54597,Eifelkreis Bitburg-Prüm,Rheinland-Pfalz
943545,9176138,Kipfenberg,85110,Landkreis Eichstätt,Bayern
453011,8317059,Kippenheim,77971,Ortenaukreis,Baden-Württemberg
451709,7143248,Kirburg,57629,Westerwaldkreis,Rheinland-Pfalz
941672,9189127,Kirchanschöring,83329,Landkreis Traunstein,Bayern
941672,9189127,Kirchanschöring,83417,Landkreis Traunstein,Bayern
410524,8125049,Kirchardt,74912,Landkreis Heilbronn,Baden-Württemberg
310394,1057033,Kirchbarkau,24245,Kreis Plön,Schleswig-Holstein
417711,14524130,Kirchberg,08107,Landkreis Zwickau,Sachsen
899537,7140067,Kirchberg,55481,Rhein-Hunsrück-Kreis,Rheinland-Pfalz
934753,9177124,Kirchberg,84434,Landkreis Erding,Bayern
2801100,8426065,Kirchberg an der Iller,88486,Landkreis Biberach,Baden-Württemberg
388817,8127046,Kirchberg an der Jagst,74592,Landkreis Schwäbisch Hall,Baden-Württemberg
400933,8119038,Kirchberg an der Murr,71737,Rems-Murr-Kreis,Baden-Württemberg
959157,9276126,Kirchberg i.Wald,94259,Landkreis Regen,Bayern
2014378,3255025,Kirchbrak,37619,Landkreis Holzminden,Niedersachsen
940709,9183123,Kirchdorf,83527,Landkreis Mühldorf am Inn,Bayern
956658,9273139,Kirchdorf,93348,Landkreis Kelheim,Bayern
1675313,3251021,Kirchdorf,27245,Landkreis Diepholz,Niedersachsen
957067,9277128,Kirchdorf am Inn,84375,Landkreis Rottal-Inn,Bayern
30016,9178136,Kirchdorf an der Amper,85414,Landkreis Freising,Bayern
2801148,8426066,Kirchdorf an der Iller,88457,Landkreis Biberach,Baden-Württemberg
959167,9276127,Kirchdorf im Wald,94261,Landkreis Regen,Bayern
1080457,9474143,Kirchehrenbach,91356,Landkreis Forchheim,Bayern
418139,7132062,Kircheib,57635,Landkreis Altenkirchen,Rheinland-Pfalz
1059430,9374128,Kirchendemenreuth,92665,Landkreis Neustadt an der Waldnaab,Bayern
1022867,9479129,Kirchenlamitz,95158,Landkreis Wunsiedel im Fichtelgebirge,Bayern
1070997,9472156,Kirchenpingarten,95466,Landkreis Bayreuth,Bayern
422321,7132063,Kirchen (Sieg),57548,Landkreis Altenkirchen,Rheinland-Pfalz
966143,9574135,Kirchensittenbach,91241,Landkreis Nürnberger Land,Bayern
2796987,8416022,Kirchentellinsfurt,72138,Landkreis Tübingen,Baden-Württemberg
1059447,9374129,Kirchenthumbach,91281,Landkreis Neustadt an der Waldnaab,Bayern
2395924,16061057,Kirchgandern,37318,Landkreis Eichsfeld,Thüringen
1712797,3355020,Kirchgellersen,21394,Landkreis Lüneburg,Niedersachsen
225495,6534011,Kirchhain,35274,Landkreis Marburg-Biedenkopf,Hessen
958105,9275130,Kirchham,94148,Landkreis Passau,Bayern
958257,9778157,Kirchhaslach,87755,Landkreis Unterallgäu,Bayern
2903165,16064033,Kirchheilingen,99947,Unstrut-Hainich-Kreis,Thüringen
162339,9679153,Kirchheim,97268,Landkreis Würzburg,Bayern
275108,6632011,Kirchheim,36275,Landkreis Hersfeld-Rotenburg,Hessen
405305,8118040,Kirchheim am Neckar,74366,Landkreis Ludwigsburg,Baden-Württemberg
915555,8136037,Kirchheim am Ries,73467,Ostalbkreis,Baden-Württemberg
1249675,7332030,Kirchheim an der Weinstraße,67281,Landkreis Bad Dürkheim,Rheinland-Pfalz
2168246,9184131,Kirchheim bei München,85551,Landkreis München,Bayern
1254070,7333039,Kirchheimbolanden,67292,Donnersbergkreis,Rheinland-Pfalz
957744,9778158,Kirchheim in Schwaben,87757,Landkreis Unterallgäu,Bayern
2793212,8116033,Kirchheim unter Teck,73230,Landkreis Esslingen,Baden-Württemberg
163175,5966016,Kirchhundem,57399,Kreis Olpe,Nordrhein-Westfalen
1451592,13076070,Kirch Jesar,19230,Landkreis Ludwigslust-Parchim,Mecklenburg-Vorpommern
388841,9674160,Kirchlauter,96166,Landkreis Haßberge,Bayern
147448,5758020,Kirchlengern,32278,Kreis Herford,Nordrhein-Westfalen
1182705,3361005,Kirchlinteln,27308,Landkreis Verden,Niedersachsen
288959,1057034,Kirchnüchel,23714,Kreis Plön,Schleswig-Holstein
959655,9278141,Kirchroth,94356,Landkreis Straubing-Bogen,Bayern
1021833,7131040,Kirchsahr,53505,Landkreis Ahrweiler,Rheinland-Pfalz
2012322,3458011,Kirchseelte,27243,Landkreis Oldenburg,Niedersachsen
929919,9175124,Kirchseeon,85614,Landkreis Ebersberg,Bayern
1402694,1054035,Kirchspiel Garding,25836,Kreis Nordfriesland,Schleswig-Holstein
965610,3357030,Kirchtimke,27412,Landkreis Rotenburg (Wümme),Niedersachsen
548045,7137049,Kirchwald,56729,Landkreis Mayen-Koblenz,Rheinland-Pfalz
965608,3357031,Kirchwalsede,27386,Landkreis Rotenburg (Wümme),Niedersachsen
942117,9171122,Kirchweidach,84558,Landkreis Altötting,Bayern
949976,7233039,Kirchweiler,54570,Landkreis Vulkaneifel,Rheinland-Pfalz
2294495,16061058,Kirchworbis,37339,Landkreis Eichsfeld,Thüringen
310540,8315064,Kirchzarten,79199,Landkreis Breisgau-Hochschwarzwald,Baden-Württemberg
393470,9676131,Kirchzell,63931,Landkreis Miltenberg,Bayern
1256033,7235062,Kirf,54441,Landkreis Trier-Saarburg,Rheinland-Pfalz
1184825,10045115,Kirkel,66459,Saarpfalz-Kreis,Saarland
611085,7133052,Kirn,55606,Landkreis Bad Kreuznach,Rheinland-Pfalz
1246769,7336050,Kirrweiler,67744,Landkreis Kusel,Rheinland-Pfalz
1252414,7337047,Kirrweiler,67489,Landkreis Südliche Weinstraße,Rheinland-Pfalz
1075141,7233220,Kirsbach,53539,Landkreis Vulkaneifel,Rheinland-Pfalz
2179171,16075048,Kirschkau,07919,Saale-Orla-Kreis,Thüringen
1244151,7133053,Kirschroth,55566,Landkreis Bad Kreuznach,Rheinland-Pfalz
1245144,7134047,Kirschweiler,55743,Landkreis Birkenfeld,Rheinland-Pfalz
418325,6535010,Kirtorf,36320,Vogelsbergkreis,Hessen
33211,1060047,Kisdorf,24629,Kreis Segeberg,Schleswig-Holstein
1241475,7140068,Kisselbach,56291,Rhein-Hunsrück-Kreis,Rheinland-Pfalz
1432644,3158021,Kissenbrück,38324,Landkreis Wolfenbüttel,Niedersachsen
161795,9771142,Kissing,86438,Landkreis Aichach-Friedberg,Bayern
2806740,8436052,Kißlegg,88353,Landkreis Ravensburg,Baden-Württemberg
163747,9679154,Kist,97270,Landkreis Würzburg,Bayern
1427704,13071074,Kittendorf,17153,Landkreis Mecklenburgische Seenplatte,Mecklenburg-Vorpommern
1476163,1053062,Kittlitz,23911,Kreis Herzogtum Lauenburg,Schleswig-Holstein
283610,9675141,Kitzingen,97318,Landkreis Kitzingen,Bayern
420482,14729220,Kitzscher,04567,Landkreis Leipzig,Sachsen
288962,1057035,Klamp,24321,Kreis Plön,Schleswig-Holstein
1418656,1054065,Klanxbüll,25924,Kreis Nordfriesland,Schleswig-Holstein
1149336,1059049,Klappholz,24860,Kreis Schleswig-Flensburg,Schleswig-Holstein
371513,13073044,Klausdorf,18445,Landkreis Vorpommern-Rügen,Mecklenburg-Vorpommern
1259130,7231069,Klausen,54524,Landkreis Bernkastel-Wittlich,Rheinland-Pfalz
935162,9772160,Kleinaitingen,86507,Landkreis Augsburg,Bayern
310392,1057037,Klein Barkau,24245,Kreis Plön,Schleswig-Holstein
1958441,13072053,Klein Belitz,18246,Landkreis Rostock,Mecklenburg-Vorpommern
1157659,1059050,Klein Bennebek,24848,Kreis Schleswig-Flensburg,Schleswig-Holstein
1157659,1059050,Klein Bennebek,24863,Kreis Schleswig-Flensburg,Schleswig-Holstein
2007858,3454024,Klein Berßen,49777,Landkreis Emsland,Niedersachsen
454540,10041514,Kleinblittersdorf,66271,Regionalverband Saarbrücken,Saarland
2778381,16074046,Kleinbockedra,07646,Saale-Holzland-Kreis,Thüringen
1250673,7340213,Kleinbundenbach,66501,Landkreis Südwestpfalz,Rheinland-Pfalz
1433748,13075061,Klein Bünzow,17390,Landkreis Vorpommern-Greifswald,Mecklenburg-Vorpommern
2778382,16074047,Kleinebersdorf,07646,Saale-Holzland-Kreis,Thüringen
1244185,8336107,Kleines Wiesental,79692,Landkreis Lörrach,Baden-Württemberg
2748639,16074048,Kleineutersdorf,07768,Saale-Holzland-Kreis,Thüringen
1252450,7337048,Kleinfischlingen,67483,Landkreis Südliche Weinstraße,Rheinland-Pfalz
2400497,16062026,Kleinfurra,99735,Landkreis Nordhausen,Thüringen
442913,1060048,Klein Gladebrügge,23795,Kreis Segeberg,Schleswig-Holstein
393501,9676132,Kleinheubach,63924,Landkreis Miltenberg,Bayern
1258372,7231070,Kleinich,54483,Landkreis Bernkastel-Wittlich,Rheinland-Pfalz
533991,9671135,Kleinkahl,63828,Landkreis Aschaffenburg,Bayern
410313,7332031,Kleinkarlbach,67271,Landkreis Bad Dürkheim,Rheinland-Pfalz
1108058,7232250,Kleinlangenfeld,54597,Eifelkreis Bitburg-Prüm,Rheinland-Pfalz
283684,9675142,Kleinlangheim,97355,Landkreis Kitzingen,Bayern
447955,12069304,Kleinmachnow,14532,Landkreis Potsdam-Mittelmark,Brandenburg
444330,7138034,Kleinmaischeid,56271,Landkreis Neuwied,Rheinland-Pfalz
1079026,3357032,Klein Meckelsen,27419,Landkreis Rotenburg (Wümme),Niedersachsen
2411317,16068032,Kleinmölsen,99198,Landkreis Sömmerda,Thüringen
2410095,16068033,Kleinneuhausen,99625,Landkreis Sömmerda,Thüringen
422691,7338015,Kleinniedesheim,67259,Rhein-Pfalz-Kreis,Rheinland-Pfalz
443950,1056029,Klein Nordende,25336,Kreis Pinneberg,Schleswig-Holstein
443947,1056030,Klein Offenseth-Sparrieshoop,25365,Kreis Pinneberg,Schleswig-Holstein
534351,9671136,Kleinostheim,63801,Landkreis Aschaffenburg,Bayern
1467512,1053064,Klein Pampau,21514,Kreis Herzogtum Lauenburg,Schleswig-Holstein
1157541,1059051,Klein Rheide,24848,Kreis Schleswig-Flensburg,Schleswig-Holstein
163744,9679155,Kleinrinderfeld,97271,Landkreis Würzburg,Bayern
1451562,13076071,Klein Rogahn,19073,Landkreis Ludwigslust-Parchim,Mecklenburg-Vorpommern
442932,1060049,Klein Rönnau,23795,Kreis Segeberg,Schleswig-Holstein
2857002,16071042,Kleinschwabhausen,99441,Landkreis Weimarer Land,Thüringen
1080441,9474144,Kleinsendelbach,91077,Landkreis Forchheim,Bayern
1250693,7340214,Kleinsteinhausen,66484,Landkreis Südwestpfalz,Rheinland-Pfalz
1444901,13074038,Klein Trebbow,19069,Landkreis Nordwestmecklenburg,Mecklenburg-Vorpommern
1964777,13072055,Klein Upahl,18276,Landkreis Rostock,Mecklenburg-Vorpommern
1419598,13071075,Klein Vielen,17237,Landkreis Mecklenburgische Seenplatte,Mecklenburg-Vorpommern
395349,9676133,Kleinwallstadt,63839,Landkreis Miltenberg,Bayern
532327,1062039,Klein Wesenberg,23860,Kreis Stormarn,Schleswig-Holstein
1245311,7339032,Klein-Winternheim,55270,Landkreis Mainz-Bingen,Rheinland-Pfalz
550777,1058088,Klein Wittensee,24361,Kreis Rendsburg-Eckernförde,Schleswig-Holstein
1476156,1053066,Klein Zecher,23883,Kreis Herzogtum Lauenburg,Schleswig-Holstein
1469215,1053067,Klempau,23628,Kreis Herzogtum Lauenburg,Schleswig-Holstein
1295595,12063161,Kleßen-Görne,14728,Landkreis Havelland,Brandenburg
288957,1057038,Kletkamp,24327,Kreis Plön,Schleswig-Holstein
2857003,16071043,Klettbach,99102,Landkreis Weimarer Land,Thüringen
1240391,8337062,Klettgau,79771,Landkreis Waldshut,Baden-Württemberg
1427217,13071076,Kletzin,17111,Landkreis Mecklenburgische Seenplatte,Mecklenburg-Vorpommern
167966,5154036,Kleve,47533,Kreis Kleve,Nordrhein-Westfalen
448557,1061052,Kleve,25554,Kreis Steinburg,Schleswig-Holstein
952228,1051060,Kleve,25776,Kreis Dithmarschen,Schleswig-Holstein
952228,1051060,Kleve,25779,Kreis Dithmarschen,Schleswig-Holstein
1269802,7135048,Kliding,56825,Landkreis Cochem-Zell,Rheinland-Pfalz
1284752,15090310,Klietz,39524,Landkreis Stendal,Sachsen-Anhalt
539704,7141073,Klingelbach,56368,Rhein-Lahn-Kreis,Rheinland-Pfalz
2673574,14628205,Klingenberg,01774,Landkreis Sächsische Schweiz-Osterzgebirge,Sachsen
394450,9676134,Klingenberg am Main,63911,Landkreis Miltenberg,Bayern
1252822,7337049,Klingenmünster,76889,Landkreis Südliche Weinstraße,Rheinland-Pfalz
443782,14523160,Klingenthal,08248,Vogtlandkreis,Sachsen
443782,14523160,Klingenthal,08267,Vogtlandkreis,Sachsen
1424299,13071077,Klink,17192,Landkreis Mecklenburgische Seenplatte,Mecklenburg-Vorpommern
1463295,1053068,Klinkrade,23898,Kreis Herzogtum Lauenburg,Schleswig-Holstein
549805,14627100,Klipphausen,01665,Landkreis Meißen,Sachsen
1420393,1054068,Klixbüll,25899,Kreis Nordfriesland,Schleswig-Holstein
1424314,13071078,Klocksin,17194,Landkreis Mecklenburgische Seenplatte,Mecklenburg-Vorpommern
1241649,7140070,Klosterkumbd,55469,Rhein-Hunsrück-Kreis,Rheinland-Pfalz
935173,9772162,Klosterlechfeld,86836,Landkreis Augsburg,Bayern
533502,12069306,Kloster Lehnin,14797,Landkreis Potsdam-Mittelmark,Brandenburg
2409461,15087260,Klostermansfeld,06308,Landkreis Mansfeld-Südharz,Sachsen-Anhalt
5818327,13076167,Kloster Tempzin,19412,Landkreis Ludwigslust-Parchim,Mecklenburg-Vorpommern
1273306,16069025,Kloster Veßra,98660,Landkreis Hildburghausen,Thüringen
1259311,7135049,Klotten,56818,Landkreis Cochem-Zell,Rheinland-Pfalz
1285575,15081280,Klötze,38486,Altmarkkreis Salzwedel,Sachsen-Anhalt
1245168,7140071,Kludenbach,55481,Rhein-Hunsrück-Kreis,Rheinland-Pfalz
1438069,13073045,Kluis,18569,Landkreis Vorpommern-Rügen,Mecklenburg-Vorpommern
2007907,3454025,Kluse,26892,Landkreis Emsland,Niedersachsen
1255899,7235063,Klüsserath,54340,Landkreis Trier-Saarburg,Rheinland-Pfalz
1479631,13074039,Klütz,23946,Landkreis Nordwestmecklenburg,Mecklenburg-Vorpommern
1479631,13074039,Klütz,23948,Landkreis Nordwestmecklenburg,Mecklenburg-Vorpommern
1444890,13074040,Kneese,19205,Landkreis Nordwestmecklenburg,Mecklenburg-Vorpommern
1432629,3158022,Kneitlingen,38170,Landkreis Wolfenbüttel,Niedersachsen
387772,9674163,Knetzgau,97478,Landkreis Haßberge,Bayern
1250395,7334014,Knittelsheim,76879,Landkreis Germersheim,Rheinland-Pfalz
156069,8236033,Knittlingen,75438,Enzkreis,Baden-Württemberg
1250995,7340215,Knopp-Labach,66917,Landkreis Südwestpfalz,Rheinland-Pfalz
1252636,7337050,Knöringen,76833,Landkreis Südliche Weinstraße,Rheinland-Pfalz
1427691,13071079,Knorrendorf,17091,Landkreis Mecklenburgische Seenplatte,Mecklenburg-Vorpommern
452209,6634011,Knüllwald,34593,Schwalm-Eder-Kreis,Hessen
454197,1053069,Koberg,23881,Kreis Herzogtum Lauenburg,Schleswig-Holstein
546637,7137212,Kobern-Gondorf,56330,Landkreis Mayen-Koblenz,Rheinland-Pfalz
1410906,13075063,Koblentz,17309,Landkreis Vorpommern-Greifswald,Mecklenburg-Vorpommern
62512,7111000,Koblenz,56068,,Rheinland-Pfalz
62512,7111000,Koblenz,56070,,Rheinland-Pfalz
62512,7111000,Koblenz,56072,,Rheinland-Pfalz
62512,7111000,Koblenz,56073,,Rheinland-Pfalz
62512,7111000,Koblenz,56075,,Rheinland-Pfalz
62512,7111000,Koblenz,56076,,Rheinland-Pfalz
62512,7111000,Koblenz,56077,,Rheinland-Pfalz
449936,13076072,Kobrow,19406,Landkreis Ludwigslust-Parchim,Mecklenburg-Vorpommern
935265,9173133,Kochel am See,82431,Landkreis Bad Tölz-Wolfratshausen,Bayern
935265,9173133,Kochel am See,82432,Landkreis Bad Tölz-Wolfratshausen,Bayern
1311140,14626230,Kodersdorf,02923,Landkreis Görlitz,Sachsen
1021688,9475141,Köditz,95189,Landkreis Hof,Bayern
1022760,9477127,Ködnitz,95361,Landkreis Kulmbach,Bayern
964625,9375161,Köfering,93096,Landkreis Regensburg,Bayern
1451580,13076073,Kogel,19246,Landkreis Ludwigslust-Parchim,Mecklenburg-Vorpommern
1059460,9374131,Kohlberg,92702,Landkreis Neustadt an der Waldnaab,Bayern
2796175,8116036,Kohlberg,72664,Landkreis Esslingen,Baden-Württemberg
176740,1057039,Köhn,24257,Kreis Plön,Schleswig-Holstein
2168247,9187150,Kolbermoor,83059,Landkreis Rosenheim,Bayern
1231966,8327030,Kolbingen,78600,Landkreis Tuttlingen,Baden-Württemberg
535014,7143249,Kölbingen,56459,Westerwaldkreis,Rheinland-Pfalz
1405169,1054070,Koldenbüttel,25840,Kreis Nordfriesland,Schleswig-Holstein
318308,9678150,Kolitzheim,97509,Landkreis Schweinfurt,Bayern
1415598,1054071,Kolkerheide,25862,Kreis Nordfriesland,Schleswig-Holstein
1322843,12071244,Kolkwitz,03099,Landkreis Spree-Neiße,Brandenburg
2410096,16068034,Kölleda,99625,Landkreis Sömmerda,Thüringen
543124,7137053,Kollig,56751,Landkreis Mayen-Koblenz,Rheinland-Pfalz
447190,1061118,Kollmar,25377,Kreis Steinburg,Schleswig-Holstein
453328,1061053,Kollmoor,25524,Kreis Steinburg,Schleswig-Holstein
959176,9276128,Kollnburg,94262,Landkreis Regen,Bayern
443949,1056031,Kölln-Reisiek,25337,Kreis Pinneberg,Schleswig-Holstein
1469081,1053071,Kollow,21527,Kreis Herzogtum Lauenburg,Schleswig-Holstein
1253796,7335019,Kollweiler,66879,Landkreis Kaiserslautern,Rheinland-Pfalz
62578,5315000,Köln,50667,,Nordrhein-Westfalen
62578,5315000,Köln,50668,,Nordrhein-Westfalen
62578,5315000,Köln,50670,,Nordrhein-Westfalen
62578,5315000,Köln,50672,,Nordrhein-Westfalen
62578,5315000,Köln,50674,,Nordrhein-Westfalen
62578,5315000,Köln,50676,,Nordrhein-Westfalen
62578,5315000,Köln,50677,,Nordrhein-Westfalen
62578,5315000,Köln,50678,,Nordrhein-Westfalen
62578,5315000,Köln,50679,,Nordrhein-Westfalen
62578,5315000,Köln,50733,,Nordrhein-Westfalen
62578,5315000,Köln,50735,,Nordrhein-Westfalen
62578,5315000,Köln,50737,,Nordrhein-Westfalen
62578,5315000,Köln,50739,,Nordrhein-Westfalen
62578,5315000,Köln,50765,,Nordrhein-Westfalen
62578,5315000,Köln,50767,,Nordrhein-Westfalen
62578,5315000,Köln,50769,,Nordrhein-Westfalen
62578,5315000,Köln,50823,,Nordrhein-Westfalen
62578,5315000,Köln,50825,,Nordrhein-Westfalen
62578,5315000,Köln,50827,,Nordrhein-Westfalen
62578,5315000,Köln,50829,,Nordrhein-Westfalen
62578,5315000,Köln,50858,,Nordrhein-Westfalen
62578,5315000,Köln,50859,,Nordrhein-Westfalen
62578,5315000,Köln,50931,,Nordrhein-Westfalen
62578,5315000,Köln,50933,,Nordrhein-Westfalen
62578,5315000,Köln,50935,,Nordrhein-Westfalen
62578,5315000,Köln,50937,,Nordrhein-Westfalen
62578,5315000,Köln,50939,,Nordrhein-Westfalen
62578,5315000,Köln,50968,,Nordrhein-Westfalen
62578,5315000,Köln,50969,,Nordrhein-Westfalen
62578,5315000,Köln,50996,,Nordrhein-Westfalen
62578,5315000,Köln,50997,,Nordrhein-Westfalen
62578,5315000,Köln,50999,,Nordrhein-Westfalen
62578,5315000,Köln,51061,,Nordrhein-Westfalen
62578,5315000,Köln,51063,,Nordrhein-Westfalen
62578,5315000,Köln,51065,,Nordrhein-Westfalen
62578,5315000,Köln,51067,,Nordrhein-Westfalen
62578,5315000,Köln,51069,,Nordrhein-Westfalen
62578,5315000,Köln,51103,,Nordrhein-Westfalen
62578,5315000,Köln,51105,,Nordrhein-Westfalen
62578,5315000,Köln,51107,,Nordrhein-Westfalen
62578,5315000,Köln,51109,,Nordrhein-Westfalen
62578,5315000,Köln,51143,,Nordrhein-Westfalen
62578,5315000,Köln,51145,,Nordrhein-Westfalen
62578,5315000,Köln,51147,,Nordrhein-Westfalen
62578,5315000,Köln,51149,,Nordrhein-Westfalen
62578,5315000,Köln,51467,,Nordrhein-Westfalen
1075150,7233222,Kolverath,56767,Landkreis Vulkaneifel,Rheinland-Pfalz
1258356,7231071,Kommen,54472,Landkreis Bernkastel-Wittlich,Rheinland-Pfalz
2792776,8116035,Köngen,73257,Landkreis Esslingen,Baden-Württemberg
1245831,7339033,Köngernheim,55278,Landkreis Mainz-Bingen,Rheinland-Pfalz
401804,8128061,Königheim,97953,Main-Tauber-Kreis,Baden-Württemberg
1244111,7133203,Königsau,55606,Landkreis Bad Kreuznach,Rheinland-Pfalz
63058,8236076,Königsbach-Stein,75203,Enzkreis,Baden-Württemberg
388845,9674164,Königsberg in Bayern,97486,Landkreis Haßberge,Bayern
2792008,8135025,Königsbronn,89551,Landkreis Heidenheim,Baden-Württemberg
913783,14625270,Königsbrück,01936,Landkreis Bautzen,Sachsen
935170,9772163,Königsbrunn,86343,Landkreis Augsburg,Bayern
935160,9173134,Königsdorf,82549,Landkreis Bad Tölz-Wolfratshausen,Bayern
2666083,16073112,Königsee,07426,Landkreis Saalfeld-Rudolstadt,Thüringen
2808133,8436053,Königseggwald,88376,Landkreis Ravensburg,Baden-Württemberg
414700,14522280,Königsfeld,09306,Landkreis Mittelsachsen,Sachsen
1050576,7131041,Königsfeld,53426,Landkreis Ahrweiler,Rheinland-Pfalz
1077548,9471151,Königsfeld,96167,Landkreis Bamberg,Bayern
1444873,13074042,Königsfeld,19217,Landkreis Nordwestmecklenburg,Mecklenburg-Vorpommern
1242297,8326031,Königsfeld im Schwarzwald,78126,Schwarzwald-Baar-Kreis,Baden-Württemberg
1311108,14626240,Königshain,02829,Landkreis Görlitz,Sachsen
414484,14522290,Königshain-Wiederau,09306,Landkreis Mittelsachsen,Sachsen
1231970,8327029,Königsheim,78598,Landkreis Tuttlingen,Baden-Württemberg
556653,1058089,Königshügel,24799,Kreis Rendsburg-Eckernförde,Schleswig-Holstein
1446661,3154013,Königslutter am Elm,38154,Landkreis Helmstedt,Niedersachsen
335195,3353022,Königsmoor,21255,Landkreis Harburg,Niedersachsen
943730,9185163,Königsmoos,86669,Landkreis Neuburg-Schrobenhausen,Bayern
534526,14628210,Königstein,01824,Landkreis Sächsische Schweiz-Osterzgebirge,Sachsen
1028542,9371135,Königstein,92281,Landkreis Amberg-Sulzbach,Bayern
418253,6434005,Königstein im Taunus,61462,Hochtaunuskreis,Hessen
536632,14521340,Königswalde,09471,Erzgebirgskreis,Sachsen
1307708,14625280,Königswartha - Rakecy,02699,Landkreis Bautzen,Sachsen
173113,5382024,Königswinter,53639,Rhein-Sieg-Kreis,Nordrhein-Westfalen
55777,12061260,Königs Wusterhausen,15711,Landkreis Dahme-Spreewald,Brandenburg
55777,12061260,Königs Wusterhausen,15712,Landkreis Dahme-Spreewald,Brandenburg
55777,12061260,Königs Wusterhausen,15713,Landkreis Dahme-Spreewald,Brandenburg
1246585,7336052,Konken,66871,Landkreis Kusel,Rheinland-Pfalz
390045,15089195,Könnern,06420,Salzlandkreis,Sachsen-Anhalt
968896,9377131,Konnersreuth,95692,Landkreis Tirschenreuth,Bayern
568493,9475142,Konradsreuth,95176,Landkreis Hof,Bayern
2784842,8335043,Konstanz,78462,Landkreis Konstanz,Baden-Württemberg
2784842,8335043,Konstanz,78464,Landkreis Konstanz,Baden-Württemberg
2784842,8335043,Konstanz,78465,Landkreis Konstanz,Baden-Württemberg
2784842,8335043,Konstanz,78467,Landkreis Konstanz,Baden-Württemberg
1255968,7235068,Konz,54329,Landkreis Trier-Saarburg,Rheinland-Pfalz
959636,9278143,Konzell,94357,Landkreis Straubing-Bogen,Bayern
1074558,7233223,Kopp,54574,Landkreis Vulkaneifel,Rheinland-Pfalz
401698,8119041,Korb,71404,Rems-Murr-Kreis,Baden-Württemberg
198578,6635015,Korbach,34497,Landkreis Waldeck-Frankenberg,Hessen
198578,6635015,Korbach,34513,Landkreis Waldeck-Frankenberg,Hessen
1246586,7336051,Körborn,66871,Landkreis Kusel,Rheinland-Pfalz
2531760,16076036,Korbußen,07554,Landkreis Greiz,Thüringen
1255895,7235069,Kordel,54306,Landkreis Trier-Saarburg,Rheinland-Pfalz
539706,7141074,Kördorf,56370,Rhein-Lahn-Kreis,Rheinland-Pfalz
452210,6634012,Körle,34327,Schwalm-Eder-Kreis,Hessen
1256952,7235070,Korlingen,54317,Landkreis Trier-Saarburg,Rheinland-Pfalz
1267867,16064037,Körner,99998,Unstrut-Hainich-Kreis,Thüringen
405811,8118080,Korntal-Münchingen,70825,Landkreis Ludwigsburg,Baden-Württemberg
405293,8118046,Kornwestheim,70806,Landkreis Ludwigsburg,Baden-Württemberg
1171873,7232067,Körperich,54675,Eifelkreis Bitburg-Prüm,Rheinland-Pfalz
168487,5162020,Korschenbroich,41352,Rhein-Kreis Neuss,Nordrhein-Westfalen
1433087,13075065,Korswandt,17419,Landkreis Vorpommern-Greifswald,Mecklenburg-Vorpommern
1204713,7140073,Korweiler,56288,Rhein-Hunsrück-Kreis,Rheinland-Pfalz
943540,9176139,Kösching,85092,Landkreis Eichstätt,Bayern
557145,1058090,Kosel,24354,Kreis Rendsburg-Eckernförde,Schleswig-Holstein
1433089,13075066,Koserow,17459,Landkreis Vorpommern-Greifswald,Mecklenburg-Vorpommern
2179174,16075051,Kospoda,07806,Saale-Orla-Kreis,Thüringen
958100,9275131,Kößlarn,94149,Landkreis Passau,Bayern
454198,1062040,Köthel,22929,Kreis Stormarn,Schleswig-Holstein
1465975,1053070,Köthel,22929,Kreis Herzogtum Lauenburg,Schleswig-Holstein
2090553,15082180,Köthen (Anhalt),06366,Landkreis Anhalt-Bitterfeld,Sachsen-Anhalt
2090553,15082180,Köthen (Anhalt),06369,Landkreis Anhalt-Bitterfeld,Sachsen-Anhalt
2090553,15082180,Köthen (Anhalt),06388,Landkreis Anhalt-Bitterfeld,Sachsen-Anhalt
1060438,7131042,Kottenborn,53518,Landkreis Ahrweiler,Rheinland-Pfalz
548046,7137055,Kottenheim,56736,Landkreis Mayen-Koblenz,Rheinland-Pfalz
1075139,7233221,Kötterichen,56767,Landkreis Vulkaneifel,Rheinland-Pfalz
933545,9179131,Kottgeisering,82288,Landkreis Fürstenfeldbruck,Bayern
2754880,14626245,Kottmar,02708,Landkreis Görlitz,Sachsen
2754880,14626245,Kottmar,02739,Landkreis Görlitz,Sachsen
1253802,7335020,Kottweiler-Schwanden,66879,Landkreis Kaiserslautern,Rheinland-Pfalz
964463,9774148,Kötz,89359,Landkreis Günzburg,Bayern
1333695,12063165,Kotzen,14715,Landkreis Havelland,Brandenburg
1402693,1054072,Kotzenbüll,25832,Kreis Nordfriesland,Schleswig-Holstein
1260240,7235067,Köwerich,54340,Landkreis Trier-Saarburg,Rheinland-Pfalz
1171857,7232068,Koxhausen,54673,Eifelkreis Bitburg-Prüm,Rheinland-Pfalz
418136,7132064,Kraam,57635,Landkreis Altenkirchen,Rheinland-Pfalz
1407736,13075067,Krackow,17329,Landkreis Vorpommern-Greifswald,Mecklenburg-Vorpommern
970122,7233040,Kradenbach,54552,Landkreis Vulkaneifel,Rheinland-Pfalz
448112,9777144,Kraftisried,87647,Landkreis Ostallgäu,Bayern
2787179,16076089,Kraftsdorf,07586,Landkreis Greiz,Thüringen
1250986,7340216,Krähenberg,66894,Landkreis Südwestpfalz,Rheinland-Pfalz
941066,9183124,Kraiburg,84559,Landkreis Mühldorf am Inn,Bayern
659843,8215097,Kraichtal,76703,Landkreis Karlsruhe,Baden-Württemberg
932431,9188127,Krailling,82152,Landkreis Starnberg,Bayern
932431,9188127,Krailling,82349,Landkreis Starnberg,Bayern
1964778,13072056,Krakow am See,18292,Landkreis Rostock,Mecklenburg-Vorpommern
371492,13073046,Kramerhof,18445,Landkreis Vorpommern-Rügen,Mecklenburg-Vorpommern
167957,5154040,Kranenburg,47559,Kreis Kleve,Nordrhein-Westfalen
445731,3359029,Kranenburg,21726,Landkreis Stade,Niedersachsen
2857004,16071046,Kranichfeld,99448,Landkreis Weimarer Land,Thüringen
30010,9178137,Kranzberg,85402,Landkreis Freising,Bayern
1419601,13071080,Kratzeburg,17237,Landkreis Mecklenburgische Seenplatte,Mecklenburg-Vorpommern
1182302,7140075,Kratzenburg,56283,Rhein-Hunsrück-Kreis,Rheinland-Pfalz
2805975,8437065,Krauchenwies,72505,Landkreis Sigmaringen,Baden-Württemberg
1311127,14626250,Krauschwitz - Krušwica,02957,Landkreis Görlitz,Sachsen
1389279,12061265,Krausnick-Groß Wasserburg,15910,Landkreis Dahme-Spreewald,Brandenburg
1268971,16063046,Krauthausen,99819,Wartburgkreis,Thüringen
376875,8126045,Krautheim,74238,Hohenlohekreis,Baden-Württemberg
1113731,7232253,Krautscheid,54673,Eifelkreis Bitburg-Prüm,Rheinland-Pfalz
3409926,16063101,Krayenberggemeinde,36460,Wartburgkreis,Thüringen
1311119,14626260,Kreba-Neudorf - Chrjebja-Nowa Wjes,02906,Landkreis Görlitz,Sachsen
1399099,3159022,Krebeck,37434,Landkreis Göttingen,Niedersachsen
62748,5114000,Krefeld,47798,,Nordrhein-Westfalen
62748,5114000,Krefeld,47799,,Nordrhein-Westfalen
62748,5114000,Krefeld,47800,,Nordrhein-Westfalen
62748,5114000,Krefeld,47802,,Nordrhein-Westfalen
62748,5114000,Krefeld,47803,,Nordrhein-Westfalen
62748,5114000,Krefeld,47804,,Nordrhein-Westfalen
62748,5114000,Krefeld,47805,,Nordrhein-Westfalen
62748,5114000,Krefeld,47807,,Nordrhein-Westfalen
62748,5114000,Krefeld,47809,,Nordrhein-Westfalen
62748,5114000,Krefeld,47829,,Nordrhein-Westfalen
62748,5114000,Krefeld,47839,,Nordrhein-Westfalen
449880,13076075,Kreien,19386,Landkreis Ludwigslust-Parchim,Mecklenburg-Vorpommern
1246673,7336053,Kreimbach-Kaulbach,67757,Landkreis Kusel,Rheinland-Pfalz
455482,14628220,Kreischa,01731,Landkreis Sächsische Schweiz-Osterzgebirge,Sachsen
1444917,13074043,Krembz,19205,Landkreis Nordwestmecklenburg,Mecklenburg-Vorpommern
1303471,12062282,Kremitzaue,04916,Landkreis Elbe-Elster,Brandenburg
1303471,12062282,Kremitzaue,04936,Landkreis Elbe-Elster,Brandenburg
1310104,12065165,Kremmen,16766,Landkreis Oberhavel,Brandenburg
1451599,13076076,Kremmin,19300,Landkreis Ludwigslust-Parchim,Mecklenburg-Vorpommern
447198,1061054,Krempdorf,25361,Kreis Steinburg,Schleswig-Holstein
447198,1061054,Krempdorf,25376,Kreis Steinburg,Schleswig-Holstein
447314,1061055,Krempe,25361,Kreis Steinburg,Schleswig-Holstein
952215,1051061,Krempel,25774,Kreis Dithmarschen,Schleswig-Holstein
447348,1061056,Kremperheide,25569,Kreis Steinburg,Schleswig-Holstein
447347,1061057,Krempermoor,25569,Kreis Steinburg,Schleswig-Holstein
442919,1060050,Krems II,23827,Kreis Segeberg,Schleswig-Holstein
390788,8127101,Kreßberg,74594,Landkreis Schwäbisch Hall,Baden-Württemberg
2783738,8435029,Kressbronn am Bodensee,88079,Bodenseekreis,Baden-Württemberg
544321,7137056,Kretz,56630,Landkreis Mayen-Koblenz,Rheinland-Pfalz
2404547,15084275,Kretzschau,06712,Burgenlandkreis,Sachsen-Anhalt
935952,9182124,Kreuth,83708,Landkreis Miesbach,Bayern
163314,5358028,Kreuzau,52372,Kreis Düren,Nordrhein-Westfalen
163254,5970024,Kreuztal,57223,Kreis Siegen-Wittgenstein,Nordrhein-Westfalen
336534,9677151,Kreuzwertheim,97892,Landkreis Main-Spessart,Bayern
1186688,7335021,Krickenbach,67706,Landkreis Kaiserslautern,Rheinland-Pfalz
2778479,16077022,Kriebitzsch,04617,Landkreis Altenburger Land,Thüringen
403127,14522300,Kriebstein,09648,Landkreis Mittelsachsen,Sachsen
1254057,7333040,Kriegsfeld,67819,Donnersbergkreis,Rheinland-Pfalz
1432553,13075068,Krien,17391,Landkreis Vorpommern-Greifswald,Mecklenburg-Vorpommern
1427903,13071081,Kriesow,17091,Landkreis Mecklenburgische Seenplatte,Mecklenburg-Vorpommern
414746,6436009,Kriftel,65830,Main-Taunus-Kreis,Hessen
394344,13072057,Kritzmow,18198,Landkreis Rostock,Mecklenburg-Vorpommern
449882,13076077,Kritzow,19386,Landkreis Ludwigslust-Parchim,Mecklenburg-Vorpommern
553542,1058091,Krogaspe,24644,Kreis Rendsburg-Eckernförde,Schleswig-Holstein
251070,1057040,Krokau,24217,Kreis Plön,Schleswig-Holstein
2179175,16075129,Krölpa,07387,Saale-Orla-Kreis,Thüringen
534002,9671138,Krombach,63829,Landkreis Aschaffenburg,Bayern
2813121,16061062,Krombach,37308,Landkreis Eichsfeld,Thüringen
62428,9162000,München,81671,,Bayern
1021756,9476145,Kronach,96317,Landkreis Kronach,Bayern
659805,8215039,Kronau,76709,Landkreis Karlsruhe,Baden-Württemberg
418112,6434006,Kronberg im Taunus,61476,Hochtaunuskreis,Hessen
958689,9778161,Kronburg,87758,Landkreis Unterallgäu,Bayern
191351,9274145,Kröning,84178,Landkreis Landshut,Bayern
935302,1051062,Kronprinzenkoog,25709,Kreis Dithmarschen,Schleswig-Holstein
1145088,1059136,Kronsgaard,24395,Kreis Schleswig-Flensburg,Schleswig-Holstein
554770,1058092,Kronshagen,24119,Kreis Rendsburg-Eckernförde,Schleswig-Holstein
450521,1061058,Kronsmoor,25597,Kreis Steinburg,Schleswig-Holstein
1244315,7134048,Kronweiler,55767,Landkreis Birkenfeld,Rheinland-Pfalz
394329,13072058,Kröpelin,18236,Landkreis Rostock,Mecklenburg-Vorpommern
1187306,1059053,Kropp,24848,Kreis Schleswig-Flensburg,Schleswig-Holstein
453162,7143250,Kroppach,57612,Westerwaldkreis,Rheinland-Pfalz
158674,1053072,Kröppelshagen-Fahrendorf,21039,Kreis Herzogtum Lauenburg,Schleswig-Holstein
158674,1053072,Kröppelshagen-Fahrendorf,21529,Kreis Herzogtum Lauenburg,Schleswig-Holstein
1314283,12066168,Kroppen,01945,Landkreis Oberspreewald-Lausitz,Brandenburg
1251155,7340026,Kröppen,66957,Landkreis Südwestpfalz,Rheinland-Pfalz
1286643,15083355,Kroppenstedt,39397,Landkreis Börde,Sachsen-Anhalt
1432700,13075069,Kröslin,17440,Landkreis Vorpommern-Greifswald,Mecklenburg-Vorpommern
445990,14730150,Krostitz,04509,Landkreis Nordsachsen,Sachsen
1246491,7336054,Krottelbach,66909,Landkreis Kusel,Rheinland-Pfalz
1258632,7231072,Kröv,54536,Landkreis Bernkastel-Wittlich,Rheinland-Pfalz
1171846,7232069,Kruchten,54675,Eifelkreis Bitburg-Prüm,Rheinland-Pfalz
1427538,13075070,Kruckow,17129,Landkreis Vorpommern-Greifswald,Mecklenburg-Vorpommern
544322,7137057,Kruft,56642,Landkreis Mayen-Koblenz,Rheinland-Pfalz
1410889,13075071,Krugsdorf,17309,Landkreis Vorpommern-Greifswald,Mecklenburg-Vorpommern
1469087,1053074,Krukow,21483,Kreis Herzogtum Lauenburg,Schleswig-Holstein
444105,9774150,Krumbach (Schwaben),86381,Landkreis Günzburg,Bayern
165897,1057041,Krummbek,24217,Kreis Plön,Schleswig-Holstein
533586,7143041,Krümmel,56244,Westerwaldkreis,Rheinland-Pfalz
1245099,7134049,Krummenau,55483,Landkreis Birkenfeld,Rheinland-Pfalz
446466,3359030,Krummendeich,21732,Landkreis Stade,Niedersachsen
448545,1061059,Krummendiek,25554,Kreis Steinburg,Schleswig-Holstein
975237,9377132,Krummennaab,92703,Landkreis Tirschenreuth,Bayern
1463075,1053075,Krummesse,23628,Kreis Herzogtum Lauenburg,Schleswig-Holstein
898636,3452014,Krummhörn,26736,Landkreis Aurich,Niedersachsen
1432371,13075072,Krummin,17440,Landkreis Vorpommern-Greifswald,Mecklenburg-Vorpommern
548500,1058093,Krummwisch,24796,Kreis Rendsburg-Eckernförde,Schleswig-Holstein
418260,1051063,Krumstedt,25727,Kreis Dithmarschen,Schleswig-Holstein
939340,9180122,Krün,82467,Landkreis Garmisch-Partenkirchen,Bayern
939340,9180122,Krün,82493,Landkreis Garmisch-Partenkirchen,Bayern
939340,9180122,Krün,82494,Landkreis Garmisch-Partenkirchen,Bayern
415006,7132065,Krunkel,56593,Landkreis Altenkirchen,Rheinland-Pfalz
1432554,13075073,Krusenfelde,17391,Landkreis Vorpommern-Greifswald,Mecklenburg-Vorpommern
1515587,13074044,Krusenhagen,23974,Landkreis Nordwestmecklenburg,Mecklenburg-Vorpommern
1469079,1053073,Krüzen,21483,Kreis Herzogtum Lauenburg,Schleswig-Holstein
1419912,13071083,Kublank,17349,Landkreis Mecklenburgische Seenplatte,Mecklenburg-Vorpommern
1309658,14625290,Kubschütz - Kubšicy,02627,Landkreis Bautzen,Sachsen
1965799,13072059,Kuchelmiß,18292,Landkreis Rostock,Mecklenburg-Vorpommern
2772186,8117033,Kuchen,73329,Landkreis Göppingen,Baden-Württemberg
2000657,13071173,Kuckssee,17217,Landkreis Mecklenburgische Seenplatte,Mecklenburg-Vorpommern
1466068,1053076,Kuddewörde,22958,Kreis Herzogtum Lauenburg,Schleswig-Holstein
943943,1051064,Kuden,25712,Kreis Dithmarschen,Schleswig-Holstein
448013,1061060,Kudensee,25572,Kreis Steinburg,Schleswig-Holstein
1250427,7334015,Kuhardt,76773,Landkreis Germersheim,Rheinland-Pfalz
161966,9771144,Kühbach,86556,Landkreis Aichach-Friedberg,Bayern
1285600,15081290,Kuhfelde,29416,Altmarkkreis Salzwedel,Sachsen-Anhalt
445850,9772166,Kühlenthal,86707,Landkreis Augsburg,Bayern
449948,13076078,Kuhlen-Wendorf,19412,Landkreis Ludwigslust-Parchim,Mecklenburg-Vorpommern
394350,13072060,Kühlungsborn,18225,Landkreis Rostock,Mecklenburg-Vorpommern
2828163,16066038,Kühndorf,98547,Landkreis Schmalkalden-Meiningen,Thüringen
534481,7143251,Kuhnhöfen,56244,Westerwaldkreis,Rheinland-Pfalz
310398,1057042,Kühren,24211,Kreis Plön,Schleswig-Holstein
1976640,13072061,Kuhs,18276,Landkreis Rostock,Mecklenburg-Vorpommern
1464848,1053077,Kühsen,23898,Kreis Herzogtum Lauenburg,Schleswig-Holstein
1451507,13076079,Kuhstorf,19230,Landkreis Ludwigslust-Parchim,Mecklenburg-Vorpommern
422748,1060051,Kükels,23829,Kreis Segeberg,Schleswig-Holstein
2515183,16061063,Küllstedt,37359,Landkreis Eichsfeld,Thüringen
975286,9377133,Kulmain,95508,Landkreis Tirschenreuth,Bayern
1022764,9477128,Kulmbach,95326,Landkreis Kulmbach,Bayern
1022764,9477128,Kulmbach,96369,Landkreis Kulmbach,Bayern
1470174,1053078,Kulpin,23911,Kreis Herzogtum Lauenburg,Schleswig-Holstein
401803,8128064,Külsheim,97900,Main-Tauber-Kreis,Baden-Württemberg
1241642,7140076,Külz (Hunsrück),55471,Rhein-Hunsrück-Kreis,Rheinland-Pfalz
1241625,7140077,Kümbdchen,55471,Rhein-Hunsrück-Kreis,Rheinland-Pfalz
191258,9274146,Kumhausen,84036,Landkreis Landshut,Bayern
443359,1056032,Kummerfeld,25495,Kreis Pinneberg,Schleswig-Holstein
1289790,12070222,Kümmernitztal,16945,Landkreis Prignitz,Brandenburg
1427278,13071084,Kummerow,17139,Landkreis Mecklenburgische Seenplatte,Mecklenburg-Vorpommern
1028540,9371136,Kümmersbruck,92245,Landkreis Amberg-Sulzbach,Bayern
453163,7143252,Kundert,57629,Westerwaldkreis,Rheinland-Pfalz
1080504,9474145,Kunreuth,91358,Landkreis Forchheim,Bayern
454880,6631017,Künzell,36093,Landkreis Fulda,Hessen
362660,8126046,Künzelsau,74653,Hohenlohekreis,Baden-Württemberg
959819,9271128,Künzing,94550,Landkreis Deggendorf,Bayern
1022776,9477129,Kupferberg,95362,Landkreis Kulmbach,Bayern
374448,8126047,Kupferzell,74635,Hohenlohekreis,Baden-Württemberg
907229,8216024,Kuppenheim,76456,Landkreis Rastatt,Baden-Württemberg
1021760,9476146,Küps,96328,Landkreis Kronach,Bayern
182347,9679156,Kürnach,97273,Landkreis Würzburg,Bayern
659841,8215040,Kürnbach,75057,Landkreis Karlsruhe,Baden-Württemberg
173105,5378012,Kürten,51515,Rheinisch-Bergischer Kreis,Nordrhein-Westfalen
444706,7138036,Kurtscheid,56581,Landkreis Neuwied,Rheinland-Pfalz
1246590,7336055,Kusel,66869,Landkreis Kusel,Rheinland-Pfalz
2786236,8337125,Küssaberg,79790,Landkreis Waldshut,Baden-Württemberg
1818752,3354013,Küsten,29482,Landkreis Lüchow-Dannenberg,Niedersachsen
2778683,8416023,Kusterdingen,72127,Landkreis Tübingen,Baden-Württemberg
2778683,8416023,Kusterdingen,72138,Landkreis Tübingen,Baden-Württemberg
1332925,12064266,Küstriner Vorland,15328,Landkreis Märkisch-Oderland,Brandenburg
445805,3359031,Kutenholz,27449,Landkreis Stade,Niedersachsen
452560,9772167,Kutzenhausen,86500,Landkreis Augsburg,Bayern
2903166,16064038,Kutzleben,99955,Unstrut-Hainich-Kreis,Thüringen
2388706,16065085,Kyffhäuserland,99707,Kyffhäuserkreis,Thüringen
1140564,7232070,Kyllburg,54655,Eifelkreis Bitburg-Prüm,Rheinland-Pfalz
1140571,7232071,Kyllburgweiler,54655,Eifelkreis Bitburg-Prüm,Rheinland-Pfalz
1302369,12068264,Kyritz,16866,Landkreis Ostprignitz-Ruppin,Brandenburg
965015,9375162,Laaber,93164,Landkreis Regensburg,Bayern
9682019,13072062,Laage,18299,Landkreis Rostock,Mecklenburg-Vorpommern
2014214,3456012,Laar,49824,Landkreis Grafschaft Bentheim,Niedersachsen
2778383,16074049,Laasdorf,07646,Saale-Holzland-Kreis,Thüringen
2012733,3241009,Laatzen,30880,Region Hannover,Niedersachsen
1469171,1053079,Labenz,23898,Kreis Herzogtum Lauenburg,Schleswig-Holstein
959651,9278144,Laberweinting,84082,Landkreis Straubing-Bogen,Bayern
288261,1057043,Laboe,24235,Kreis Plön,Schleswig-Holstein
958670,9778162,Lachen,87760,Landkreis Unterallgäu,Bayern
1797686,3351016,Lachendorf,29331,Landkreis Celle,Niedersachsen
155443,5566032,Ladbergen,49549,Kreis Steinfurt,Nordrhein-Westfalen
1417212,1054073,Ladelund,25926,Kreis Nordfriesland,Schleswig-Holstein
454172,8226038,Ladenburg,68526,Rhein-Neckar-Kreis,Baden-Württemberg
155782,5566036,Laer,48366,Kreis Steinfurt,Nordrhein-Westfalen
142650,5766040,Lage,32791,Kreis Lippe,Nordrhein-Westfalen
2014148,3456013,Lage,49828,Landkreis Grafschaft Bentheim,Niedersachsen
450520,1061061,Lägerdorf,25566,Kreis Steinburg,Schleswig-Holstein
1748594,3454026,Lähden,49774,Landkreis Emsland,Niedersachsen
2007807,3454027,Lahn,49757,Landkreis Emsland,Niedersachsen
215979,6532015,Lahnau,35633,Lahn-Dill-Kreis,Hessen
450079,7141075,Lahnstein,56112,Rhein-Lahn-Kreis,Rheinland-Pfalz
450079,7141075,Lahnstein,56130,Rhein-Lahn-Kreis,Rheinland-Pfalz
225489,6534012,Lahntal,35094,Landkreis Marburg-Biedenkopf,Hessen
1171879,7232072,Lahr,54675,Eifelkreis Bitburg-Prüm,Rheinland-Pfalz
1266505,7140502,Lahr,56288,Rhein-Hunsrück-Kreis,Rheinland-Pfalz
453002,8317065,Lahr/Schwarzwald,77933,Ortenaukreis,Baden-Württemberg
2788066,8425071,Laichingen,89150,Alb-Donau-Kreis,Baden-Württemberg
1976641,13072063,Lalendorf,18279,Landkreis Rostock,Mecklenburg-Vorpommern
959807,9271130,Lalling,94551,Landkreis Deggendorf,Bayern
959923,9372138,Lam,93462,Landkreis Cham,Bayern
1113764,7232254,Lambertsberg,54649,Eifelkreis Bitburg-Prüm,Rheinland-Pfalz
1252333,7332032,Lambrecht,67466,Landkreis Bad Dürkheim,Rheinland-Pfalz
394345,13072064,Lambrechtshagen,18069,Landkreis Rostock,Mecklenburg-Vorpommern
1253812,7335201,Lambsborn,66894,Landkreis Kaiserslautern,Rheinland-Pfalz
418408,7338016,Lambsheim,67245,Rhein-Pfalz-Kreis,Rheinland-Pfalz
442781,9777145,Lamerdingen,86862,Landkreis Ostallgäu,Bayern
289961,1057044,Lammershagen,24238,Kreis Plön,Schleswig-Holstein
1256085,7235072,Lampaden,54316,Landkreis Trier-Saarburg,Rheinland-Pfalz
537050,6431013,Lampertheim,68623,Kreis Bergstraße,Hessen
551154,14627110,Lampertswalde,01561,Landkreis Meißen,Sachsen
6681691,3254044,Lamspringe,31195,Landkreis Hildesheim,Niedersachsen
445757,3352029,Lamstedt,21769,Landkreis Cuxhaven,Niedersachsen
1437798,13073048,Lancken-Granitz,18586,Landkreis Vorpommern-Rügen,Mecklenburg-Vorpommern
959908,9279122,Landau an der Isar,94405,Landkreis Dingolfing-Landau,Bayern
62391,7313000,Landau in der Pfalz,76829,,Rheinland-Pfalz
964241,9774151,Landensberg,89361,Landkreis Günzburg,Bayern
1183254,3256017,Landesbergen,31628,Landkreis Nienburg/Weser,Niedersachsen
1259832,7135051,Landkern,56814,Landkreis Cochem-Zell,Rheinland-Pfalz
1399093,3159023,Landolfshausen,37136,Landkreis Göttingen,Niedersachsen
448711,1061062,Landrecht,25554,Kreis Steinburg,Schleswig-Holstein
2407132,15088195,Landsberg,06188,Saalekreis,Sachsen-Anhalt
932270,9181130,Landsberg am Lech,86899,Landkreis Landsberg am Lech,Bayern
932270,9181130,Landsberg am Lech,86932,Landkreis Landsberg am Lech,Bayern
933536,9179132,Landsberied,82290,Landkreis Fürstenfeldbruck,Bayern
1259141,7231503,Landscheid,54526,Landkreis Bernkastel-Wittlich,Rheinland-Pfalz
448014,1061063,Landscheide,25572,Kreis Steinburg,Schleswig-Holstein
62484,9261000,Landshut,84028,,Bayern
62484,9261000,Landshut,84030,,Bayern
62484,9261000,Landshut,84032,,Bayern
62484,9261000,Landshut,84034,,Bayern
62484,9261000,Landshut,84036,,Bayern
1185519,7335022,Landstuhl,66849,Landkreis Kaiserslautern,Rheinland-Pfalz
1149286,1059137,Langballig,24977,Kreis Schleswig-Flensburg,Schleswig-Holstein
959168,9276129,Langdorf,94264,Landkreis Regen,Bayern
444155,1056034,Langeln,25485,Kreis Pinneberg,Schleswig-Holstein
1421446,3153019,Langelsheim,38685,Landkreis Goslar,Niedersachsen
1421446,3153019,Langelsheim,38729,Landkreis Goslar,Niedersachsen
659752,6438006,Langen,63225,Landkreis Offenbach,Hessen
2006835,3454028,Langen,49838,Landkreis Emsland,Niedersachsen
1015142,9577148,Langenaltheim,91799,Landkreis Weißenburg-Gunzenhausen,Bayern
2783823,8435030,Langenargen,88085,Bodenseekreis,Baden-Württemberg
937642,8425072,Langenau,89129,Alb-Donau-Kreis,Baden-Württemberg
29997,9178138,Langenbach,85416,Landkreis Freising,Bayern
1246485,7336056,Langenbach,66909,Landkreis Kusel,Rheinland-Pfalz
451710,7143253,Langenbach bei Kirburg,57520,Westerwaldkreis,Rheinland-Pfalz
78566,5754024,Langenberg,33449,Kreis Gütersloh,Nordrhein-Westfalen
417075,14524140,Langenbernsdorf,08428,Landkreis Zwickau,Sachsen
409710,8125113,Langenbrettach,74243,Landkreis Heilbronn,Baden-Württemberg
449951,13076080,Langen Brütz,19067,Landkreis Ludwigslust-Parchim,Mecklenburg-Vorpommern
387626,8127047,Langenburg,74595,Landkreis Schwäbisch Hall,Baden-Württemberg
1821776,3354014,Langendorf,29484,Landkreis Lüchow-Dannenberg,Niedersachsen
2802284,8426067,Langenenslingen,88515,Landkreis Biberach,Baden-Württemberg
1420553,1054074,Langeneß,25863,Kreis Nordfriesland,Schleswig-Holstein
1420553,1054074,Langeneß,25867,Kreis Nordfriesland,Schleswig-Holstein
357012,9575138,Langenfeld,91474,Landkreis Neustadt an der Aisch-Bad Windsheim,Bayern
548047,7137060,Langenfeld,56729,Landkreis Mayen-Koblenz,Rheinland-Pfalz
66578,5158020,Langenfeld (Rheinland),40764,Kreis Mettmann,Nordrhein-Westfalen
59415,3241010,Langenhagen,30669,Region Hannover,Niedersachsen
59415,3241010,Langenhagen,30851,Region Hannover,Niedersachsen
59415,3241010,Langenhagen,30853,Region Hannover,Niedersachsen
59415,3241010,Langenhagen,30855,Region Hannover,Niedersachsen
535015,7143254,Langenhahn,56459,Westerwaldkreis,Rheinland-Pfalz
1416813,1054075,Langenhorn,25842,Kreis Nordfriesland,Schleswig-Holstein
1476084,1053080,Langenlehsten,21514,Kreis Herzogtum Lauenburg,Schleswig-Holstein
2778480,16077023,Langenleuba-Niederhain,04618,Landkreis Altenburger Land,Thüringen
1244001,7133054,Langenlonsheim,55450,Landkreis Bad Kreuznach,Rheinland-Pfalz
943729,9185143,Langenmosen,86571,Landkreis Neuburg-Schrobenhausen,Bayern
935164,9772168,Langenneufnach,86863,Landkreis Augsburg,Bayern
2179181,16075054,Langenorla,07381,Saale-Orla-Kreis,Thüringen
60988,9177126,Langenpreising,85465,Landkreis Erding,Bayern
537202,7141076,Langenscheid,65558,Rhein-Lahn-Kreis,Rheinland-Pfalz
535898,6435017,Langenselbold,63505,Main-Kinzig-Kreis,Hessen
1080449,9474146,Langensendelbach,91094,Landkreis Forchheim,Bayern
1244157,7133055,Langenthal,55569,Landkreis Bad Kreuznach,Rheinland-Pfalz
417706,14524150,Langenweißbach,08134,Landkreis Zwickau,Sachsen
2787453,16076039,Langenwetzendorf,07957,Landkreis Greiz,Thüringen
2787453,16076039,Langenwetzendorf,07980,Landkreis Greiz,Thüringen
2779190,16076041,Langenwolschendorf,07937,Landkreis Greiz,Thüringen
1016398,9573120,Langenzenn,90579,Landkreis Fürth,Bayern
1187509,3462007,Langeoog,26465,Landkreis Wittmund,Niedersachsen
935171,9772170,Langerringen,86853,Landkreis Augsburg,Bayern
162550,5358032,Langerwehe,52379,Kreis Düren,Nordrhein-Westfalen
1384822,12067288,Langewahl,15518,Landkreis Oder-Spree,Brandenburg
534182,9571170,Langfurth,91731,Landkreis Ansbach,Bayern
418619,6531009,Langgöns,35428,Landkreis Gießen,Hessen
1797623,3351017,Langlingen,29364,Landkreis Celle,Niedersachsen
956648,9273141,Langquaid,84085,Landkreis Kelheim,Bayern
548048,7137061,Langscheid,56729,Landkreis Mayen-Koblenz,Rheinland-Pfalz
1156128,1059138,Langstedt,24852,Kreis Schleswig-Flensburg,Schleswig-Holstein
1255907,7235073,Langsur,54308,Landkreis Trier-Saarburg,Rheinland-Pfalz
548549,1058094,Langwedel,24631,Kreis Rendsburg-Eckernförde,Schleswig-Holstein
1183487,3361006,Langwedel,27299,Landkreis Verden,Niedersachsen
445871,9772171,Langweid am Lech,86462,Landkreis Augsburg,Bayern
1245141,7134502,Langweiler,55758,Landkreis Birkenfeld,Rheinland-Pfalz
1246762,7336057,Langweiler,67746,Landkreis Kusel,Rheinland-Pfalz
1253815,7335202,Langwieden,66894,Landkreis Kaiserslautern,Rheinland-Pfalz
2402524,15084282,Lanitz-Hassel-Tal,06628,Burgenlandkreis,Sachsen-Anhalt
1471101,1053081,Lankau,23881,Kreis Herzogtum Lauenburg,Schleswig-Holstein
1289798,12070236,Lanz,19309,Landkreis Prignitz,Brandenburg
1469080,1053082,Lanze,21483,Kreis Herzogtum Lauenburg,Schleswig-Holstein
965014,9375165,Lappersdorf,93138,Landkreis Regensburg,Bayern
1424154,13071087,Lärz,17248,Landkreis Mecklenburgische Seenplatte,Mecklenburg-Vorpommern
453745,1062089,Lasbek,23847,Kreis Stormarn,Schleswig-Holstein
1113753,7232255,Lascheid,54597,Eifelkreis Bitburg-Prüm,Rheinland-Pfalz
1108048,7232256,Lasel,54612,Eifelkreis Bitburg-Prüm,Rheinland-Pfalz
1432364,13075074,Lassan,17440,Landkreis Vorpommern-Greifswald,Mecklenburg-Vorpommern
1101320,3453009,Lastrup,49688,Landkreis Cloppenburg,Niedersachsen
423150,1060052,Latendorf,24598,Kreis Segeberg,Schleswig-Holstein
2010626,3454029,Lathen,49762,Landkreis Emsland,Niedersachsen
418614,6531010,Laubach,35321,Landkreis Gießen,Hessen
1241632,7140079,Laubach,56288,Rhein-Hunsrück-Kreis,Rheinland-Pfalz
1259827,7135052,Laubach,56759,Landkreis Cochem-Zell,Rheinland-Pfalz
957647,9780125,Lauben,87493,Landkreis Oberallgäu,Bayern
958249,9778163,Lauben,87761,Landkreis Unterallgäu,Bayern
1244002,7133056,Laubenheim,55452,Landkreis Bad Kreuznach,Rheinland-Pfalz
2402461,15084285,Laucha an der Unstrut,06636,Burgenlandkreis,Sachsen-Anhalt
1314225,12066176,Lauchhammer,01979,Landkreis Oberspreewald-Lausitz,Brandenburg
915557,8136038,Lauchheim,73466,Ostalbkreis,Baden-Württemberg
2785748,8337065,Lauchringen,79787,Landkreis Waldshut,Baden-Württemberg
402684,8128139,Lauda-Königshofen,97922,Main-Tauber-Kreis,Baden-Württemberg
454177,8226040,Laudenbach,69514,Rhein-Neckar-Kreis,Baden-Württemberg
3340419,9676135,Laudenbach,63925,Landkreis Miltenberg,Bayern
1190009,7140080,Laudert,56291,Rhein-Hunsrück-Kreis,Rheinland-Pfalz
1182395,3257018,Lauenau,31867,Landkreis Schaumburg,Niedersachsen
357090,3357033,Lauenbrück,27389,Landkreis Rotenburg (Wümme),Niedersachsen
1469078,1053083,Lauenburg/Elbe,21481,Kreis Herzogtum Lauenburg,Schleswig-Holstein
1184651,3255026,Lauenförde,37697,Landkreis Holzminden,Niedersachsen
1169408,3257019,Lauenhagen,31714,Landkreis Schaumburg,Niedersachsen
452974,8317068,Lauf,77886,Ortenaukreis,Baden-Württemberg
379885,9671139,Laufach,63846,Landkreis Aschaffenburg,Bayern
163109,9574138,Lauf an der Pegnitz,91207,Landkreis Nürnberger Land,Bayern
1258867,7231074,Laufeld,54533,Landkreis Bernkastel-Wittlich,Rheinland-Pfalz
960544,9172122,Laufen,83410,Landkreis Berchtesgadener Land,Bayern
2786292,8337066,Laufenburg (Baden),79725,Landkreis Waldshut,Baden-Württemberg
1245183,7140081,Laufersweiler,55487,Rhein-Hunsrück-Kreis,Rheinland-Pfalz
410498,8125056,Lauffen am Neckar,74348,Landkreis Heilbronn,Baden-Württemberg
956878,9773143,Laugna,86502,Landkreis Dillingen an der Donau,Bayern
956771,9773144,Lauingen (Donau),89415,Landkreis Dillingen an der Donau,Bayern
1249737,7332033,Laumersheim,67229,Landkreis Bad Dürkheim,Rheinland-Pfalz
1113743,7232258,Lauperath,54649,Eifelkreis Bitburg-Prüm,Rheinland-Pfalz
2801021,8426070,Laupheim,88471,Landkreis Biberach,Baden-Württemberg
537203,7141077,Laurenburg,56379,Rhein-Lahn-Kreis,Rheinland-Pfalz
1273183,16072011,Lauscha,98724,Landkreis Sonneberg,Thüringen
1244165,7133057,Lauschied,55568,Landkreis Bad Kreuznach,Rheinland-Pfalz
2179182,16075056,Lausnitz,07806,Saale-Orla-Kreis,Thüringen
446697,14730160,Laußig,04838,Landkreis Nordsachsen,Sachsen
446697,14730160,Laußig,04849,Landkreis Nordsachsen,Sachsen
913785,14625300,Laußnitz,01936,Landkreis Bautzen,Sachsen
1309583,14625310,Lauta,02991,Landkreis Bautzen,Sachsen
452984,8317067,Lautenbach,77794,Ortenaukreis,Baden-Württemberg
1077531,9471152,Lauter,96169,Landkreis Bamberg,Bayern
2803464,8425073,Lauterach,89584,Alb-Donau-Kreis,Baden-Württemberg
418333,6535011,Lauterbach,36341,Vogelsbergkreis,Hessen
943742,8325036,Lauterbach,78730,Landkreis Rottweil,Baden-Württemberg
2899668,16063049,Lauterbach,99826,Wartburgkreis,Thüringen
2678595,14521355,Lauter-Bernsbach,08315,Erzgebirgskreis,Sachsen
1246766,7336058,Lauterecken,67742,Landkreis Kusel,Rheinland-Pfalz
1028820,9373140,Lauterhofen,92283,Landkreis Neumarkt in der Oberpfalz,Bayern
1254391,7333041,Lautersheim,67308,Donnersbergkreis,Rheinland-Pfalz
911135,8117061,Lauterstein,73111,Landkreis Göppingen,Baden-Württemberg
540459,7141078,Lautert,56355,Rhein-Lahn-Kreis,Rheinland-Pfalz
418336,6535012,Lautertal,36369,Vogelsbergkreis,Hessen
537057,6431014,Lautertal,64686,Kreis Bergstraße,Hessen
956807,9473141,Lautertal,96486,Landkreis Coburg,Bayern
958687,9778164,Lautrach,87763,Landkreis Unterallgäu,Bayern
451711,7143255,Lautzenbrücken,56472,Westerwaldkreis,Rheinland-Pfalz
1245182,7140082,Lautzenhausen,55483,Rhein-Hunsrück-Kreis,Rheinland-Pfalz
1311097,14626270,Lawalde,02708,Landkreis Görlitz,Sachsen
1384823,12067292,Lawitz,15898,Landkreis Oder-Spree,Brandenburg
1184559,10044112,Lebach,66822,Landkreis Saarlouis,Saarland
310386,1057045,Lebrade,24306,Kreis Plön,Schleswig-Holstein
1332907,12064268,Lebus,15326,Landkreis Märkisch-Oderland,Brandenburg
1303814,12062289,Lebusa,04936,Landkreis Elbe-Elster,Brandenburg
448301,9777147,Lechbruck a.See,86983,Landkreis Ostallgäu,Bayern
1417213,1054076,Leck,25917,Kreis Nordfriesland,Schleswig-Holstein
2477120,16076042,Lederhose,07589,Landkreis Greiz,Thüringen
1310092,12065180,Leegebruch,16767,Landkreis Oberhavel,Brandenburg
1106875,3457013,Leer,26789,Landkreis Leer,Niedersachsen
1183264,3256018,Leese,31633,Landkreis Nienburg/Weser,Niedersachsen
898640,3452015,Leezdorf,26529,Landkreis Aurich,Niedersachsen
422747,1060053,Leezen,23816,Kreis Segeberg,Schleswig-Holstein
449941,13076082,Leezen,19067,Landkreis Ludwigslust-Parchim,Mecklenburg-Vorpommern
958684,9778165,Legau,87764,Landkreis Unterallgäu,Bayern
162875,5554036,Legden,48739,Kreis Borken,Nordrhein-Westfalen
1289793,12070241,Legde/Quitzöbel,19336,Landkreis Prignitz,Brandenburg
949859,1051065,Lehe,25774,Kreis Dithmarschen,Schleswig-Holstein
949859,1051065,Lehe,25776,Kreis Dithmarschen,Schleswig-Holstein
2007901,3454030,Lehe,26892,Landkreis Emsland,Niedersachsen
1273252,16073046,Lehesten,07349,Landkreis Saalfeld-Rudolstadt,Thüringen
2778384,16074051,Lehesten,07778,Saale-Holzland-Kreis,Thüringen
546640,7137504,Lehmen,56332,Landkreis Mayen-Koblenz,Rheinland-Pfalz
310383,1057046,Lehmkuhlen,24211,Kreis Plön,Schleswig-Holstein
1473801,1053084,Lehmrade,23883,Kreis Herzogtum Lauenburg,Schleswig-Holstein
2857005,16071049,Lehnstedt,99441,Landkreis Weimarer Land,Thüringen
534269,9571171,Lehrberg,91611,Landkreis Ansbach,Bayern
1446638,3154014,Lehre,38165,Landkreis Helmstedt,Niedersachsen
410488,8125057,Lehrensteinsfeld,74251,Landkreis Heilbronn,Baden-Württemberg
1184255,3241011,Lehrte,31275,Region Hannover,Niedersachsen
2805753,8437072,Leibertingen,88637,Landkreis Sigmaringen,Baden-Württemberg
959654,9278146,Leiblfing,94339,Landkreis Straubing-Bogen,Bayern
173095,5378016,Leichlingen,42799,Rheinisch-Bergischer Kreis,Nordrhein-Westfalen
1113735,7232259,Leidenborn,54619,Eifelkreis Bitburg-Prüm,Rheinland-Pfalz
395350,9676136,Leidersbach,63849,Landkreis Miltenberg,Bayern
1259834,7135502,Leienkaul,56759,Landkreis Cochem-Zell,Rheinland-Pfalz
1374990,3151015,Leiferde,38542,Landkreis Gifhorn,Niedersachsen
1060437,7131044,Leimbach,53518,Landkreis Ahrweiler,Rheinland-Pfalz
1171869,7232073,Leimbach,54673,Eifelkreis Bitburg-Prüm,Rheinland-Pfalz
2874390,16063051,Leimbach,36433,Wartburgkreis,Thüringen
453397,8226041,Leimen,69181,Rhein-Neckar-Kreis,Baden-Württemberg
1251058,7340027,Leimen,66978,Landkreis Südwestpfalz,Rheinland-Pfalz
1250449,7334016,Leimersheim,76774,Landkreis Germersheim,Rheinland-Pfalz
181149,9679200,Leinach,97274,Landkreis Würzburg,Bayern
65151,9574139,Leinburg,91227,Landkreis Nürnberger Land,Bayern
2393608,16061115,Leinefelde-Worbis,37327,Landkreis Eichsfeld,Thüringen
2393608,16061115,Leinefelde-Worbis,37339,Landkreis Eichsfeld,Thüringen
2796536,8116078,Leinfelden-Echterdingen,70771,Landkreis Esslingen,Baden-Württemberg
410502,8125058,Leingarten,74211,Landkreis Heilbronn,Baden-Württemberg
1182313,7140084,Leiningen,56291,Rhein-Hunsrück-Kreis,Rheinland-Pfalz
1252723,7337051,Leinsweiler,76829,Landkreis Südliche Weinstraße,Rheinland-Pfalz
915436,8136040,Leinzell,73575,Ostalbkreis,Baden-Württemberg
964466,9774155,Leipheim,89340,Landkreis Günzburg,Bayern
62649,14713000,Leipzig,04103,,Sachsen
62649,14713000,Leipzig,04105,,Sachsen
62649,14713000,Leipzig,04107,,Sachsen
62649,14713000,Leipzig,04109,,Sachsen
62649,14713000,Leipzig,04129,,Sachsen
62649,14713000,Leipzig,04155,,Sachsen
62649,14713000,Leipzig,04157,,Sachsen
62649,14713000,Leipzig,04158,,Sachsen
62649,14713000,Leipzig,04159,,Sachsen
62649,14713000,Leipzig,04177,,Sachsen
62649,14713000,Leipzig,04178,,Sachsen
62649,14713000,Leipzig,04179,,Sachsen
62649,14713000,Leipzig,04205,,Sachsen
62649,14713000,Leipzig,04207,,Sachsen
62649,14713000,Leipzig,04209,,Sachsen
62649,14713000,Leipzig,04229,,Sachsen
62649,14713000,Leipzig,04249,,Sachsen
62649,14713000,Leipzig,04275,,Sachsen
62649,14713000,Leipzig,04277,,Sachsen
62649,14713000,Leipzig,04279,,Sachsen
62649,14713000,Leipzig,04288,,Sachsen
62649,14713000,Leipzig,04289,,Sachsen
62649,14713000,Leipzig,04299,,Sachsen
62649,14713000,Leipzig,04315,,Sachsen
62649,14713000,Leipzig,04316,,Sachsen
62649,14713000,Leipzig,04317,,Sachsen
62649,14713000,Leipzig,04318,,Sachsen
62649,14713000,Leipzig,04319,,Sachsen
62649,14713000,Leipzig,04328,,Sachsen
62649,14713000,Leipzig,04329,,Sachsen
62649,14713000,Leipzig,04347,,Sachsen
62649,14713000,Leipzig,04349,,Sachsen
62649,14713000,Leipzig,04356,,Sachsen
62649,14713000,Leipzig,04357,,Sachsen
1244323,7134050,Leisel,55767,Landkreis Birkenfeld,Rheinland-Pfalz
415408,14522310,Leisnig,04703,Landkreis Mittelsachsen,Sachsen
1245064,7134051,Leitzweiler,55779,Landkreis Birkenfeld,Rheinland-Pfalz
1255918,7235074,Leiwen,54340,Landkreis Trier-Saarburg,Rheinland-Pfalz
1424141,13071088,Leizen,17209,Landkreis Mecklenburgische Seenplatte,Mecklenburg-Vorpommern
2020635,13072066,Lelkendorf,17168,Landkreis Rostock,Mecklenburg-Vorpommern
1251149,7340028,Lemberg,66969,Landkreis Südwestpfalz,Rheinland-Pfalz
1380343,3251022,Lembruch,49459,Landkreis Diepholz,Niedersachsen
1380342,3251023,Lemförde,49448,Landkreis Diepholz,Niedersachsen
142624,5766044,Lemgo,32657,Kreis Lippe,Nordrhein-Westfalen
1821903,3354015,Lemgow,29485,Landkreis Lüchow-Dannenberg,Niedersachsen
2179186,16075057,Lemnitz,07819,Saale-Orla-Kreis,Thüringen
532786,3461006,Lemwerder,27809,Landkreis Wesermarsch,Niedersachsen
934749,9177127,Lengdorf,84435,Landkreis Erding,Bayern
152397,3157005,Lengede,38268,Landkreis Peine,Niedersachsen
1079018,3357034,Lengenbostel,27419,Landkreis Rotenburg (Wümme),Niedersachsen
446587,14523170,Lengenfeld,08485,Vogtlandkreis,Sachsen
448309,9777149,Lengenwang,87663,Landkreis Ostallgäu,Bayern
155441,5566040,Lengerich,49525,Kreis Steinfurt,Nordrhein-Westfalen
1815349,3454031,Lengerich,49838,Landkreis Emsland,Niedersachsen
1273307,16069026,Lengfeld,98660,Landkreis Hildburghausen,Thüringen
935242,9173135,Lenggries,83661,Landkreis Bad Tölz-Wolfratshausen,Bayern
2014100,3255027,Lenne,37627,Landkreis Holzminden,Niedersachsen
1891508,5966020,Lennestadt,57368,Kreis Olpe,Nordrhein-Westfalen
2795564,8116079,Lenningen,73252,Landkreis Esslingen,Baden-Württemberg
2795564,8116079,Lenningen,73266,Landkreis Esslingen,Baden-Württemberg
382411,1055027,Lensahn,23738,Kreis Ostholstein,Schleswig-Holstein
2396105,16061065,Lenterode,37318,Landkreis Eichsfeld,Thüringen
423182,1060054,Lentföhrden,24632,Kreis Segeberg,Schleswig-Holstein
423182,1060054,Lentföhrden,24640,Kreis Segeberg,Schleswig-Holstein
943556,9176143,Lenting,85101,Landkreis Eichstätt,Bayern
1289788,12070244,Lenzen (Elbe),19309,Landkreis Prignitz,Brandenburg
1289803,12070246,Lenzerwische,19309,Landkreis Prignitz,Brandenburg
317630,8315068,Lenzkirch,79853,Landkreis Breisgau-Hochschwarzwald,Baden-Württemberg
722150,8115028,Leonberg,71229,Landkreis Böblingen,Baden-Württemberg
975238,9377137,Leonberg,95666,Landkreis Tirschenreuth,Bayern
1408064,13075075,Leopoldshagen,17375,Landkreis Vorpommern-Greifswald,Mecklenburg-Vorpommern
142651,5766048,Leopoldshöhe,33818,Kreis Lippe,Nordrhein-Westfalen
1332922,12064274,Letschin,15324,Landkreis Märkisch-Oderland,Brandenburg
1244065,7133058,Lettweiler,67823,Landkreis Bad Kreuznach,Rheinland-Pfalz
416475,14522320,Leubsdorf,09573,Landkreis Mittelsachsen,Sachsen
443577,7138037,Leubsdorf,53547,Landkreis Neuwied,Rheinland-Pfalz
1059428,9374132,Leuchtenberg,92705,Landkreis Neustadt an der Waldnaab,Bayern
215981,6532016,Leun,35638,Lahn-Dill-Kreis,Hessen
2405941,15088205,Leuna,06237,Saalekreis,Sachsen-Anhalt
1021697,9475145,Leupoldsgrün,95191,Landkreis Hof,Bayern
401695,8119042,Leutenbach,71397,Rems-Murr-Kreis,Baden-Württemberg
1080485,9474147,Leutenbach,91359,Landkreis Forchheim,Bayern
1273355,16073106,Leutenberg,07338,Landkreis Saalfeld-Rudolstadt,Thüringen
535128,7143042,Leuterod,56244,Westerwaldkreis,Rheinland-Pfalz
418710,14626280,Leutersdorf,02794,Landkreis Görlitz,Sachsen
2828181,16066039,Leutersdorf,98617,Landkreis Schmalkalden-Meiningen,Thüringen
534188,9571174,Leutershausen,91578,Landkreis Ansbach,Bayern
444287,7138038,Leutesdorf,56599,Landkreis Neuwied,Rheinland-Pfalz
2806741,8436055,Leutkirch im Allgäu,88299,Landkreis Ravensburg,Baden-Württemberg
950325,13075076,Levenhagen,17498,Landkreis Vorpommern-Greifswald,Mecklenburg-Vorpommern
62449,5316000,Leverkusen,51371,,Nordrhein-Westfalen
62449,5316000,Leverkusen,51373,,Nordrhein-Westfalen
62449,5316000,Leverkusen,51375,,Nordrhein-Westfalen
62449,5316000,Leverkusen,51377,,Nordrhein-Westfalen
62449,5316000,Leverkusen,51379,,Nordrhein-Westfalen
62449,5316000,Leverkusen,51381,,Nordrhein-Westfalen
449905,13076085,Lewitzrand,19372,Landkreis Ludwigslust-Parchim,Mecklenburg-Vorpommern
449905,13076085,Lewitzrand,19374,Landkreis Ludwigslust-Parchim,Mecklenburg-Vorpommern
1417211,1054077,Lexgaard,25923,Kreis Nordfriesland,Schleswig-Holstein
418622,6531011,Lich,35423,Landkreis Gießen,Hessen
148083,5774028,Lichtenau,33165,Kreis Paderborn,Nordrhein-Westfalen
414486,14522330,Lichtenau,09244,Landkreis Mittelsachsen,Sachsen
534384,9571175,Lichtenau,91586,Landkreis Ansbach,Bayern
1188850,8216028,Lichtenau,77839,Landkreis Rastatt,Baden-Württemberg
1021701,9475146,Lichtenberg,95192,Landkreis Hof,Bayern
1307640,14625320,Lichtenberg,01896,Landkreis Bautzen,Sachsen
416501,14522340,Lichtenberg/Erzgebirge,09638,Landkreis Mittelsachsen,Sachsen
1113726,7232260,Lichtenborn,54619,Eifelkreis Bitburg-Prüm,Rheinland-Pfalz
198603,6635016,Lichtenfels,35104,Landkreis Waldeck-Frankenberg,Hessen
1026859,9478139,Lichtenfels,96215,Landkreis Lichtenfels,Bayern
2772600,8415092,Lichtenstein,72805,Landkreis Reutlingen,Baden-Württemberg
417027,14524160,Lichtenstein/Sachsen,09350,Landkreis Zwickau,Sachsen
417078,14524170,Lichtentanne,08115,Landkreis Zwickau,Sachsen
2792897,8116037,Lichtenwald,73669,Landkreis Esslingen,Baden-Württemberg
1322949,12062293,Lichterfeld-Schacksdorf,03238,Landkreis Elbe-Elster,Brandenburg
455279,6633016,Liebenau,34396,Landkreis Kassel,Hessen
1183247,3256019,Liebenau,31618,Landkreis Nienburg/Weser,Niedersachsen
1421454,3153008,Liebenburg,38704,Landkreis Goslar,Niedersachsen
533253,7143256,Liebenscheid,56479,Westerwaldkreis,Rheinland-Pfalz
1310094,12065193,Liebenwalde,16559,Landkreis Oberhavel,Brandenburg
1388733,12061308,Lieberose,15868,Landkreis Dahme-Spreewald,Brandenburg
535250,14730170,Liebschützberg,04758,Landkreis Nordsachsen,Sachsen
1241483,7140085,Liebshausen,55494,Rhein-Hunsrück-Kreis,Rheinland-Pfalz
455487,14628230,Liebstadt,01825,Landkreis Sächsische Schweiz-Osterzgebirge,Sachsen
414800,6436010,Liederbach am Taunus,65835,Main-Taunus-Kreis,Hessen
1266514,7135053,Lieg,56290,Landkreis Cochem-Zell,Rheinland-Pfalz
155440,5566044,Lienen,49536,Kreis Steinfurt,Nordrhein-Westfalen
1318363,12060128,Liepe,16248,Landkreis Barnim,Brandenburg
1408062,13075078,Liepgarten,17375,Landkreis Vorpommern-Greifswald,Mecklenburg-Vorpommern
1113758,7232261,Lierfeld,54597,Eifelkreis Bitburg-Prüm,Rheinland-Pfalz
539908,7141079,Lierschied,56357,Rhein-Lahn-Kreis,Rheinland-Pfalz
1269722,7135054,Liesenich,56858,Landkreis Cochem-Zell,Rheinland-Pfalz
1258367,7231075,Lieser,54470,Landkreis Bernkastel-Wittlich,Rheinland-Pfalz
1152711,7232074,Ließem,54636,Eifelkreis Bitburg-Prüm,Rheinland-Pfalz
412962,1051067,Lieth,25770,Kreis Dithmarschen,Schleswig-Holstein
1332905,12064288,Lietzen,15306,Landkreis Märkisch-Oderland,Brandenburg
1437546,13073049,Lietzow,18528,Landkreis Vorpommern-Rügen,Mecklenburg-Vorpommern
423195,3356005,Lilienthal,28865,Landkreis Osterholz,Niedersachsen
403737,8225052,Limbach,74838,Neckar-Odenwald-Kreis,Baden-Württemberg
446590,14523190,Limbach,08468,Vogtlandkreis,Sachsen
446590,14523190,Limbach,08491,Vogtlandkreis,Sachsen
453164,7143257,Limbach,57629,Westerwaldkreis,Rheinland-Pfalz
1244081,7133059,Limbach,55606,Landkreis Bad Kreuznach,Rheinland-Pfalz
283719,14524180,Limbach-Oberfrohna,09212,Landkreis Zwickau,Sachsen
324307,6533009,Limburg an der Lahn,65549,Landkreis Limburg-Weilburg,Hessen
324307,6533009,Limburg an der Lahn,65550,Landkreis Limburg-Weilburg,Hessen
324307,6533009,Limburg an der Lahn,65551,Landkreis Limburg-Weilburg,Hessen
324307,6533009,Limburg an der Lahn,65552,Landkreis Limburg-Weilburg,Hessen
324307,6533009,Limburg an der Lahn,65553,Landkreis Limburg-Weilburg,Hessen
324307,6533009,Limburg an der Lahn,65554,Landkreis Limburg-Weilburg,Hessen
324307,6533009,Limburg an der Lahn,65555,Landkreis Limburg-Weilburg,Hessen
324307,6533009,Limburg an der Lahn,65556,Landkreis Limburg-Weilburg,Hessen
418404,7338017,Limburgerhof,67117,Rhein-Pfalz-Kreis,Rheinland-Pfalz
450112,6440014,Limeshain,63694,Wetteraukreis,Hessen
1465816,1053085,Linau,22959,Kreis Herzogtum Lauenburg,Schleswig-Holstein
548049,7137063,Lind,56729,Landkreis Mayen-Koblenz,Rheinland-Pfalz
1021834,7131047,Lind,53506,Landkreis Ahrweiler,Rheinland-Pfalz
2789093,16076043,Linda b. Weida,07580,Landkreis Greiz,Thüringen
548494,1058096,Lindau,24214,Kreis Rendsburg-Eckernförde,Schleswig-Holstein
959426,9776116,Lindau (Bodensee),88131,Landkreis Lindau,Bayern
959162,9276130,Lindberg,94227,Landkreis Regen,Bayern
418618,6531012,Linden,35440,Landkreis Gießen,Hessen
453165,7143258,Linden,57629,Westerwaldkreis,Rheinland-Pfalz
964256,1051068,Linden,25791,Kreis Dithmarschen,Schleswig-Holstein
1253837,7335023,Linden,66851,Landkreis Kaiserslautern,Rheinland-Pfalz
1253837,7335023,Linden,67706,Landkreis Kaiserslautern,Rheinland-Pfalz
1314220,12066188,Lindenau,01945,Landkreis Oberspreewald-Lausitz,Brandenburg
1249986,7332034,Lindenberg,67473,Landkreis Bad Dürkheim,Rheinland-Pfalz
1427227,13071089,Lindenberg,17111,Landkreis Mecklenburgische Seenplatte,Mecklenburg-Vorpommern
454330,9776117,Lindenberg im Allgäu,88161,Landkreis Lindau,Bayern
1332954,12064290,Lindendorf,15306,Landkreis Märkisch-Oderland,Brandenburg
186896,6431015,Lindenfels,64678,Kreis Bergstraße,Hessen
2804441,16076044,Lindenkreuz,07589,Landkreis Greiz,Thüringen
1246418,7140086,Lindenschied,55481,Rhein-Hunsrück-Kreis,Rheinland-Pfalz
1101318,3453010,Lindern (Oldenburg),49699,Landkreis Cloppenburg,Niedersachsen
1419899,13071090,Lindetal,17349,Landkreis Mecklenburgische Seenplatte,Mecklenburg-Vorpommern
2395939,16061066,Lindewerra,37318,Landkreis Eichsfeld,Thüringen
1156031,1059179,Lindewitt,24969,Kreis Schleswig-Flensburg,Schleswig-Holstein
372850,13073050,Lindholz,18334,Landkreis Vorpommern-Rügen,Mecklenburg-Vorpommern
1169360,3257020,Lindhorst,31698,Landkreis Schaumburg,Niedersachsen
2456331,16074052,Lindig,07768,Saale-Holzland-Kreis,Thüringen
173847,5374020,Lindlar,51789,Oberbergischer Kreis,Nordrhein-Westfalen
1302373,12068280,Lindow (Mark),16835,Landkreis Ostprignitz-Ruppin,Brandenburg
1808867,3358015,Lindwedel,29690,Landkreis Heidekreis,Niedersachsen
1075335,3454032,Lingen (Ems),49808,Landkreis Emsland,Niedersachsen
1075335,3454032,Lingen (Ems),49809,Landkreis Emsland,Niedersachsen
1075335,3454032,Lingen (Ems),49811,Landkreis Emsland,Niedersachsen
1250345,7334017,Lingenfeld,67360,Landkreis Germersheim,Rheinland-Pfalz
1182325,7140087,Lingerhahn,56291,Rhein-Hunsrück-Kreis,Rheinland-Pfalz
445743,7138040,Linkenbach,56317,Landkreis Neuwied,Rheinland-Pfalz
659818,8215105,Linkenheim-Hochstetten,76351,Landkreis Karlsruhe,Baden-Württemberg
158394,5358036,Linnich,52441,Kreis Düren,Nordrhein-Westfalen
1183248,3256020,Linsburg,31636,Landkreis Nienburg/Weser,Niedersachsen
535929,6435018,Linsengericht,63589,Main-Kinzig-Kreis,Hessen
540425,12069345,Linthe,14822,Landkreis Potsdam-Mittelmark,Brandenburg
443578,7138041,Linz am Rhein,53545,Landkreis Neuwied,Rheinland-Pfalz
443578,7138041,Linz am Rhein,53560,Landkreis Neuwied,Rheinland-Pfalz
2778385,16074053,Lippersdorf-Erdmannsdorf,07646,Saale-Holzland-Kreis,Thüringen
153230,5974024,Lippetal,59510,Kreis Soest,Nordrhein-Westfalen
540460,7141080,Lipporn,56357,Rhein-Lahn-Kreis,Rheinland-Pfalz
2400598,16062033,Lipprechterode,99752,Landkreis Nordhausen,Thüringen
152781,5974028,Lippstadt,59555,Kreis Soest,Nordrhein-Westfalen
152781,5974028,Lippstadt,59556,Kreis Soest,Nordrhein-Westfalen
152781,5974028,Lippstadt,59557,Kreis Soest,Nordrhein-Westfalen
152781,5974028,Lippstadt,59558,Kreis Soest,Nordrhein-Westfalen
1075148,7233224,Lirstal,56767,Landkreis Vulkaneifel,Rheinland-Pfalz
1077567,9471154,Lisberg,96170,Landkreis Bamberg,Bayern
1075996,7233041,Lissendorf,54587,Landkreis Vulkaneifel,Rheinland-Pfalz
1141533,1054078,List auf Sylt,25992,Kreis Nordfriesland,Schleswig-Holstein
1077561,9471155,Litzendorf,96123,Landkreis Bamberg,Bayern
418120,14626290,Löbau,02708,Landkreis Görlitz,Sachsen
453366,8226104,Lobbach,74931,Rhein-Neckar-Kreis,Baden-Württemberg
2778386,16074054,Löberschütz,07751,Saale-Holzland-Kreis,Thüringen
2778482,16077026,Löbichau,04626,Landkreis Altenburger Land,Thüringen
374305,13073051,Löbnitz,18314,Landkreis Vorpommern-Rügen,Mecklenburg-Vorpommern
445992,14730180,Löbnitz,04509,Landkreis Nordsachsen,Sachsen
405785,8118047,Löchgau,74369,Landkreis Ludwigsburg,Baden-Württemberg
453166,7143259,Lochum,57629,Westerwaldkreis,Rheinland-Pfalz
1407860,13075079,Löcknitz,17321,Landkreis Vorpommern-Greifswald,Mecklenburg-Vorpommern
450214,1061064,Lockstedt,25551,Kreis Steinburg,Schleswig-Holstein
1433092,13075080,Loddin,17459,Landkreis Vorpommern-Greifswald,Mecklenburg-Vorpommern
2778483,16077027,Lödla,04617,Landkreis Altenburger Land,Thüringen
546642,7137214,Löf,56332,Landkreis Mayen-Koblenz,Rheinland-Pfalz
309860,8216029,Loffenau,76597,Landkreis Rastatt,Baden-Württemberg
319271,8315070,Löffingen,79843,Landkreis Breisgau-Hochschwarzwald,Baden-Württemberg
450226,1061065,Lohbarbek,25551,Kreis Steinburg,Schleswig-Holstein
959917,9372178,Lohberg,93470,Landkreis Cham,Bayern
556654,1058097,Lohe-Föhrden,24806,Kreis Rendsburg-Eckernförde,Schleswig-Holstein
412963,1051069,Lohe-Rickelshof,25746,Kreis Dithmarschen,Schleswig-Holstein
1115032,6633017,Lohfelden,34253,Landkreis Kassel,Hessen
1799277,3351501,Lohheide,29303,Landkreis Celle,Niedersachsen
940969,9183125,Lohkirchen,84494,Landkreis Mühldorf am Inn,Bayern
2179191,16075063,Löhma,07907,Saale-Orla-Kreis,Thüringen
173123,5382028,Lohmar,53797,Rhein-Sieg-Kreis,Nordrhein-Westfalen
1437955,13073052,Lohme,18551,Landkreis Vorpommern-Rügen,Mecklenburg-Vorpommern
534521,14628240,Lohmen,01847,Landkreis Sächsische Schweiz-Osterzgebirge,Sachsen
1964779,13072067,Lohmen,18276,Landkreis Rostock,Mecklenburg-Vorpommern
324298,6533010,Löhnberg,35792,Landkreis Limburg-Weilburg,Hessen
1400519,3460006,Lohne,49393,Landkreis Vechta,Niedersachsen
147449,5758024,Löhne,32584,Kreis Herford,Nordrhein-Westfalen
1254716,7333042,Lohnsfeld,67727,Donnersbergkreis,Rheinland-Pfalz
1246767,7336060,Lohnweiler,67744,Landkreis Kusel,Rheinland-Pfalz
225498,6534013,Lohra,35102,Landkreis Marburg-Biedenkopf,Hessen
337282,9677155,Lohr am Main,97816,Landkreis Main-Spessart,Bayern
538925,7141081,Lohrheim,65558,Rhein-Lahn-Kreis,Rheinland-Pfalz
1309581,14625330,Lohsa - Łaz,02999,Landkreis Bautzen,Sachsen
959900,9279124,Loiching,84180,Landkreis Dingolfing-Landau,Bayern
2337633,13075081,Loissin,17509,Landkreis Vorpommern-Greifswald,Mecklenburg-Vorpommern
1149228,1059055,Loit,24888,Kreis Schleswig-Flensburg,Schleswig-Holstein
1286653,15083361,Loitsche-Heinrichsberg,39326,Landkreis Börde,Sachsen-Anhalt
1427503,13075082,Loitz,17121,Landkreis Vorpommern-Greifswald,Mecklenburg-Vorpommern
959635,9278147,Loitzendorf,94359,Landkreis Straubing-Bogen,Bayern
418609,6531013,Lollar,35457,Landkreis Gießen,Hessen
1244069,7133060,Löllbach,67744,Landkreis Bad Kreuznach,Rheinland-Pfalz
540058,7141082,Lollschied,56357,Rhein-Lahn-Kreis,Rheinland-Pfalz
547961,14627130,Lommatzsch,01623,Landkreis Meißen,Sachsen
1255896,7235077,Longen,54338,Landkreis Trier-Saarburg,Rheinland-Pfalz
1258365,7231077,Longkamp,54472,Landkreis Bernkastel-Wittlich,Rheinland-Pfalz
1255902,7235078,Longuich,54340,Landkreis Trier-Saarburg,Rheinland-Pfalz
71267,3453011,Löningen,49624,Landkreis Cloppenburg,Niedersachsen
1016530,9572139,Lonnerstadt,91475,Landkreis Erlangen-Höchstadt,Bayern
543125,7137065,Lonnig,56295,Landkreis Mayen-Koblenz,Rheinland-Pfalz
2788067,8425075,Lonsee,89173,Alb-Donau-Kreis,Baden-Württemberg
1248580,7331043,Lonsheim,55237,Landkreis Alzey-Worms,Rheinland-Pfalz
450074,1061066,Looft,25582,Kreis Steinburg,Schleswig-Holstein
553522,1058098,Loop,24644,Kreis Rendsburg-Eckernförde,Schleswig-Holstein
548620,1058099,Loose,24366,Kreis Rendsburg-Eckernförde,Schleswig-Holstein
310397,1057047,Löptin,24250,Kreis Plön,Schleswig-Holstein
409103,6439010,Lorch,65391,Rheingau-Taunus-Kreis,Hessen
550218,8136042,Lorch,73547,Ostalbkreis,Baden-Württemberg
2787952,8336050,Lörrach,79539,Landkreis Lörrach,Baden-Württemberg
2787952,8336050,Lörrach,79540,Landkreis Lörrach,Baden-Württemberg
2787952,8336050,Lörrach,79541,Landkreis Lörrach,Baden-Württemberg
537052,6431016,Lorsch,64653,Kreis Bergstraße,Hessen
1256950,7235080,Lorscheid,54317,Landkreis Trier-Saarburg,Rheinland-Pfalz
2007764,3454033,Lorup,26901,Landkreis Emsland,Niedersachsen
1245808,7339034,Lörzweiler,55296,Landkreis Mainz-Bingen,Rheinland-Pfalz
1187155,10042112,Losheim am See,66679,Landkreis Merzig-Wadern,Saarland
1258357,7231076,Lösnich,54492,Landkreis Bernkastel-Wittlich,Rheinland-Pfalz
422918,14729245,Lossatal,04808,Landkreis Leipzig,Sachsen
935836,8237045,Loßburg,72290,Landkreis Freudenstadt,Baden-Württemberg
401871,14521370,Lößnitz,08294,Erzgebirgskreis,Sachsen
155567,5566048,Lotte,49504,Kreis Steinfurt,Nordrhein-Westfalen
1157529,1059056,Lottorf,24878,Kreis Schleswig-Flensburg,Schleswig-Holstein
1240384,8337070,Lottstetten,79807,Landkreis Waldshut,Baden-Württemberg
1261696,7231206,Lötzbeuren,56843,Landkreis Bernkastel-Wittlich,Rheinland-Pfalz
1310096,12065198,Löwenberger Land,16775,Landkreis Oberhavel,Brandenburg
1415324,1054079,Löwenstedt,25864,Kreis Nordfriesland,Schleswig-Holstein
410483,8125059,Löwenstein,74245,Landkreis Heilbronn,Baden-Württemberg
1161995,3352032,Loxstedt,27612,Landkreis Cuxhaven,Niedersachsen
145290,5770020,Lübbecke,32312,Kreis Minden-Lübbecke,Nordrhein-Westfalen
1322898,12066196,Lübbenau/Spreewald,03222,Landkreis Oberspreewald-Lausitz,Brandenburg
1389285,12061316,Lübben (Spreewald),15907,Landkreis Dahme-Spreewald,Brandenburg
904551,3356006,Lübberstedt,27729,Landkreis Osterholz,Niedersachsen
1515756,13074046,Lübberstorf,23992,Landkreis Nordwestmecklenburg,Mecklenburg-Vorpommern
1821904,3354017,Lübbow,29488,Landkreis Lüchow-Dannenberg,Niedersachsen
27027,1003000,Lübeck,23552,,Schleswig-Holstein
27027,1003000,Lübeck,23554,,Schleswig-Holstein
27027,1003000,Lübeck,23556,,Schleswig-Holstein
27027,1003000,Lübeck,23558,,Schleswig-Holstein
27027,1003000,Lübeck,23560,,Schleswig-Holstein
27027,1003000,Lübeck,23562,,Schleswig-Holstein
27027,1003000,Lübeck,23564,,Schleswig-Holstein
27027,1003000,Lübeck,23566,,Schleswig-Holstein
27027,1003000,Lübeck,23568,,Schleswig-Holstein
27027,1003000,Lübeck,23569,,Schleswig-Holstein
27027,1003000,Lübeck,23570,,Schleswig-Holstein
1451596,13076086,Lübesse,19077,Landkreis Ludwigslust-Parchim,Mecklenburg-Vorpommern
1451552,13076087,Lüblow,19288,Landkreis Ludwigslust-Parchim,Mecklenburg-Vorpommern
1432697,13075083,Lubmin,17509,Landkreis Vorpommern-Greifswald,Mecklenburg-Vorpommern
1504867,13074047,Lübow,23972,Landkreis Nordwestmecklenburg,Mecklenburg-Vorpommern
1408067,13075084,Lübs,17379,Landkreis Vorpommern-Greifswald,Mecklenburg-Vorpommern
1444900,13074048,Lübstorf,19069,Landkreis Nordwestmecklenburg,Mecklenburg-Vorpommern
1451563,13076088,Lübtheen,19249,Landkreis Ludwigslust-Parchim,Mecklenburg-Vorpommern
449881,13076089,Lübz,19386,Landkreis Ludwigslust-Parchim,Mecklenburg-Vorpommern
1463291,1053086,Lüchow,23898,Kreis Herzogtum Lauenburg,Schleswig-Holstein
1818755,3354018,Lüchow,29439,Landkreis Lüchow-Dannenberg,Niedersachsen
1263711,16077028,Lucka,04613,Landkreis Altenburger Land,Thüringen
1322897,12066202,Luckaitztal,03229,Landkreis Oberspreewald-Lausitz,Brandenburg
1389443,12061320,Luckau,15926,Landkreis Dahme-Spreewald,Brandenburg
1821913,3354016,Luckau (Wendland),29487,Landkreis Lüchow-Dannenberg,Niedersachsen
453167,7143260,Luckenbach,57629,Westerwaldkreis,Rheinland-Pfalz
1258430,7231078,Lückenburg,54424,Landkreis Bernkastel-Wittlich,Rheinland-Pfalz
422435,12072232,Luckenwalde,14943,Landkreis Teltow-Fläming,Brandenburg
1408069,13075085,Luckow,17375,Landkreis Vorpommern-Greifswald,Mecklenburg-Vorpommern
168563,5962032,Lüdenscheid,58507,Märkischer Kreis,Nordrhein-Westfalen
168563,5962032,Lüdenscheid,58509,Märkischer Kreis,Nordrhein-Westfalen
168563,5962032,Lüdenscheid,58511,Märkischer Kreis,Nordrhein-Westfalen
168563,5962032,Lüdenscheid,58513,Märkischer Kreis,Nordrhein-Westfalen
168563,5962032,Lüdenscheid,58515,Märkischer Kreis,Nordrhein-Westfalen
1250037,3360013,Lüder,29394,Landkreis Uelzen,Niedersachsen
1978257,3355021,Lüdersburg,21379,Landkreis Lüneburg,Niedersachsen
1479258,13074049,Lüdersdorf,23923,Landkreis Nordwestmecklenburg,Mecklenburg-Vorpommern
1169358,3257021,Lüdersfeld,31702,Landkreis Schaumburg,Niedersachsen
374314,13073053,Lüdershagen,18314,Landkreis Vorpommern-Rügen,Mecklenburg-Vorpommern
157722,5558024,Lüdinghausen,59348,Kreis Coesfeld,Nordrhein-Westfalen
238962,6632012,Ludwigsau,36251,Landkreis Hersfeld-Rotenburg,Hessen
405292,8118048,Ludwigsburg,71634,Landkreis Ludwigsburg,Baden-Württemberg
405292,8118048,Ludwigsburg,71636,Landkreis Ludwigsburg,Baden-Württemberg
405292,8118048,Ludwigsburg,71638,Landkreis Ludwigsburg,Baden-Württemberg
405292,8118048,Ludwigsburg,71640,Landkreis Ludwigsburg,Baden-Württemberg
405292,8118048,Ludwigsburg,71642,Landkreis Ludwigsburg,Baden-Württemberg
405292,8118048,Ludwigsburg,71672,Landkreis Ludwigsburg,Baden-Württemberg
1022779,9477135,Ludwigschorgast,95364,Landkreis Kulmbach,Bayern
422432,12072240,Ludwigsfelde,14974,Landkreis Teltow-Fläming,Brandenburg
62347,7314000,Ludwigshafen am Rhein,67059,,Rheinland-Pfalz
62347,7314000,Ludwigshafen am Rhein,67061,,Rheinland-Pfalz
62347,7314000,Ludwigshafen am Rhein,67063,,Rheinland-Pfalz
62347,7314000,Ludwigshafen am Rhein,67065,,Rheinland-Pfalz
62347,7314000,Ludwigshafen am Rhein,67067,,Rheinland-Pfalz
62347,7314000,Ludwigshafen am Rhein,67069,,Rheinland-Pfalz
62347,7314000,Ludwigshafen am Rhein,67071,,Rheinland-Pfalz
1245840,7339035,Ludwigshöhe,55278,Landkreis Mainz-Bingen,Rheinland-Pfalz
1451551,13076090,Ludwigslust,19288,Landkreis Ludwigslust-Parchim,Mecklenburg-Vorpommern
1021753,9476152,Ludwigsstadt,96337,Landkreis Kronach,Bayern
1251124,7340029,Ludwigswinkel,66996,Landkreis Südwestpfalz,Rheinland-Pfalz
1184650,3255028,Lüerdissen,37635,Landkreis Holzminden,Niedersachsen
1251072,7340030,Lug,76848,Landkreis Südwestpfalz,Rheinland-Pfalz
536006,14521380,Lugau,09385,Erzgebirgskreis,Sachsen
142696,5766052,Lügde,32676,Kreis Lippe,Nordrhein-Westfalen
1182504,3257022,Luhden,31711,Landkreis Schaumburg,Niedersachsen
1059464,9374133,Luhe-Wildenau,92706,Landkreis Neustadt an der Waldnaab,Bayern
548586,1058101,Luhnstedt,24816,Kreis Rendsburg-Eckernförde,Schleswig-Holstein
2800645,16067044,Luisenthal,99885,Landkreis Gotha,Thüringen
318228,9678153,Lülsfeld,97511,Landkreis Schweinfurt,Bayern
952206,1051071,Lunden,25774,Kreis Dithmarschen,Schleswig-Holstein
1113748,7232262,Lünebach,54597,Eifelkreis Bitburg-Prüm,Rheinland-Pfalz
2420744,3355022,Lüneburg,21335,Landkreis Lüneburg,Niedersachsen
2420744,3355022,Lüneburg,21337,Landkreis Lüneburg,Niedersachsen
2420744,3355022,Lüneburg,21339,Landkreis Lüneburg,Niedersachsen
2420744,3355022,Lüneburg,21391,Landkreis Lüneburg,Niedersachsen
158454,5978024,Lünen,44532,Kreis Unna,Nordrhein-Westfalen
158454,5978024,Lünen,44534,Kreis Unna,Nordrhein-Westfalen
158454,5978024,Lünen,44536,Kreis Unna,Nordrhein-Westfalen
2006863,3454034,Lünne,48480,Landkreis Emsland,Niedersachsen
1318331,12060149,Lunow-Stolzenhagen,16248,Landkreis Barnim,Brandenburg
413429,14522350,Lunzenau,09328,Landkreis Mittelsachsen,Sachsen
1028818,9373143,Lupburg,92331,Landkreis Neumarkt in der Oberpfalz,Bayern
1156161,1059057,Lürschau,24850,Kreis Schleswig-Flensburg,Schleswig-Holstein
371890,13073054,Lüssow,18442,Landkreis Vorpommern-Rügen,Mecklenburg-Vorpommern
1964350,13072069,Lüssow,18276,Landkreis Rostock,Mecklenburg-Vorpommern
1250343,7334018,Lustadt,67363,Landkreis Germersheim,Rheinland-Pfalz
1467755,1053087,Lütau,21483,Kreis Herzogtum Lauenburg,Schleswig-Holstein
898200,3452016,Lütetsburg,26524,Landkreis Aurich,Niedersachsen
2409291,15087130,Lutherstadt Eisleben,06295,Landkreis Mansfeld-Südharz,Sachsen-Anhalt
288963,1057048,Lütjenburg,24321,Kreis Plön,Schleswig-Holstein
1415664,1054080,Lütjenholm,25842,Kreis Nordfriesland,Schleswig-Holstein
454200,1062045,Lütjensee,22952,Kreis Stormarn,Schleswig-Holstein
548603,1058100,Lütjenwestedt,25585,Kreis Rendsburg-Eckernförde,Schleswig-Holstein
1432372,13075087,Lütow,17440,Landkreis Vorpommern-Greifswald,Mecklenburg-Vorpommern
2396126,16061067,Lutter,37318,Landkreis Eichsfeld,Thüringen
288259,1057049,Lutterbek,24235,Kreis Plön,Schleswig-Holstein
1451524,13076092,Lüttow-Valluhn,19246,Landkreis Ludwigslust-Parchim,Mecklenburg-Vorpommern
1266503,7135056,Lütz,56290,Landkreis Cochem-Zell,Rheinland-Pfalz
451776,6437010,Lützelbach,64750,Odenwaldkreis,Hessen
2405267,15084315,Lützen,06686,Burgenlandkreis,Sachsen-Anhalt
1269807,7135057,Lutzerath,56826,Landkreis Cochem-Zell,Rheinland-Pfalz
444180,1056035,Lutzhorn,25355,Kreis Pinneberg,Schleswig-Holstein
957090,9773146,Lutzingen,89440,Landkreis Dillingen an der Donau,Bayern
1113739,7232263,Lützkampen,54617,Eifelkreis Bitburg-Prüm,Rheinland-Pfalz
1444896,13074050,Lützow,19209,Landkreis Nordwestmecklenburg,Mecklenburg-Vorpommern
548050,7137066,Luxem,56729,Landkreis Mayen-Koblenz,Rheinland-Pfalz
1334117,12073384,Lychen,17279,Landkreis Uckermark,Brandenburg
539903,7141083,Lykershausen,56346,Rhein-Lahn-Kreis,Rheinland-Pfalz
2014017,3251024,Maasen,27249,Landkreis Diepholz,Niedersachsen
1145349,1059142,Maasholm,24404,Kreis Schleswig-Flensburg,Schleswig-Holstein
422922,14729250,Machern,04827,Landkreis Leipzig,Sachsen
546646,7137215,Macken,56290,Landkreis Mayen-Koblenz,Rheinland-Pfalz
1186711,7335024,Mackenbach,67686,Landkreis Kaiserslautern,Rheinland-Pfalz
2396131,16061068,Mackenrode,37318,Landkreis Eichsfeld,Thüringen
1245127,7134052,Mackenrodt,55758,Landkreis Birkenfeld,Rheinland-Pfalz
2857006,16071053,Magdala,99441,Landkreis Weimarer Land,Thüringen
62481,15003000,Magdeburg,39104,,Sachsen-Anhalt
62481,15003000,Magdeburg,39106,,Sachsen-Anhalt
62481,15003000,Magdeburg,39108,,Sachsen-Anhalt
62481,15003000,Magdeburg,39110,,Sachsen-Anhalt
62481,15003000,Magdeburg,39112,,Sachsen-Anhalt
62481,15003000,Magdeburg,39114,,Sachsen-Anhalt
62481,15003000,Magdeburg,39116,,Sachsen-Anhalt
62481,15003000,Magdeburg,39118,,Sachsen-Anhalt
62481,15003000,Magdeburg,39120,,Sachsen-Anhalt
62481,15003000,Magdeburg,39122,,Sachsen-Anhalt
62481,15003000,Magdeburg,39124,,Sachsen-Anhalt
62481,15003000,Magdeburg,39126,,Sachsen-Anhalt
62481,15003000,Magdeburg,39128,,Sachsen-Anhalt
62481,15003000,Magdeburg,39130,,Sachsen-Anhalt
722147,8115029,Magstadt,71106,Landkreis Böblingen,Baden-Württemberg
453010,8317073,Mahlberg,77972,Ortenaukreis,Baden-Württemberg
1231954,8327033,Mahlstetten,78601,Landkreis Tuttlingen,Baden-Württemberg
534482,7143502,Mähren,56459,Westerwaldkreis,Rheinland-Pfalz
968890,9377139,Mähring,95695,Landkreis Tirschenreuth,Bayern
959862,9776118,Maierhöfen,88167,Landkreis Lindau,Bayern
962609,9779176,Maihingen,86747,Landkreis Donau-Ries,Bayern
1252416,7337052,Maikammer,67487,Landkreis Südliche Weinstraße,Rheinland-Pfalz
534353,9671140,Mainaschaff,63814,Landkreis Aschaffenburg,Bayern
283611,9675144,Mainbernheim,97350,Landkreis Kitzingen,Bayern
956643,9273147,Mainburg,84048,Landkreis Kelheim,Bayern
391369,8127052,Mainhardt,74535,Landkreis Schwäbisch Hall,Baden-Württemberg
659743,6438007,Mainhausen,63533,Landkreis Offenbach,Hessen
1022772,9477136,Mainleus,95336,Landkreis Kulmbach,Bayern
283564,9675146,Mainstockheim,97320,Landkreis Kitzingen,Bayern
535888,6435019,Maintal,63477,Main-Kinzig-Kreis,Hessen
62630,7315000,Mainz,55116,,Rheinland-Pfalz
62630,7315000,Mainz,55118,,Rheinland-Pfalz
62630,7315000,Mainz,55120,,Rheinland-Pfalz
62630,7315000,Mainz,55122,,Rheinland-Pfalz
62630,7315000,Mainz,55124,,Rheinland-Pfalz
62630,7315000,Mainz,55126,,Rheinland-Pfalz
62630,7315000,Mainz,55127,,Rheinland-Pfalz
62630,7315000,Mainz,55128,,Rheinland-Pfalz
62630,7315000,Mainz,55129,,Rheinland-Pfalz
62630,7315000,Mainz,55130,,Rheinland-Pfalz
62630,7315000,Mainz,55131,,Rheinland-Pfalz
933500,9179134,Maisach,82216,Landkreis Fürstenfeldbruck,Bayern
1182310,7140089,Maisborn,56291,Rhein-Hunsrück-Kreis,Rheinland-Pfalz
940681,9183126,Maitenbeth,83558,Landkreis Mühldorf am Inn,Bayern
1245199,7140090,Maitzborn,55481,Rhein-Hunsrück-Kreis,Rheinland-Pfalz
421917,7132066,Malberg,57629,Landkreis Altenkirchen,Rheinland-Pfalz
1140569,7232075,Malberg,54655,Eifelkreis Bitburg-Prüm,Rheinland-Pfalz
62428,9162000,München,81673,,Bayern
1140554,7232076,Malbergweich,54655,Eifelkreis Bitburg-Prüm,Rheinland-Pfalz
1258419,7231079,Malborn,54426,Landkreis Bernkastel-Wittlich,Rheinland-Pfalz
1427274,13071092,Malchin,17139,Landkreis Mecklenburgische Seenplatte,Mecklenburg-Vorpommern
958119,9275132,Malching,94094,Landkreis Passau,Bayern
1424390,13071093,Malchow,17213,Landkreis Mecklenburgische Seenplatte,Mecklenburg-Vorpommern
382435,1055028,Malente,23714,Kreis Ostholstein,Schleswig-Holstein
957054,9277131,Malgersdorf,84333,Landkreis Rottal-Inn,Bayern
1451567,13076093,Malk Göhren,19294,Landkreis Ludwigslust-Parchim,Mecklenburg-Vorpommern
959637,9278148,Mallersdorf-Pfaffenberg,84066,Landkreis Straubing-Bogen,Bayern
1451604,13076094,Malliß,19294,Landkreis Ludwigslust-Parchim,Mecklenburg-Vorpommern
1130289,8336104,Malsburg-Marzell,79429,Landkreis Lörrach,Baden-Württemberg
453401,8226046,Malsch,69254,Rhein-Neckar-Kreis,Baden-Württemberg
659837,8215046,Malsch,76316,Landkreis Karlsruhe,Baden-Württemberg
2678596,14625340,Malschwitz - Malešecy,02694,Landkreis Bautzen,Sachsen
452211,6634013,Malsfeld,34323,Schwalm-Eder-Kreis,Hessen
1124267,8316024,Malterdingen,79364,Landkreis Emmendingen,Baden-Württemberg
418889,7132067,Mammelzen,57636,Landkreis Altenkirchen,Rheinland-Pfalz
933535,9179136,Mammendorf,82291,Landkreis Fürstenfeldbruck,Bayern
959910,9279125,Mamming,94437,Landkreis Dingolfing-Landau,Bayern
387285,9186137,Manching,85077,Landkreis Pfaffenhofen an der Ilm,Bayern
1244221,7133061,Mandel,55595,Landkreis Bad Kreuznach,Rheinland-Pfalz
1184821,10045116,Mandelbachtal,66399,Saarpfalz-Kreis,Saarland
1256077,7235081,Mandern,54429,Landkreis Trier-Saarburg,Rheinland-Pfalz
1113730,7232264,Manderscheid,54649,Eifelkreis Bitburg-Prüm,Rheinland-Pfalz
1258885,7231080,Manderscheid,54531,Landkreis Bernkastel-Wittlich,Rheinland-Pfalz
382413,1055029,Manhagen,23738,Kreis Ostholstein,Schleswig-Holstein
1075147,7233225,Mannebach,56769,Landkreis Vulkaneifel,Rheinland-Pfalz
1256026,7235082,Mannebach,54441,Landkreis Trier-Saarburg,Rheinland-Pfalz
62691,8222000,Mannheim,68159,,Baden-Württemberg
62691,8222000,Mannheim,68161,,Baden-Württemberg
62691,8222000,Mannheim,68163,,Baden-Württemberg
62691,8222000,Mannheim,68165,,Baden-Württemberg
62691,8222000,Mannheim,68167,,Baden-Württemberg
62691,8222000,Mannheim,68169,,Baden-Württemberg
62691,8222000,Mannheim,68199,,Baden-Württemberg
62691,8222000,Mannheim,68219,,Baden-Württemberg
62691,8222000,Mannheim,68229,,Baden-Württemberg
62691,8222000,Mannheim,68239,,Baden-Württemberg
62691,8222000,Mannheim,68259,,Baden-Württemberg
62691,8222000,Mannheim,68305,,Baden-Württemberg
62691,8222000,Mannheim,68307,,Baden-Württemberg
62691,8222000,Mannheim,68309,,Baden-Württemberg
1253880,7333043,Mannweiler-Cölln,67822,Donnersbergkreis,Rheinland-Pfalz
2409462,15087275,Mansfeld,06343,Landkreis Mansfeld-Südharz,Sachsen-Anhalt
1059463,9374134,Mantel,92708,Landkreis Neustadt an der Waldnaab,Bayern
1245248,7339036,Manubach,55413,Landkreis Mainz-Bingen,Rheinland-Pfalz
405289,8118049,Marbach am Neckar,71672,Landkreis Ludwigsburg,Baden-Württemberg
405289,8118049,Marbach am Neckar,71711,Landkreis Ludwigsburg,Baden-Württemberg
225494,6534014,Marburg,35037,Landkreis Marburg-Biedenkopf,Hessen
225494,6534014,Marburg,35039,Landkreis Marburg-Biedenkopf,Hessen
225494,6534014,Marburg,35041,Landkreis Marburg-Biedenkopf,Hessen
225494,6534014,Marburg,35043,Landkreis Marburg-Biedenkopf,Hessen
225494,6534014,Marburg,35094,Landkreis Marburg-Biedenkopf,Hessen
1954582,8315132,March,79232,Landkreis Breisgau-Hochschwarzwald,Baden-Württemberg
181161,9679161,Margetshöchheim,97276,Landkreis Würzburg,Bayern
959669,9278149,Mariaposching,94553,Landkreis Straubing-Bogen,Bayern
422286,14521390,Marienberg,09496,Erzgebirgskreis,Sachsen
540461,7141084,Marienfels,56357,Rhein-Lahn-Kreis,Rheinland-Pfalz
1289804,12070266,Marienfließ,16945,Landkreis Prignitz,Brandenburg
898641,3452017,Marienhafe,26529,Landkreis Aurich,Niedersachsen
444326,7138201,Marienhausen,56269,Landkreis Neuwied,Rheinland-Pfalz
173853,5374024,Marienheide,51709,Oberbergischer Kreis,Nordrhein-Westfalen
148594,5762024,Marienmünster,37696,Kreis Höxter,Nordrhein-Westfalen
533587,7143044,Marienrachdorf,56242,Westerwaldkreis,Rheinland-Pfalz
1446633,3154015,Mariental,38368,Landkreis Helmstedt,Niedersachsen
1318361,12060154,Marienwerder,16348,Landkreis Barnim,Brandenburg
1258366,7231081,Maring-Noviand,54484,Landkreis Bernkastel-Wittlich,Rheinland-Pfalz
1273258,16069028,Marisfeld,98530,Landkreis Hildburghausen,Thüringen
2783888,8435034,Markdorf,88677,Bodenseekreis,Baden-Württemberg
1311107,14626300,Markersdorf,02829,Landkreis Görlitz,Sachsen
405841,8118050,Markgröningen,71706,Landkreis Ludwigsburg,Baden-Württemberg
1389676,12061328,Märkisch Buchholz,15748,Landkreis Dahme-Spreewald,Brandenburg
1389281,12061329,Märkische Heide,15913,Landkreis Dahme-Spreewald,Brandenburg
1332936,12064303,Märkische Höhe,15377,Landkreis Märkisch-Oderland,Brandenburg
1302388,12068306,Märkisch Linden,16818,Landkreis Ostprignitz-Ruppin,Brandenburg
1266347,12063186,Märkisch Luch,14715,Landkreis Havelland,Brandenburg
93399,14729260,Markkleeberg,04416,Landkreis Leipzig,Sachsen
959905,9279126,Marklkofen,84163,Landkreis Dingolfing-Landau,Bayern
1183265,3256021,Marklohe,31608,Landkreis Nienburg/Weser,Niedersachsen
443525,14523200,Markneukirchen,08258,Vogtlandkreis,Sachsen
420238,14729270,Markranstädt,04420,Landkreis Leipzig,Sachsen
356768,9575143,Marktbergel,91613,Landkreis Neustadt an der Aisch-Bad Windsheim,Bayern
1015119,9577149,Markt Berolzheim,91801,Landkreis Weißenburg-Gunzenhausen,Bayern
356749,9575144,Markt Bibart,91477,Landkreis Neustadt an der Aisch-Bad Windsheim,Bayern
282304,9675147,Marktbreit,97340,Landkreis Kitzingen,Bayern
282345,9675148,Markt Einersheim,97348,Landkreis Kitzingen,Bayern
357052,9575145,Markt Erlbach,91459,Landkreis Neustadt an der Aisch-Bad Windsheim,Bayern
1026856,9478143,Marktgraitz,96257,Landkreis Lichtenfels,Bayern
336517,9677157,Marktheidenfeld,97828,Landkreis Main-Spessart,Bayern
415818,9174131,Markt Indersdorf,85229,Landkreis Dachau,Bayern
942037,9171123,Marktl,84533,Landkreis Altötting,Bayern
1022771,9477138,Marktleugast,95352,Landkreis Kulmbach,Bayern
1022874,9479135,Marktleuthen,95168,Landkreis Wunsiedel im Fichtelgebirge,Bayern
356753,9575146,Markt Nordheim,91478,Landkreis Neustadt an der Aisch-Bad Windsheim,Bayern
445608,9777151,Marktoberdorf,87616,Landkreis Ostallgäu,Bayern
962606,9779177,Marktoffingen,86748,Landkreis Donau-Ries,Bayern
1022884,9479136,Marktredwitz,95615,Landkreis Wunsiedel im Fichtelgebirge,Bayern
958231,9778168,Markt Rettenbach,87733,Landkreis Unterallgäu,Bayern
1021759,9476183,Marktrodach,96364,Landkreis Kronach,Bayern
941833,9172124,Marktschellenberg,83487,Landkreis Berchtesgadener Land,Bayern
1022761,9477139,Marktschorgast,95509,Landkreis Kulmbach,Bayern
929821,9175127,Markt Schwaben,85570,Landkreis Ebersberg,Bayern
282348,9675149,Marktsteft,97342,Landkreis Kitzingen,Bayern
356991,9575147,Markt Taschendorf,91480,Landkreis Neustadt an der Aisch-Bad Windsheim,Bayern
958168,9778169,Markt Wald,86865,Landkreis Unterallgäu,Bayern
1026855,9478144,Marktzeuln,96275,Landkreis Lichtenfels,Bayern
2411291,16068036,Markvippach,99195,Landkreis Sömmerda,Thüringen
63460,5562024,Marl,45768,Kreis Recklinghausen,Nordrhein-Westfalen
63460,5562024,Marl,45770,Kreis Recklinghausen,Nordrhein-Westfalen
63460,5562024,Marl,45772,Kreis Recklinghausen,Nordrhein-Westfalen
1675744,3251025,Marl,49448,Landkreis Diepholz,Niedersachsen
1016521,9572141,Marloffstein,91080,Landkreis Erlangen-Höchstadt,Bayern
372363,13073055,Marlow,18337,Landkreis Vorpommern-Rügen,Mecklenburg-Vorpommern
935724,1051072,Marne,25709,Kreis Dithmarschen,Schleswig-Holstein
935702,1051073,Marnerdeich,25709,Kreis Dithmarschen,Schleswig-Holstein
1254066,7333045,Marnheim,67297,Donnersbergkreis,Rheinland-Pfalz
388834,9674171,Maroldsweisach,96126,Landkreis Haßberge,Bayern
2902825,16064043,Marolterode,99994,Unstrut-Hainich-Kreis,Thüringen
533588,7143045,Maroth,56271,Westerwaldkreis,Rheinland-Pfalz
1184604,10046112,Marpingen,66646,Landkreis St. Wendel,Saarland
941729,9189129,Marquartstein,83250,Landkreis Traunstein,Bayern
157381,5958024,Marsberg,34431,Hochsauerlandkreis,Nordrhein-Westfalen
305532,3353023,Marschacht,21436,Landkreis Harburg,Niedersachsen
289959,1057050,Martensrade,24238,Kreis Plön,Schleswig-Holstein
1182392,3251026,Martfeld,27327,Landkreis Diepholz,Niedersachsen
2395942,16061069,Marth,37318,Landkreis Eichsfeld,Thüringen
10519512,16070034,Martinroda,98693,Ilm-Kreis,Thüringen
282303,9675150,Martinsheim,97340,Landkreis Kitzingen,Bayern
1253814,7335203,Martinshöhe,66894,Landkreis Kaiserslautern,Rheinland-Pfalz
1244164,7133062,Martinstein,55627,Landkreis Bad Kreuznach,Rheinland-Pfalz
307326,3353024,Marxen,21439,Landkreis Harburg,Niedersachsen
962386,9779178,Marxheim,86688,Landkreis Donau-Ries,Bayern
309861,8215047,Marxzell,76359,Landkreis Karlsruhe,Baden-Württemberg
453168,7143261,Marzhausen,57627,Westerwaldkreis,Rheinland-Pfalz
30004,9178140,Marzling,85417,Landkreis Freising,Bayern
448130,7135058,Masburg,56761,Landkreis Cochem-Zell,Rheinland-Pfalz
2801347,8426071,Maselheim,88437,Landkreis Biberach,Baden-Württemberg
383672,9672131,Maßbach,97711,Landkreis Bad Kissingen,Bayern
410522,8125061,Massenbachhausen,74252,Landkreis Heilbronn,Baden-Württemberg
1322945,12062333,Massen-Niederlausitz,03238,Landkreis Elbe-Elster,Brandenburg
1322945,12062333,Massen-Niederlausitz,03246,Landkreis Elbe-Elster,Brandenburg
1263901,16069061,Masserberg,98666,Landkreis Hildburghausen,Thüringen
957065,9277133,Massing,84323,Landkreis Rottal-Inn,Bayern
1251032,7340217,Maßweiler,66506,Landkreis Südwestpfalz,Rheinland-Pfalz
1204721,7140204,Mastershausen,56869,Rhein-Hunsrück-Kreis,Rheinland-Pfalz
1108061,7232265,Masthorn,54597,Eifelkreis Bitburg-Prüm,Rheinland-Pfalz
1246480,7336107,Matzenbach,66909,Landkreis Kusel,Rheinland-Pfalz
1108041,7232266,Matzerath,54597,Eifelkreis Bitburg-Prüm,Rheinland-Pfalz
1248588,7331044,Mauchenheim,67294,Landkreis Alzey-Worms,Rheinland-Pfalz
421953,7132068,Mauden,57520,Landkreis Altenkirchen,Rheinland-Pfalz
1113763,7232267,Mauel,54649,Eifelkreis Bitburg-Prüm,Rheinland-Pfalz
453394,8226048,Mauer,69256,Rhein-Neckar-Kreis,Baden-Württemberg
29828,9178142,Mauern,85419,Landkreis Freising,Bayern
447634,9777152,Mauerstetten,87665,Landkreis Ostallgäu,Bayern
358098,8236038,Maulbronn,75433,Enzkreis,Baden-Württemberg
1130300,8336057,Maulburg,79689,Landkreis Lörrach,Baden-Württemberg
1250694,7340218,Mauschbach,66500,Landkreis Südwestpfalz,Rheinland-Pfalz
958949,9272134,Mauth,94151,Landkreis Freyung-Grafenau,Bayern
422697,7338018,Maxdorf,67133,Rhein-Pfalz-Kreis,Rheinland-Pfalz
962126,9376141,Maxhütte-Haidhof,93142,Landkreis Schwandorf,Bayern
533589,7143046,Maxsain,56244,Westerwaldkreis,Rheinland-Pfalz
541668,7137068,Mayen,56727,Landkreis Mayen-Koblenz,Rheinland-Pfalz
541668,7137068,Mayen,56729,Landkreis Mayen-Koblenz,Rheinland-Pfalz
1021824,7131049,Mayschoß,53508,Landkreis Ahrweiler,Rheinland-Pfalz
2857007,16071055,Mechelroda,99441,Landkreis Weimarer Land,Thüringen
158142,5366028,Mechernich,53894,Kreis Euskirchen,Nordrhein-Westfalen
1470110,1053088,Mechow,23909,Kreis Herzogtum Lauenburg,Schleswig-Holstein
1392136,3355023,Mechtersen,21358,Landkreis Lüneburg,Niedersachsen
1152674,7232077,Meckel,54636,Eifelkreis Bitburg-Prüm,Rheinland-Pfalz
1244084,7133063,Meckenbach,55606,Landkreis Bad Kreuznach,Rheinland-Pfalz
1244283,7134053,Meckenbach,55767,Landkreis Birkenfeld,Rheinland-Pfalz
2806600,8435035,Meckenbeuren,88074,Bodenseekreis,Baden-Württemberg
173124,5382032,Meckenheim,53340,Rhein-Sieg-Kreis,Nordrhein-Westfalen
1249975,7332035,Meckenheim,67149,Landkreis Bad Dürkheim,Rheinland-Pfalz
453395,8226049,Meckesheim,74909,Rhein-Neckar-Kreis,Baden-Württemberg
1246787,7336061,Medard,67744,Landkreis Kusel,Rheinland-Pfalz
1244158,7133064,Meddersheim,55566,Landkreis Bad Kreuznach,Rheinland-Pfalz
62428,9162000,München,81675,,Bayern
532319,1062046,Meddewade,23847,Kreis Stormarn,Schleswig-Holstein
157387,5958028,Medebach,59964,Hochsauerlandkreis,Nordrhein-Westfalen
1156023,1059143,Medelby,24994,Kreis Schleswig-Flensburg,Schleswig-Holstein
956189,9773153,Medlingen,89441,Landkreis Dillingen an der Donau,Bayern
1432540,13075088,Medow,17391,Landkreis Vorpommern-Greifswald,Mecklenburg-Vorpommern
956806,9473144,Meeder,96484,Landkreis Coburg,Bayern
417023,14524190,Meerane,08393,Landkreis Zwickau,Sachsen
1169411,3257023,Meerbeck,31715,Landkreis Schaumburg,Niedersachsen
161503,5162022,Meerbusch,40667,Rhein-Kreis Neuss,Nordrhein-Westfalen
161503,5162022,Meerbusch,40668,Rhein-Kreis Neuss,Nordrhein-Westfalen
161503,5162022,Meerbusch,40670,Rhein-Kreis Neuss,Nordrhein-Westfalen
1258864,7231082,Meerfeld,54531,Landkreis Bernkastel-Wittlich,Rheinland-Pfalz
2784048,8435036,Meersburg,88709,Bodenseekreis,Baden-Württemberg
1427222,13071096,Meesiger,17111,Landkreis Mecklenburgische Seenplatte,Mecklenburg-Vorpommern
556090,1058103,Meezen,24594,Kreis Rendsburg-Eckernförde,Schleswig-Holstein
962605,9779180,Megesheim,86750,Landkreis Donau-Ries,Bayern
1157802,1059058,Meggerdorf,24799,Kreis Schleswig-Flensburg,Schleswig-Holstein
1157802,1059058,Meggerdorf,24861,Kreis Schleswig-Flensburg,Schleswig-Holstein
1186704,7335025,Mehlbach,67735,Landkreis Kaiserslautern,Rheinland-Pfalz
448604,1061067,Mehlbek,25588,Kreis Steinburg,Schleswig-Holstein
1253745,7335026,Mehlingen,67678,Landkreis Kaiserslautern,Rheinland-Pfalz
1070972,9472164,Mehlmeisel,95694,Landkreis Bayreuth,Bayern
2831133,16066041,Mehmels,98634,Landkreis Schmalkalden-Meiningen,Thüringen
2778484,16077031,Mehna,04626,Landkreis Altenburger Land,Thüringen
418135,7132069,Mehren,57635,Landkreis Altenkirchen,Rheinland-Pfalz
1085802,7233042,Mehren,54552,Landkreis Vulkaneifel,Rheinland-Pfalz
942043,9171124,Mehring,84561,Landkreis Altötting,Bayern
1260244,7235083,Mehring,54346,Landkreis Trier-Saarburg,Rheinland-Pfalz
940880,8415048,Mehrstetten,72537,Landkreis Reutlingen,Baden-Württemberg
1408068,13075089,Meiersberg,17375,Landkreis Vorpommern-Greifswald,Mecklenburg-Vorpommern
444700,7138042,Meinborn,56584,Landkreis Neuwied,Rheinland-Pfalz
1363524,3151016,Meine,38527,Landkreis Gifhorn,Niedersachsen
1375134,3151017,Meinersen,38536,Landkreis Gifhorn,Niedersachsen
168556,5962036,Meinerzhagen,58540,Märkischer Kreis,Nordrhein-Westfalen
2404162,15084013,Meineweh,06721,Burgenlandkreis,Sachsen-Anhalt
549416,6636007,Meinhard,37276,Werra-Meißner-Kreis,Hessen
1015120,9577150,Meinheim,91802,Landkreis Weißenburg-Gunzenhausen,Bayern
2247548,16066042,Meiningen,98617,Landkreis Schmalkalden-Meiningen,Thüringen
1085799,7233043,Meisburg,54570,Landkreis Vulkaneifel,Rheinland-Pfalz
1244061,7133065,Meisenheim,55590,Landkreis Bad Kreuznach,Rheinland-Pfalz
546775,14627140,Meißen,01662,Landkreis Meißen,Sachsen
452997,8317075,Meißenheim,77974,Ortenaukreis,Baden-Württemberg
549418,6636008,Meißner,37290,Werra-Meißner-Kreis,Hessen
445866,9772177,Meitingen,86405,Landkreis Augsburg,Bayern
1846198,3355024,Melbeck,21406,Landkreis Lüneburg,Niedersachsen
1318348,12060161,Melchow,16230,Landkreis Barnim,Brandenburg
416357,1051074,Meldorf,25704,Kreis Dithmarschen,Schleswig-Holstein
1085139,3459024,Melle,49324,Landkreis Osnabrück,Niedersachsen
1085139,3459024,Melle,49326,Landkreis Osnabrück,Niedersachsen
1085139,3459024,Melle,49328,Landkreis Osnabrück,Niedersachsen
1433086,13075090,Mellenthin,17429,Landkreis Vorpommern-Greifswald,Mecklenburg-Vorpommern
2857008,16071056,Mellingen,99441,Landkreis Weimarer Land,Thüringen
2014018,3251027,Mellinghausen,27249,Landkreis Diepholz,Niedersachsen
387410,9673142,Mellrichstadt,97638,Landkreis Rhön-Grabfeld,Bayern
444704,7138043,Melsbach,56581,Landkreis Neuwied,Rheinland-Pfalz
554749,1058104,Melsdorf,24109,Kreis Rendsburg-Eckernförde,Schleswig-Holstein
452197,6634014,Melsungen,34212,Schwalm-Eder-Kreis,Hessen
1424146,13071097,Melz,17209,Landkreis Mecklenburgische Seenplatte,Mecklenburg-Vorpommern
1077554,9471159,Memmelsdorf,96117,Landkreis Bamberg,Bayern
62590,9764000,Memmingen,87700,,Bayern
958245,9778171,Memmingerberg,87766,Landkreis Unterallgäu,Bayern
2063638,5962040,Menden,58706,Märkischer Kreis,Nordrhein-Westfalen
2063638,5962040,Menden,58708,Märkischer Kreis,Nordrhein-Westfalen
2063638,5962040,Menden,58710,Märkischer Kreis,Nordrhein-Westfalen
544235,7137069,Mendig,56743,Landkreis Mayen-Koblenz,Rheinland-Pfalz
2805403,8437076,Mengen,88512,Landkreis Sigmaringen,Baden-Württemberg
1241637,7140092,Mengerschied,55490,Rhein-Hunsrück-Kreis,Rheinland-Pfalz
324297,6533011,Mengerskirchen,35794,Landkreis Limburg-Weilburg,Hessen
959904,9279127,Mengkofen,84152,Landkreis Dingolfing-Landau,Bayern
1163501,7232078,Menningen,54310,Eifelkreis Bitburg-Prüm,Rheinland-Pfalz
1808583,3459025,Menslage,49637,Landkreis Osnabrück,Niedersachsen
1479212,13074052,Menzendorf,23923,Landkreis Nordwestmecklenburg,Mecklenburg-Vorpommern
1075125,3454035,Meppen,49716,Landkreis Emsland,Niedersachsen
396003,9771145,Merching,86504,Landkreis Aichach-Friedberg,Bayern
1187150,10043113,Merchweiler,66589,Landkreis Neunkirchen,Saarland
70178,8315072,Merdingen,79291,Landkreis Breisgau-Hochschwarzwald,Baden-Württemberg
324299,6533012,Merenberg,35799,Landkreis Limburg-Weilburg,Hessen
161796,9771146,Mering,86415,Landkreis Aichach-Friedberg,Bayern
453169,7143262,Merkelbach,57629,Westerwaldkreis,Rheinland-Pfalz
534389,9571177,Merkendorf,91732,Landkreis Ansbach,Bayern
2772187,8425079,Merklingen,89188,Alb-Donau-Kreis,Baden-Württemberg
1113752,7232270,Merlscheid,54597,Eifelkreis Bitburg-Prüm,Rheinland-Pfalz
1182321,7140093,Mermuth,56283,Rhein-Hunsrück-Kreis,Rheinland-Pfalz
1258428,7231083,Merschbach,54426,Landkreis Bernkastel-Wittlich,Rheinland-Pfalz
2406260,15088220,Merseburg,06217,Saalekreis,Sachsen-Anhalt
2404010,15084335,Mertendorf,06618,Burgenlandkreis,Sachsen-Anhalt
2778387,16074055,Mertendorf,07619,Saale-Holzland-Kreis,Thüringen
1256956,7235085,Mertesdorf,54318,Landkreis Trier-Saarburg,Rheinland-Pfalz
1249736,7332036,Mertesheim,67271,Landkreis Bad Dürkheim,Rheinland-Pfalz
562972,9779181,Mertingen,86690,Landkreis Donau-Ries,Bayern
543126,7137070,Mertloch,56753,Landkreis Mayen-Koblenz,Rheinland-Pfalz
1244161,7133066,Merxheim,55627,Landkreis Bad Kreuznach,Rheinland-Pfalz
1251060,7340031,Merzalben,66978,Landkreis Südwestpfalz,Rheinland-Pfalz
1303795,12062336,Merzdorf,04932,Landkreis Elbe-Elster,Brandenburg
2014404,3459026,Merzen,49586,Landkreis Osnabrück,Niedersachsen
163310,5358040,Merzenich,52399,Kreis Düren,Nordrhein-Westfalen
1946233,8315073,Merzhausen,79249,Landkreis Breisgau-Hochschwarzwald,Baden-Württemberg
1187154,10042113,Merzig,66663,Landkreis Merzig-Wadern,Saarland
1256022,7235154,Merzkirchen,54439,Landkreis Trier-Saarburg,Rheinland-Pfalz
1246765,7336062,Merzweiler,67746,Landkreis Kusel,Rheinland-Pfalz
157423,5958032,Meschede,59872,Hochsauerlandkreis,Nordrhein-Westfalen
1334110,12073393,Mescherin,16307,Landkreis Uckermark,Brandenburg
956962,13075091,Mesekenhagen,17498,Landkreis Vorpommern-Greifswald,Mecklenburg-Vorpommern
1259314,7135060,Mesenich,56820,Landkreis Cochem-Zell,Rheinland-Pfalz
387604,9671141,Mespelbrunn,63875,Landkreis Aschaffenburg,Bayern
452396,6432012,Messel,64409,Landkreis Darmstadt-Dieburg,Hessen
1182393,3257024,Messenkamp,31867,Landkreis Schaumburg,Niedersachsen
1152678,7232079,Messerich,54636,Eifelkreis Bitburg-Prüm,Rheinland-Pfalz
2006836,3454036,Messingen,49832,Landkreis Emsland,Niedersachsen
2805976,8437078,Meßkirch,88605,Landkreis Sigmaringen,Baden-Württemberg
2779379,8417044,Meßstetten,72469,Zollernalbkreis,Baden-Württemberg
449910,13076096,Mestlin,19374,Landkreis Ludwigslust-Parchim,Mecklenburg-Vorpommern
155786,5566052,Metelen,48629,Kreis Steinfurt,Nordrhein-Westfalen
1504827,13074053,Metelsdorf,23972,Landkreis Nordwestmecklenburg,Mecklenburg-Vorpommern
959810,9271132,Metten,94526,Landkreis Deggendorf,Bayern
1171865,7232080,Mettendorf,54675,Eifelkreis Bitburg-Prüm,Rheinland-Pfalz
941000,9183127,Mettenheim,84562,Landkreis Mühldorf am Inn,Bayern
1248685,7331045,Mettenheim,67582,Landkreis Alzey-Worms,Rheinland-Pfalz
1152692,7232081,Metterich,54634,Eifelkreis Bitburg-Prüm,Rheinland-Pfalz
155573,5566056,Mettingen,49497,Kreis Steinfurt,Nordrhein-Westfalen
1184405,10042114,Mettlach,66693,Landkreis Merzig-Wadern,Saarland
66521,5158024,Mettmann,40822,Kreis Mettmann,Nordrhein-Westfalen
1245065,7134054,Mettweiler,55777,Landkreis Birkenfeld,Rheinland-Pfalz
957009,7140094,Metzenhausen,55481,Rhein-Hunsrück-Kreis,Rheinland-Pfalz
2774075,8415050,Metzingen,72555,Landkreis Reutlingen,Baden-Württemberg
534483,7143263,Meudt,56414,Westerwaldkreis,Rheinland-Pfalz
1273290,16073055,Meura,98744,Landkreis Saalfeld-Rudolstadt,Thüringen
2778388,16074056,Meusebach,07646,Saale-Holzland-Kreis,Thüringen
1263715,16077032,Meuselwitz,04610,Landkreis Altenburger Land,Thüringen
1060431,7131050,Meuspath,53520,Landkreis Ahrweiler,Rheinland-Pfalz
1289815,12070280,Meyenburg,16945,Landkreis Prignitz,Brandenburg
1156029,1059144,Meyn,24980,Kreis Schleswig-Flensburg,Schleswig-Holstein
1026862,9478145,Michelau i.OFr.,96247,Landkreis Lichtenfels,Bayern
318258,9678157,Michelau i.Steigerwald,97513,Landkreis Schweinfurt,Bayern
418871,7132070,Michelbach,57610,Landkreis Altenkirchen,Rheinland-Pfalz
1204714,7140095,Michelbach,56288,Rhein-Hunsrück-Kreis,Rheinland-Pfalz
391363,8127056,Michelbach an der Bilz,74544,Landkreis Schwäbisch Hall,Baden-Württemberg
391368,8127059,Michelfeld,74545,Landkreis Schwäbisch Hall,Baden-Württemberg
960529,9372142,Michelsneukirchen,93185,Landkreis Cham,Bayern
451803,6437011,Michelstadt,64720,Odenwaldkreis,Hessen
332537,12069397,Michendorf,14552,Landkreis Potsdam-Mittelmark,Brandenburg
935163,9772178,Mickhausen,86866,Landkreis Augsburg,Bayern
1428586,1054083,Midlum,25938,Kreis Nordfriesland,Schleswig-Holstein
540462,7141085,Miehlen,56357,Rhein-Lahn-Kreis,Rheinland-Pfalz
554771,1058105,Mielkendorf,24247,Kreis Rendsburg-Eckernförde,Schleswig-Holstein
535692,7141086,Miellen,56132,Rhein-Lahn-Kreis,Rheinland-Pfalz
935948,9182125,Miesbach,83714,Landkreis Miesbach,Bayern
2179192,16075065,Miesitz,07819,Saale-Orla-Kreis,Thüringen
2801348,8426073,Mietingen,88487,Landkreis Biberach,Baden-Württemberg
2778389,16074057,Milda,07751,Saale-Holzland-Kreis,Thüringen
536634,14521400,Mildenau,09456,Erzgebirgskreis,Sachsen
1405172,1054084,Mildstedt,25866,Kreis Nordfriesland,Schleswig-Holstein
374117,13073057,Millienhagen-Oebelitz,18461,Landkreis Vorpommern-Rügen,Mecklenburg-Vorpommern
1334086,12073396,Milmersdorf,17268,Landkreis Uckermark,Brandenburg
1451564,13076097,Milow,19294,Landkreis Ludwigslust-Parchim,Mecklenburg-Vorpommern
1451564,13076097,Milow,19300,Landkreis Ludwigslust-Parchim,Mecklenburg-Vorpommern
1267578,12063189,Milower Land,14715,Landkreis Havelland,Brandenburg
961932,9372143,Miltach,93468,Landkreis Cham,Bayern
393538,9676139,Miltenberg,63897,Landkreis Miltenberg,Bayern
445772,9778173,Mindelheim,87719,Landkreis Unterallgäu,Bayern
943558,9176147,Mindelstetten,93349,Landkreis Eichstätt,Bayern
139087,5770024,Minden,32423,Kreis Minden-Lübbecke,Nordrhein-Westfalen
139087,5770024,Minden,32425,Kreis Minden-Lübbecke,Nordrhein-Westfalen
139087,5770024,Minden,32427,Kreis Minden-Lübbecke,Nordrhein-Westfalen
139087,5770024,Minden,32429,Kreis Minden-Lübbecke,Nordrhein-Westfalen
1163507,7232082,Minden,54310,Eifelkreis Bitburg-Prüm,Rheinland-Pfalz
1259129,7231085,Minderlittgen,54518,Landkreis Bernkastel-Wittlich,Rheinland-Pfalz
1250502,7334020,Minfeld,76872,Landkreis Germersheim,Rheinland-Pfalz
1258386,7231086,Minheim,54518,Landkreis Bernkastel-Wittlich,Rheinland-Pfalz
964614,9375170,Mintraching,93098,Landkreis Regensburg,Bayern
1419648,13071099,Mirow,17252,Landkreis Mecklenburgische Seenplatte,Mecklenburg-Vorpommern
540067,7141087,Misselberg,56377,Rhein-Lahn-Kreis,Rheinland-Pfalz
957812,9780127,Missen-Wilhams,87547,Landkreis Oberallgäu,Bayern
1070976,9472166,Mistelbach,95511,Landkreis Bayreuth,Bayern
1070974,9472167,Mistelgau,95490,Landkreis Bayreuth,Bayern
1964351,13072071,Mistorf,18276,Landkreis Rostock,Mecklenburg-Vorpommern
2790946,1059185,Mittelangeln,24986,Kreis Schleswig-Flensburg,Schleswig-Holstein
2801322,8426074,Mittelbiberach,88441,Landkreis Biberach,Baden-Württemberg
1253825,7335027,Mittelbrunn,66851,Landkreis Kaiserslautern,Rheinland-Pfalz
534387,9571178,Mitteleschenbach,91734,Landkreis Ansbach,Bayern
539711,7141088,Mittelfischbach,56370,Rhein-Lahn-Kreis,Rheinland-Pfalz
418127,14626310,Mittelherwigsdorf,02763,Landkreis Görlitz,Sachsen
421225,7132011,Mittelhof,57537,Landkreis Altenkirchen,Rheinland-Pfalz
935177,9772179,Mittelneufnach,86868,Landkreis Augsburg,Bayern
444926,3359032,Mittelnkirchen,21720,Landkreis Stade,Niedersachsen
2179193,16075066,Mittelpöllnitz,07819,Saale-Orla-Kreis,Thüringen
1245072,7134055,Mittelreidenbach,55758,Landkreis Birkenfeld,Rheinland-Pfalz
349934,9677159,Mittelsinn,97785,Landkreis Main-Spessart,Bayern
2903167,16064045,Mittelsömmern,99955,Unstrut-Hainich-Kreis,Thüringen
445758,3352036,Mittelstenahe,21770,Landkreis Cuxhaven,Niedersachsen
933512,9179137,Mittelstetten,82293,Landkreis Fürstenfeldbruck,Bayern
1269739,7135061,Mittelstrimmig,56858,Landkreis Cochem-Zell,Rheinland-Pfalz
215970,6532017,Mittenaar,35756,Lahn-Dill-Kreis,Hessen
939341,9180123,Mittenwald,82481,Landkreis Garmisch-Partenkirchen,Bayern
55771,12061332,Mittenwalde,15749,Landkreis Dahme-Spreewald,Brandenburg
1334080,12073404,Mittenwalde,17268,Landkreis Uckermark,Brandenburg
959639,9278151,Mitterfels,94360,Landkreis Straubing-Bogen,Bayern
957072,9277134,Mitterskirchen,84335,Landkreis Rottal-Inn,Bayern
975234,9377141,Mitterteich,95666,Landkreis Tirschenreuth,Bayern
414696,14522360,Mittweida,09648,Landkreis Mittelsachsen,Sachsen
1021752,9476154,Mitwitz,96268,Landkreis Kronach,Bayern
1384841,12067324,Mixdorf,15299,Landkreis Oder-Spree,Brandenburg
1283579,15086140,Möckern,39279,Landkreis Jerichower Land,Sachsen-Anhalt
1283579,15086140,Möckern,39291,Landkreis Jerichower Land,Sachsen-Anhalt
2778390,16074058,Möckern,07646,Saale-Holzland-Kreis,Thüringen
409707,8125063,Möckmühl,74219,Landkreis Heilbronn,Baden-Württemberg
446699,14730190,Mockrehna,04862,Landkreis Nordsachsen,Sachsen
452424,6432013,Modautal,64397,Landkreis Darmstadt-Dieburg,Hessen
957078,9773147,Mödingen,89426,Landkreis Dillingen an der Donau,Bayern
58623,5170024,Moers,47441,Kreis Wesel,Nordrhein-Westfalen
58623,5170024,Moers,47443,Kreis Wesel,Nordrhein-Westfalen
58623,5170024,Moers,47445,Kreis Wesel,Nordrhein-Westfalen
58623,5170024,Moers,47447,Kreis Wesel,Nordrhein-Westfalen
535129,7143047,Mogendorf,56424,Westerwaldkreis,Rheinland-Pfalz
915432,8136043,Mögglingen,73563,Ostalbkreis,Baden-Württemberg
405810,8118051,Möglingen,71696,Landkreis Ludwigsburg,Baden-Württemberg
1946738,16076093,Mohlsdorf-Teichwolframsdorf,07987,Landkreis Greiz,Thüringen
153498,5974032,Möhnesee,59519,Kreis Soest,Nordrhein-Westfalen
1466109,1053089,Möhnsen,21493,Kreis Herzogtum Lauenburg,Schleswig-Holstein
1016505,9572142,Möhrendorf,91096,Landkreis Erlangen-Höchstadt,Bayern
1149237,1059060,Mohrkirch,24392,Kreis Schleswig-Flensburg,Schleswig-Holstein
1149237,1059060,Mohrkirch,24405,Kreis Schleswig-Flensburg,Schleswig-Holstein
1149237,1059060,Mohrkirch,24891,Kreis Schleswig-Flensburg,Schleswig-Holstein
303369,3353025,Moisburg,21647,Landkreis Harburg,Niedersachsen
2404040,15084341,Molauer Land,06618,Burgenlandkreis,Sachsen-Anhalt
1101319,3453012,Molbergen,49696,Landkreis Cloppenburg,Niedersachsen
557582,1058107,Molfsee,24113,Kreis Rendsburg-Eckernförde,Schleswig-Holstein
1419594,13071100,Möllenbeck,17237,Landkreis Mecklenburgische Seenplatte,Mecklenburg-Vorpommern
1451543,13076098,Möllenbeck,19300,Landkreis Ludwigslust-Parchim,Mecklenburg-Vorpommern
1424416,13071101,Möllenhagen,17219,Landkreis Mecklenburgische Seenplatte,Mecklenburg-Vorpommern
1427694,13071102,Mölln,17091,Landkreis Mecklenburgische Seenplatte,Mecklenburg-Vorpommern
1604264,1053090,Mölln,23879,Kreis Herzogtum Lauenburg,Schleswig-Holstein
534484,7143266,Molsberg,56414,Westerwaldkreis,Rheinland-Pfalz
2818334,16067047,Molschleben,99869,Landkreis Gotha,Thüringen
1432805,13075092,Mölschow,17449,Landkreis Vorpommern-Greifswald,Mecklenburg-Vorpommern
1248699,7331046,Mölsheim,67591,Landkreis Alzey-Worms,Rheinland-Pfalz
2676471,13071103,Moltzow,17194,Landkreis Mecklenburgische Seenplatte,Mecklenburg-Vorpommern
421923,7132071,Molzhain,57520,Landkreis Altenkirchen,Rheinland-Pfalz
534045,9671143,Mömbris,63776,Landkreis Aschaffenburg,Bayern
395323,9676140,Mömlingen,63853,Landkreis Miltenberg,Bayern
1239629,7339037,Mommenheim,55278,Landkreis Mainz-Bingen,Rheinland-Pfalz
394506,9676141,Mönchberg,63933,Landkreis Miltenberg,Bayern
62410,5116000,Mönchengladbach,41061,,Nordrhein-Westfalen
62410,5116000,Mönchengladbach,41063,,Nordrhein-Westfalen
62410,5116000,Mönchengladbach,41065,,Nordrhein-Westfalen
62410,5116000,Mönchengladbach,41066,,Nordrhein-Westfalen
62410,5116000,Mönchengladbach,41068,,Nordrhein-Westfalen
62410,5116000,Mönchengladbach,41069,,Nordrhein-Westfalen
62410,5116000,Mönchengladbach,41169,,Nordrhein-Westfalen
62410,5116000,Mönchengladbach,41179,,Nordrhein-Westfalen
62410,5116000,Mönchengladbach,41189,,Nordrhein-Westfalen
62410,5116000,Mönchengladbach,41199,,Nordrhein-Westfalen
62410,5116000,Mönchengladbach,41236,,Nordrhein-Westfalen
62410,5116000,Mönchengladbach,41238,,Nordrhein-Westfalen
62410,5116000,Mönchengladbach,41239,,Nordrhein-Westfalen
7885533,13073107,Mönchgut,18586,Landkreis Vorpommern-Rügen,Mecklenburg-Vorpommern
393340,13072072,Mönchhagen,18182,Landkreis Rostock,Mecklenburg-Vorpommern
2387351,16065046,Mönchpfiffel-Nikolausrieth,06556,Kyffhäuserkreis,Thüringen
962449,9779184,Mönchsdeggingen,86751,Landkreis Donau-Ries,Bayern
534178,9571179,Mönchsroth,91614,Landkreis Ansbach,Bayern
1242307,8326037,Mönchweiler,78087,Schwarzwald-Baar-Kreis,Baden-Württemberg
962649,9779186,Monheim,86653,Landkreis Donau-Ries,Bayern
33070,5158026,Monheim am Rhein,40789,Kreis Mettmann,Nordrhein-Westfalen
299456,1057051,Mönkeberg,24248,Kreis Plön,Schleswig-Holstein
62428,9162000,München,81677,,Bayern
1408066,13075093,Mönkebude,17375,Landkreis Vorpommern-Greifswald,Mecklenburg-Vorpommern
532394,1062048,Mönkhagen,23619,Kreis Stormarn,Schleswig-Holstein
423231,1060056,Mönkloh,24576,Kreis Segeberg,Schleswig-Holstein
548051,7137074,Monreal,56729,Landkreis Mayen-Koblenz,Rheinland-Pfalz
158020,5334020,Monschau,52156,Städteregion Aachen,Nordrhein-Westfalen
1248700,7331048,Monsheim,67590,Landkreis Alzey-Worms,Rheinland-Pfalz
908345,8236039,Mönsheim,71297,Enzkreis,Baden-Württemberg
2778485,16077034,Monstab,04617,Landkreis Altenburger Land,Thüringen
453842,7143048,Montabaur,56410,Westerwaldkreis,Rheinland-Pfalz
1266512,7135062,Möntenich,56754,Landkreis Cochem-Zell,Rheinland-Pfalz
1258373,7231087,Monzelfeld,54472,Landkreis Bernkastel-Wittlich,Rheinland-Pfalz
1248784,7331049,Monzernheim,55234,Landkreis Alzey-Worms,Rheinland-Pfalz
1244152,7133067,Monzingen,55569,Landkreis Bad Kreuznach,Rheinland-Pfalz
450524,1061068,Moordiek,25597,Kreis Steinburg,Schleswig-Holstein
933548,9179138,Moorenweis,82272,Landkreis Fürstenfeldbruck,Bayern
448556,1061070,Moorhusen,25554,Kreis Steinburg,Schleswig-Holstein
1187825,3457014,Moormerland,26802,Landkreis Leer,Niedersachsen
443194,1056036,Moorrege,25436,Kreis Pinneberg,Schleswig-Holstein
2012456,3462008,Moorweg,26427,Landkreis Wittmund,Niedersachsen
959820,9271135,Moos,94554,Landkreis Deggendorf,Bayern
2784986,8335055,Moos,78345,Landkreis Konstanz,Baden-Württemberg
929917,9175128,Moosach,85665,Landkreis Ebersberg,Bayern
1059465,9374137,Moosbach,92709,Landkreis Neustadt an der Waldnaab,Bayern
29996,9178143,Moosburg,85368,Landkreis Freising,Bayern
2801349,8426078,Moosburg,88422,Landkreis Biberach,Baden-Württemberg
934763,9177130,Moosinning,85452,Landkreis Erding,Bayern
959901,9279128,Moosthenning,84164,Landkreis Dingolfing-Landau,Bayern
1451504,13076099,Moraas,19230,Landkreis Ludwigslust-Parchim,Mecklenburg-Vorpommern
661030,7231502,Morbach,54497,Landkreis Bernkastel-Wittlich,Rheinland-Pfalz
548591,1058106,Mörel,24594,Kreis Rendsburg-Eckernförde,Schleswig-Holstein
444545,6433008,Mörfelden-Walldorf,64546,Kreis Groß-Gerau,Hessen
1397836,3155009,Moringen,37186,Landkreis Northeim,Niedersachsen
551229,14627150,Moritzburg,01468,Landkreis Meißen,Sachsen
1269732,7135064,Moritzheim,56865,Landkreis Cochem-Zell,Rheinland-Pfalz
451712,7143264,Mörlen,57583,Westerwaldkreis,Rheinland-Pfalz
163730,6431017,Mörlenbach,69509,Kreis Bergstraße,Hessen
943554,9176148,Mörnsheim,91804,Landkreis Eichstätt,Bayern
173872,5374028,Morsbach,51597,Oberbergischer Kreis,Nordrhein-Westfalen
453170,7143265,Mörsbach,57629,Westerwaldkreis,Rheinland-Pfalz
1241482,7140096,Mörschbach,55494,Rhein-Hunsrück-Kreis,Rheinland-Pfalz
1256948,7235090,Morscheid,54317,Landkreis Trier-Saarburg,Rheinland-Pfalz
452212,6634015,Morschen,34326,Schwalm-Eder-Kreis,Hessen
1254068,7333047,Morschheim,67294,Donnersbergkreis,Rheinland-Pfalz
1245142,7134056,Mörschied,55758,Landkreis Birkenfeld,Rheinland-Pfalz
1266502,7140503,Mörsdorf,56290,Rhein-Hunsrück-Kreis,Rheinland-Pfalz
2778391,16074059,Mörsdorf,07646,Saale-Holzland-Kreis,Thüringen
2634803,7333046,Mörsfeld,67808,Donnersbergkreis,Rheinland-Pfalz
1182307,7140205,Morshausen,56283,Rhein-Hunsrück-Kreis,Rheinland-Pfalz
1248702,7331047,Mörstadt,67591,Landkreis Alzey-Worms,Rheinland-Pfalz
403743,8225058,Mosbach,74821,Neckar-Odenwald-Kreis,Baden-Württemberg
1075135,7233226,Mosbruch,56767,Landkreis Vulkaneifel,Rheinland-Pfalz
535130,7143049,Moschheim,56424,Westerwaldkreis,Rheinland-Pfalz
1266511,7135065,Moselkern,56254,Landkreis Cochem-Zell,Rheinland-Pfalz
395864,15086145,Möser,39175,Landkreis Jerichower Land,Sachsen-Anhalt
395864,15086145,Möser,39291,Landkreis Jerichower Land,Sachsen-Anhalt
451797,6437012,Mossautal,64756,Odenwaldkreis,Hessen
2179195,16075068,Moßbach,07907,Saale-Orla-Kreis,Thüringen
2778717,8416025,Mössingen,72116,Landkreis Tübingen,Baden-Württemberg
384318,9672134,Motten,97786,Landkreis Bad Kissingen,Bayern
962464,9779185,Möttingen,86753,Landkreis Donau-Ries,Bayern
966621,9375171,Mötzing,93099,Landkreis Regensburg,Bayern
722072,8115034,Mötzingen,71159,Landkreis Böblingen,Baden-Württemberg
2179194,16075069,Moxa,07381,Saale-Orla-Kreis,Thüringen
422846,1060057,Mözen,23795,Kreis Segeberg,Schleswig-Holstein
173117,5382036,Much,53804,Rhein-Sieg-Kreis,Nordrhein-Westfalen
310384,1057052,Mucheln,24238,Kreis Plön,Schleswig-Holstein
2406074,15088235,Mücheln (Geiseltal),06249,Saalekreis,Sachsen-Anhalt
2406074,15088235,Mücheln (Geiseltal),06255,Saalekreis,Sachsen-Anhalt
2406074,15088235,Mücheln (Geiseltal),06268,Saalekreis,Sachsen-Anhalt
2406074,15088235,Mücheln (Geiseltal),06632,Saalekreis,Sachsen-Anhalt
1451556,13076100,Muchow,19300,Landkreis Ludwigslust-Parchim,Mecklenburg-Vorpommern
1316259,14626320,Mücka - Mikow,02906,Landkreis Görlitz,Sachsen
418338,6535013,Mücke,35325,Vogelsbergkreis,Hessen
1085809,7233046,Mückeln,54558,Landkreis Vulkaneifel,Rheinland-Pfalz
403736,8225060,Mudau,69427,Neckar-Odenwald-Kreis,Baden-Württemberg
1375205,3151018,Müden (Aller),38539,Landkreis Gifhorn,Niedersachsen
453171,7143267,Mudenbach,57614,Westerwaldkreis,Rheinland-Pfalz
1116412,7135066,Müden (Mosel),56254,Landkreis Cochem-Zell,Rheinland-Pfalz
422320,7132072,Mudersbach,57555,Landkreis Altenkirchen,Rheinland-Pfalz
538931,7141089,Mudershausen,65623,Rhein-Lahn-Kreis,Rheinland-Pfalz
535249,14730200,Mügeln,04769,Landkreis Nordsachsen,Sachsen
907209,8216033,Muggensturm,76461,Landkreis Rastatt,Baden-Württemberg
455486,14628250,Müglitztal,01809,Landkreis Sächsische Schweiz-Osterzgebirge,Sachsen
553520,1058108,Mühbrook,24582,Kreis Rendsburg-Eckernförde,Schleswig-Holstein
358085,8236040,Mühlacker,75417,Enzkreis,Baden-Württemberg
412401,14522380,Mühlau,09241,Landkreis Mittelsachsen,Sachsen
1303470,12062341,Mühlberg/Elbe,04895,Landkreis Elbe-Elster,Brandenburg
1303470,12062341,Mühlberg/Elbe,04931,Landkreis Elbe-Elster,Brandenburg
941004,9183128,Mühldorf a. Inn,84453,Landkreis Mühldorf am Inn,Bayern
453021,8317078,Mühlenbach,77796,Ortenaukreis,Baden-Württemberg
450225,1061071,Mühlenbarbek,25548,Kreis Steinburg,Schleswig-Holstein
1310093,12065225,Mühlenbecker Land,16515,Landkreis Oberhavel,Brandenburg
1310093,12065225,Mühlenbecker Land,16552,Landkreis Oberhavel,Brandenburg
1310093,12065225,Mühlenbecker Land,16567,Landkreis Oberhavel,Brandenburg
1342390,12063202,Mühlenberge,14662,Landkreis Havelland,Brandenburg
1444891,13074054,Mühlen Eichsen,19205,Landkreis Nordwestmecklenburg,Mecklenburg-Vorpommern
555912,12069402,Mühlenfließ,14822,Landkreis Potsdam-Mittelmark,Brandenburg
555912,12069402,Mühlenfließ,14823,Landkreis Potsdam-Mittelmark,Brandenburg
1466069,1053091,Mühlenrade,21493,Kreis Herzogtum Lauenburg,Schleswig-Holstein
443862,14523230,Mühlental,08626,Vogtlandkreis,Sachsen
453374,8226054,Mühlhausen,69242,Rhein-Neckar-Kreis,Baden-Württemberg
1016517,9572143,Mühlhausen,96172,Landkreis Erlangen-Höchstadt,Bayern
1028809,9373146,Mühlhausen,92360,Landkreis Neumarkt in der Oberpfalz,Bayern
2895773,16064046,Mühlhausen,99974,Unstrut-Hainich-Kreis,Thüringen
2895773,16064046,Mühlhausen,99998,Unstrut-Hainich-Kreis,Thüringen
1104552,8335097,Mühlhausen-Ehingen,78259,Landkreis Konstanz,Baden-Württemberg
2788184,8117035,Mühlhausen im Täle,73347,Landkreis Göppingen,Baden-Württemberg
659749,6438008,Mühlheim am Main,63165,Landkreis Offenbach,Hessen
1231978,8327036,Mühlheim an der Donau,78570,Landkreis Tuttlingen,Baden-Württemberg
1236165,8335057,Mühlingen,78357,Landkreis Konstanz,Baden-Württemberg
1182318,7140098,Mühlpfad,56291,Rhein-Hunsrück-Kreis,Rheinland-Pfalz
1965800,13072073,Mühl Rosin,18276,Landkreis Rostock,Mecklenburg-Vorpommern
452413,6432014,Mühltal,64367,Landkreis Darmstadt-Dieburg,Hessen
1015094,9577114,Muhr am See,91735,Landkreis Weißenburg-Gunzenhausen,Bayern
1152668,7232083,Mülbach,54636,Eifelkreis Bitburg-Prüm,Rheinland-Pfalz
416542,14522390,Mulda/Sachsen,09619,Landkreis Mittelsachsen,Sachsen
443783,14523245,Muldenhammer,08262,Vogtlandkreis,Sachsen
1329610,15082241,Muldestausee,06774,Landkreis Anhalt-Bitterfeld,Sachsen-Anhalt
376870,8126056,Mulfingen,74673,Hohenlohekreis,Baden-Württemberg
1258369,7231090,Mülheim an der Mosel,54486,Landkreis Bernkastel-Wittlich,Rheinland-Pfalz
62385,5117000,Mülheim an der Ruhr,45468,,Nordrhein-Westfalen
62385,5117000,Mülheim an der Ruhr,45470,,Nordrhein-Westfalen
62385,5117000,Mülheim an der Ruhr,45472,,Nordrhein-Westfalen
62385,5117000,Mülheim an der Ruhr,45473,,Nordrhein-Westfalen
62385,5117000,Mülheim an der Ruhr,45475,,Nordrhein-Westfalen
62385,5117000,Mülheim an der Ruhr,45476,,Nordrhein-Westfalen
62385,5117000,Mülheim an der Ruhr,45478,,Nordrhein-Westfalen
62385,5117000,Mülheim an der Ruhr,45479,,Nordrhein-Westfalen
62385,5117000,Mülheim an der Ruhr,45481,,Nordrhein-Westfalen
548979,7137216,Mülheim-Kärlich,56218,Landkreis Mayen-Koblenz,Rheinland-Pfalz
1060434,7131051,Müllenbach,53520,Landkreis Ahrweiler,Rheinland-Pfalz
1259829,7135067,Müllenbach,56761,Landkreis Cochem-Zell,Rheinland-Pfalz
311922,8315074,Müllheim,79379,Landkreis Breisgau-Hochschwarzwald,Baden-Württemberg
1384847,12067336,Müllrose,15299,Landkreis Oder-Spree,Brandenburg
417079,14524200,Mülsen,08132,Landkreis Zwickau,Sachsen
1021700,9475154,Münchberg,95213,Landkreis Hof,Bayern
1332918,12064317,Müncheberg,15374,Landkreis Märkisch-Oderland,Brandenburg
1389675,12061344,Münchehofe,15748,Landkreis Dahme-Spreewald,Brandenburg
62428,9162000,München,80331,,Bayern
62428,9162000,München,80333,,Bayern
62428,9162000,München,80335,,Bayern
62428,9162000,München,80336,,Bayern
62428,9162000,München,80337,,Bayern
62428,9162000,München,80339,,Bayern
62428,9162000,München,80469,,Bayern
62428,9162000,München,80538,,Bayern
62428,9162000,München,80539,,Bayern
62428,9162000,München,80634,,Bayern
62428,9162000,München,80636,,Bayern
62428,9162000,München,80637,,Bayern
62428,9162000,München,80638,,Bayern
62428,9162000,München,80639,,Bayern
62428,9162000,München,80686,,Bayern
62428,9162000,München,80687,,Bayern
62428,9162000,München,80689,,Bayern
62428,9162000,München,80796,,Bayern
62428,9162000,München,80797,,Bayern
62428,9162000,München,80798,,Bayern
62428,9162000,München,80799,,Bayern
62428,9162000,München,80801,,Bayern
62428,9162000,München,80802,,Bayern
62428,9162000,München,80803,,Bayern
62428,9162000,München,80804,,Bayern
62428,9162000,München,80805,,Bayern
62428,9162000,München,80807,,Bayern
62428,9162000,München,80809,,Bayern
62428,9162000,München,80933,,Bayern
62428,9162000,München,80935,,Bayern
62428,9162000,München,80937,,Bayern
62428,9162000,München,80939,,Bayern
62428,9162000,München,80992,,Bayern
62428,9162000,München,80993,,Bayern
62428,9162000,München,80995,,Bayern
62428,9162000,München,80997,,Bayern
62428,9162000,München,80999,,Bayern
62428,9162000,München,81241,,Bayern
62428,9162000,München,81243,,Bayern
62428,9162000,München,81245,,Bayern
62428,9162000,München,81247,,Bayern
62428,9162000,München,81248,,Bayern
62428,9162000,München,81249,,Bayern
62428,9162000,München,81369,,Bayern
62428,9162000,München,81371,,Bayern
62428,9162000,München,81373,,Bayern
62428,9162000,München,81375,,Bayern
62428,9162000,München,81377,,Bayern
62428,9162000,München,81379,,Bayern
62428,9162000,München,81475,,Bayern
62428,9162000,München,81476,,Bayern
62428,9162000,München,81477,,Bayern
62428,9162000,München,81479,,Bayern
62428,9162000,München,81539,,Bayern
62428,9162000,München,81541,,Bayern
62428,9162000,München,81543,,Bayern
62428,9162000,München,81545,,Bayern
62428,9162000,München,81547,,Bayern
62428,9162000,München,81549,,Bayern
62428,9162000,München,81667,,Bayern
62428,9162000,München,81669,,Bayern
62428,9162000,München,81679,,Bayern
62428,9162000,München,81735,,Bayern
62428,9162000,München,81737,,Bayern
62428,9162000,München,81739,,Bayern
62428,9162000,München,81825,,Bayern
62428,9162000,München,81827,,Bayern
62428,9162000,München,81829,,Bayern
62428,9162000,München,81925,,Bayern
62428,9162000,München,81927,,Bayern
62428,9162000,München,81929,,Bayern
62428,9162000,München,85540,,Bayern
2804468,16076049,Münchenbernsdorf,07589,Landkreis Greiz,Thüringen
225481,6534015,Münchhausen,35117,Landkreis Marburg-Biedenkopf,Hessen
380979,9186139,Münchsmünster,85126,Landkreis Pfaffenhofen an der Ilm,Bayern
357014,9575150,Münchsteinach,91481,Landkreis Neustadt an der Aisch-Bad Windsheim,Bayern
1244214,7133068,Münchwald,55595,Landkreis Bad Kreuznach,Rheinland-Pfalz
1252770,7337054,Münchweiler am Klingbach,76857,Landkreis Südliche Weinstraße,Rheinland-Pfalz
1254712,7333048,Münchweiler an der Alsenz,67728,Donnersbergkreis,Rheinland-Pfalz
1251057,7340032,Münchweiler an der Rodalb,66955,Landkreis Südwestpfalz,Rheinland-Pfalz
1251057,7340032,Münchweiler an der Rodalb,66981,Landkreis Südwestpfalz,Rheinland-Pfalz
405295,8118053,Mundelsheim,74395,Landkreis Ludwigsburg,Baden-Württemberg
2803400,8425081,Munderkingen,89597,Alb-Donau-Kreis,Baden-Württemberg
453172,7143268,Mündersbach,56271,Westerwaldkreis,Rheinland-Pfalz
548052,7137077,Münk,56729,Landkreis Mayen-Koblenz,Rheinland-Pfalz
1149280,1059145,Munkbrarup,24960,Kreis Schleswig-Flensburg,Schleswig-Holstein
383695,9672135,Münnerstadt,97702,Landkreis Bad Kissingen,Bayern
962602,9779188,Munningen,86754,Landkreis Donau-Ries,Bayern
935105,9173137,Münsing,82541,Landkreis Bad Tölz-Wolfratshausen,Bayern
2774199,8415053,Münsingen,72525,Landkreis Reutlingen,Baden-Württemberg
1809014,3358016,Munster,29633,Landkreis Heidekreis,Niedersachsen
62591,5515000,Münster,48143,,Nordrhein-Westfalen
62591,5515000,Münster,48145,,Nordrhein-Westfalen
62591,5515000,Münster,48147,,Nordrhein-Westfalen
62591,5515000,Münster,48149,,Nordrhein-Westfalen
62591,5515000,Münster,48151,,Nordrhein-Westfalen
62591,5515000,Münster,48153,,Nordrhein-Westfalen
62591,5515000,Münster,48155,,Nordrhein-Westfalen
62591,5515000,Münster,48157,,Nordrhein-Westfalen
62591,5515000,Münster,48159,,Nordrhein-Westfalen
62591,5515000,Münster,48161,,Nordrhein-Westfalen
62591,5515000,Münster,48163,,Nordrhein-Westfalen
62591,5515000,Münster,48165,,Nordrhein-Westfalen
62591,5515000,Münster,48167,,Nordrhein-Westfalen
962251,9779187,Münster,86692,Landkreis Donau-Ries,Bayern
1253882,7333049,Münsterappel,67822,Donnersbergkreis,Rheinland-Pfalz
450519,1061072,Münsterdorf,25587,Kreis Steinburg,Schleswig-Holstein
964149,9774160,Münsterhausen,86505,Landkreis Günzburg,Bayern
452392,6432015,Münster (Hessen),64839,Landkreis Darmstadt-Dieburg,Hessen
543127,7137501,Münstermaifeld,56294,Landkreis Mayen-Koblenz,Rheinland-Pfalz
1239648,7339038,Münster-Sarmsheim,55424,Landkreis Mainz-Bingen,Rheinland-Pfalz
72264,8315130,Münstertal,79244,Landkreis Breisgau-Hochschwarzwald,Baden-Württemberg
446510,6440015,Münzenberg,35516,Wetteraukreis,Hessen
1433744,13075094,Murchin,17390,Landkreis Vorpommern-Greifswald,Mecklenburg-Vorpommern
2787776,8337076,Murg,79730,Landkreis Waldshut,Baden-Württemberg
1074561,7233227,Mürlenbach,54570,Landkreis Vulkaneifel,Rheinland-Pfalz
939375,9180124,Murnau am Staffelsee,82418,Landkreis Garmisch-Partenkirchen,Bayern
405294,8118054,Murr,71711,Landkreis Ludwigsburg,Baden-Württemberg
66285,8119044,Murrhardt,71540,Rems-Murr-Kreis,Baden-Württemberg
1060433,7131052,Müsch,53533,Landkreis Ahrweiler,Rheinland-Pfalz
453173,7143269,Müschenbach,57629,Westerwaldkreis,Rheinland-Pfalz
1467719,1053092,Müssen,21516,Kreis Herzogtum Lauenburg,Schleswig-Holstein
1476162,1053093,Mustin,23911,Kreis Herzogtum Lauenburg,Schleswig-Holstein
1964780,13076101,Mustin,19406,Landkreis Ludwigslust-Parchim,Mecklenburg-Vorpommern
1258869,7231091,Musweiler,54534,Landkreis Bernkastel-Wittlich,Rheinland-Pfalz
915411,8136044,Mutlangen,73557,Ostalbkreis,Baden-Württemberg
1241645,7140099,Mutterschied,55469,Rhein-Hunsrück-Kreis,Rheinland-Pfalz
418405,7338019,Mutterstadt,67112,Rhein-Pfalz-Kreis,Rheinland-Pfalz
1108066,7232271,Mützenich,54608,Eifelkreis Bitburg-Prüm,Rheinland-Pfalz
1171848,7232084,Muxerath,54673,Eifelkreis Bitburg-Prüm,Rheinland-Pfalz
962202,9376144,Nabburg,92507,Landkreis Schwandorf,Bayern
1800166,5962044,Nachrodt-Wiblingwerde,58769,Märkischer Kreis,Nordrhein-Westfalen
548053,7137079,Nachtsheim,56729,Landkreis Mayen-Koblenz,Rheinland-Pfalz
1248584,7331050,Nack,55234,Landkreis Alzey-Worms,Rheinland-Pfalz
1239645,7339039,Nackenheim,55299,Landkreis Mainz-Bingen,Rheinland-Pfalz
1407738,13075095,Nadrensee,17329,Landkreis Vorpommern-Greifswald,Mecklenburg-Vorpommern
1022869,9479138,Nagel,95697,Landkreis Wunsiedel im Fichtelgebirge,Bayern
1177445,8235046,Nagold,72202,Landkreis Calw,Baden-Württemberg
422706,1060058,Nahe,23866,Kreis Segeberg,Schleswig-Holstein
1376687,3355025,Nahrendorf,21369,Landkreis Lüneburg,Niedersachsen
1021706,9475156,Naila,95119,Landkreis Hof,Bayern
1184568,10044113,Nalbach,66809,Landkreis Saarlouis,Saarland
1184601,10046113,Namborn,66640,Landkreis St. Wendel,Saarland
29825,9178144,Nandlstadt,85395,Landkreis Freising,Bayern
29825,9178144,Nandlstadt,85405,Landkreis Freising,Bayern
1241647,7140100,Nannhausen,55469,Rhein-Hunsrück-Kreis,Rheinland-Pfalz
1246487,7336064,Nanzdietschweiler,66909,Landkreis Kusel,Rheinland-Pfalz
1171886,7232085,Nasingen,54673,Eifelkreis Bitburg-Prüm,Rheinland-Pfalz
540068,7141091,Nassau,56377,Rhein-Lahn-Kreis,Rheinland-Pfalz
943542,9176149,Nassenfels,85128,Landkreis Eichstätt,Bayern
540463,7141092,Nastätten,56355,Rhein-Lahn-Kreis,Rheinland-Pfalz
1460247,3360014,Natendorf,29587,Landkreis Uelzen,Niedersachsen
1152684,7232086,Nattenheim,54636,Eifelkreis Bitburg-Prüm,Rheinland-Pfalz
2791906,8135026,Nattheim,89564,Landkreis Heidenheim,Baden-Württemberg
1262688,12063208,Nauen,14641,Landkreis Havelland,Brandenburg
2857010,16071059,Nauendorf,99448,Landkreis Weimarer Land,Thüringen
444540,6433009,Nauheim,64569,Kreis Groß-Gerau,Hessen
453721,6633018,Naumburg,34311,Landkreis Kassel,Hessen
2403974,15084355,Naumburg (Saale),06618,Burgenlandkreis,Sachsen-Anhalt
2403974,15084355,Naumburg (Saale),06628,Burgenlandkreis,Sachsen-Anhalt
535246,14730210,Naundorf,04769,Landkreis Nordsachsen,Sachsen
543128,7137080,Naunheim,56753,Landkreis Mayen-Koblenz,Rheinland-Pfalz
422341,14729300,Naunhof,04683,Landkreis Leipzig,Sachsen
532373,7143050,Nauort,56237,Westerwaldkreis,Rheinland-Pfalz
1255926,7235091,Naurath (Eifel),54340,Landkreis Trier-Saarburg,Rheinland-Pfalz
1257093,7235092,Naurath (Wald),54426,Landkreis Trier-Saarburg,Rheinland-Pfalz
421915,7132073,Nauroth,57583,Landkreis Altenkirchen,Rheinland-Pfalz
2778392,16074061,Nausnitz,07616,Saale-Holzland-Kreis,Thüringen
2899676,16063058,Nazza,99826,Wartburgkreis,Thüringen
1428597,1054085,Nebel,25946,Kreis Nordfriesland,Schleswig-Holstein
1307668,14625350,Nebelschütz - Njebjelčicy,01920,Landkreis Bautzen,Sachsen
2395647,15084360,Nebra (Unstrut),06642,Burgenlandkreis,Sachsen-Anhalt
453371,8226055,Neckarbischofsheim,74924,Rhein-Neckar-Kreis,Baden-Württemberg
453391,8226056,Neckargemünd,69151,Rhein-Neckar-Kreis,Baden-Württemberg
403749,8225064,Neckargerach,69437,Neckar-Odenwald-Kreis,Baden-Württemberg
537067,6431018,Neckarsteinach,69239,Kreis Bergstraße,Hessen
410471,8125065,Neckarsulm,74172,Landkreis Heilbronn,Baden-Württemberg
2796304,8116041,Neckartailfingen,72666,Landkreis Esslingen,Baden-Württemberg
2796402,8116042,Neckartenzlingen,72654,Landkreis Esslingen,Baden-Württemberg
935920,8125066,Neckarwestheim,74382,Landkreis Heilbronn,Baden-Württemberg
403742,8225067,Neckarzimmern,74865,Neckar-Odenwald-Kreis,Baden-Württemberg
1419839,13071104,Neddemin,17039,Landkreis Mecklenburgische Seenplatte,Mecklenburg-Vorpommern
1269729,7135068,Neef,56858,Landkreis Cochem-Zell,Rheinland-Pfalz
2789639,8425083,Neenstetten,89189,Alb-Donau-Kreis,Baden-Württemberg
1387448,3355026,Neetze,21398,Landkreis Lüneburg,Niedersachsen
1419916,13071105,Neetzka,17349,Landkreis Mecklenburgische Seenplatte,Mecklenburg-Vorpommern
3422079,13075155,Neetzow-Liepen,17391,Landkreis Vorpommern-Greifswald,Mecklenburg-Vorpommern
1184660,3255030,Negenborn,37643,Landkreis Holzminden,Niedersachsen
553511,1058109,Negenharrie,24625,Kreis Rendsburg-Eckernförde,Schleswig-Holstein
422876,1060059,Negernbötel,23795,Kreis Segeberg,Schleswig-Holstein
406901,1060060,Nehms,23813,Kreis Segeberg,Schleswig-Holstein
310404,1057053,Nehmten,24326,Kreis Plön,Schleswig-Holstein
1259310,7135069,Nehren,56820,Landkreis Cochem-Zell,Rheinland-Pfalz
2778731,8416026,Nehren,72147,Landkreis Tübingen,Baden-Württemberg
1075151,7233048,Neichen,54552,Landkreis Vulkaneifel,Rheinland-Pfalz
1140557,7232087,Neidenbach,54657,Eifelkreis Bitburg-Prüm,Rheinland-Pfalz
1249990,7332037,Neidenfels,67468,Landkreis Bad Dürkheim,Rheinland-Pfalz
453369,8226058,Neidenstein,74933,Rhein-Neckar-Kreis,Baden-Württemberg
2795185,8116043,Neidlingen,73272,Landkreis Esslingen,Baden-Württemberg
1311136,14626330,Neißeaue,02829,Landkreis Görlitz,Sachsen
1322606,12071294,Neiße-Malxetal,03159,Landkreis Spree-Neiße,Brandenburg
1384826,12067338,Neißemünde,15898,Landkreis Oder-Spree,Brandenburg
418866,7132502,Neitersen,57638,Landkreis Altenkirchen,Rheinland-Pfalz
2772188,8425084,Nellingen,89191,Alb-Donau-Kreis,Baden-Württemberg
2396221,15088250,Nemsdorf-Göhrendorf,06268,Saalekreis,Sachsen-Anhalt
2012365,3462009,Nenndorf,26556,Landkreis Wittmund,Niedersachsen
1266348,12063212,Nennhausen,14715,Landkreis Havelland,Brandenburg
1015143,9577151,Nennslingen,91790,Landkreis Weißenburg-Gunzenhausen,Bayern
238954,6632013,Nentershausen,36214,Landkreis Hersfeld-Rotenburg,Hessen
453843,7143051,Nentershausen,56412,Westerwaldkreis,Rheinland-Pfalz
970193,7233049,Nerdlen,54552,Landkreis Vulkaneifel,Rheinland-Pfalz
2791018,8425085,Nerenstetten,89129,Alb-Donau-Kreis,Baden-Württemberg
2791979,8136045,Neresheim,73450,Ostalbkreis,Baden-Württemberg
532320,1062050,Neritz,23843,Kreis Stormarn,Schleswig-Holstein
1074565,7233050,Neroth,54570,Landkreis Vulkaneifel,Rheinland-Pfalz
941074,9775134,Nersingen,89278,Landkreis Neu-Ulm,Bayern
1246774,7336065,Nerzweiler,67749,Landkreis Kusel,Rheinland-Pfalz
1307710,14625360,Neschwitz - Njeswačidło,02699,Landkreis Bautzen,Sachsen
2816450,16067087,Nesse-Apfelstädt,99192,Landkreis Gotha,Thüringen
448300,9777153,Nesselwang,87484,Landkreis Ostallgäu,Bayern
9251482,16067091,Nessetal,99869,Landkreis Gotha,Thüringen
163260,5970032,Netphen,57250,Kreis Siegen-Wittgenstein,Nordrhein-Westfalen
310418,1057054,Nettelsee,24250,Kreis Plön,Schleswig-Holstein
158159,5366032,Nettersheim,53947,Kreis Euskirchen,Nordrhein-Westfalen
88686,5166016,Nettetal,41334,Kreis Viersen,Nordrhein-Westfalen
538927,7141093,Netzbach,65623,Rhein-Lahn-Kreis,Rheinland-Pfalz
446592,14523260,Netzschkau,08491,Vogtlandkreis,Sachsen
418434,6434007,Neu-Anspach,61267,Hochtaunuskreis,Hessen
1246416,7133069,Neu-Bamberg,55546,Landkreis Bad Kreuznach,Rheinland-Pfalz
1149458,1059062,Neuberend,24879,Kreis Schleswig-Flensburg,Schleswig-Holstein
535893,6435020,Neuberg,63543,Main-Kinzig-Kreis,Hessen
2186928,9187154,Neubeuern,83115,Landkreis Rosenheim,Bayern
2168248,9184146,Neubiberg,85579,Landkreis München,Bayern
1432698,13075097,Neu Boltenhagen,17509,Landkreis Vorpommern-Greifswald,Mecklenburg-Vorpommern
1474205,3454037,Neubörger,26909,Landkreis Emsland,Niedersachsen
62705,13071107,Neubrandenburg,17033,Landkreis Mecklenburgische Seenplatte,Mecklenburg-Vorpommern
62705,13071107,Neubrandenburg,17034,Landkreis Mecklenburgische Seenplatte,Mecklenburg-Vorpommern
62705,13071107,Neubrandenburg,17036,Landkreis Mecklenburgische Seenplatte,Mecklenburg-Vorpommern
180668,9679164,Neubrunn,97277,Landkreis Würzburg,Bayern
2828207,16066045,Neubrunn,98617,Landkreis Schmalkalden-Meiningen,Thüringen
62780,9564000,Nürnberg,90473,,Bayern
394352,13072074,Neubukow,18233,Landkreis Rostock,Mecklenburg-Vorpommern
1183344,8235047,Neubulach,75385,Landkreis Calw,Baden-Württemberg
1183344,8235047,Neubulach,75387,Landkreis Calw,Baden-Württemberg
1515659,13074056,Neuburg,23974,Landkreis Nordwestmecklenburg,Mecklenburg-Vorpommern
958106,9275133,Neuburg am Inn,94036,Landkreis Passau,Bayern
958106,9275133,Neuburg am Inn,94127,Landkreis Passau,Bayern
1250484,7334021,Neuburg am Rhein,76776,Landkreis Germersheim,Rheinland-Pfalz
943684,9185149,Neuburg an der Donau,86633,Landkreis Neuburg-Schrobenhausen,Bayern
964465,9774162,Neuburg an der Kammel,86476,Landkreis Günzburg,Bayern
934741,9177131,Neuching,85467,Landkreis Erding,Bayern
1821290,3354019,Neu Darchau,29490,Landkreis Lüchow-Dannenberg,Niedersachsen
409713,8125068,Neudenau,74861,Landkreis Heilbronn,Baden-Württemberg
548495,1058110,Neudorf-Bornstein,24214,Kreis Rendsburg-Eckernförde,Schleswig-Holstein
1022781,9477142,Neudrossenfeld,95512,Landkreis Kulmbach,Bayern
548610,1058111,Neu Duvenstedt,24791,Kreis Rendsburg-Eckernförde,Schleswig-Holstein
548610,1058111,Neu Duvenstedt,24794,Kreis Rendsburg-Eckernförde,Schleswig-Holstein
549411,6636009,Neu-Eichenberg,37249,Werra-Meißner-Kreis,Hessen
447313,1061073,Neuenbrook,25361,Kreis Steinburg,Schleswig-Holstein
447313,1061073,Neuenbrook,25578,Kreis Steinburg,Schleswig-Holstein
57977,8236043,Neuenbürg,75305,Enzkreis,Baden-Württemberg
270514,8315076,Neuenburg am Rhein,79395,Landkreis Breisgau-Hochschwarzwald,Baden-Württemberg
443193,1056037,Neuendeich,25436,Kreis Pinneberg,Schleswig-Holstein
534383,9571180,Neuendettelsau,91564,Landkreis Ansbach,Bayern
349449,9677164,Neuendorf,97788,Landkreis Main-Spessart,Bayern
1108047,7232272,Neuendorf,54597,Eifelkreis Bitburg-Prüm,Rheinland-Pfalz
447189,1061074,Neuendorf bei Elmshorn,25335,Kreis Steinburg,Schleswig-Holstein
448018,1061119,Neuendorf-Sachsenbande,25554,Kreis Steinburg,Schleswig-Holstein
2778393,16074063,Neuengönna,07778,Saale-Holzland-Kreis,Thüringen
422841,1060061,Neuengörs,23818,Kreis Segeberg,Schleswig-Holstein
1332933,12064336,Neuenhagen bei Berlin,15366,Landkreis Märkisch-Oderland,Brandenburg
1818448,3456014,Neuenhaus,49828,Landkreis Grafschaft Bentheim,Niedersachsen
155792,5566060,Neuenkirchen,48485,Kreis Steinfurt,Nordrhein-Westfalen
415687,1051075,Neuenkirchen,25792,Kreis Dithmarschen,Schleswig-Holstein
444928,3359033,Neuenkirchen,21640,Landkreis Stade,Niedersachsen
955239,13075102,Neuenkirchen,17498,Landkreis Vorpommern-Greifswald,Mecklenburg-Vorpommern
1419833,13071108,Neuenkirchen,17039,Landkreis Mecklenburgische Seenplatte,Mecklenburg-Vorpommern
1432557,13075101,Neuenkirchen,17392,Landkreis Vorpommern-Greifswald,Mecklenburg-Vorpommern
1438073,13073059,Neuenkirchen,18569,Landkreis Vorpommern-Rügen,Mecklenburg-Vorpommern
1461194,3251028,Neuenkirchen,27251,Landkreis Diepholz,Niedersachsen
1520089,3352038,Neuenkirchen,21763,Landkreis Cuxhaven,Niedersachsen
1809015,3358017,Neuenkirchen,29643,Landkreis Heidekreis,Niedersachsen
1817154,3459027,Neuenkirchen,49586,Landkreis Osnabrück,Niedersachsen
1398893,3460007,Neuenkirchen-Vörden,49434,Landkreis Vechta,Niedersachsen
1022766,9477143,Neuenmarkt,95339,Landkreis Kulmbach,Bayern
168536,5962048,Neuenrade,58809,Märkischer Kreis,Nordrhein-Westfalen
446588,14523270,Neuensalz,08541,Vogtlandkreis,Sachsen
409711,8125069,Neuenstadt am Kocher,74196,Landkreis Heilbronn,Baden-Württemberg
275111,6632014,Neuenstein,36286,Landkreis Hersfeld-Rotenburg,Hessen
377233,8126058,Neuenstein,74632,Hohenlohekreis,Baden-Württemberg
452213,6634016,Neuental,34599,Schwalm-Eder-Kreis,Hessen
1171891,7232088,Neuerburg,54673,Eifelkreis Bitburg-Prüm,Rheinland-Pfalz
1241623,7140101,Neuerkirch,55471,Rhein-Hunsrück-Kreis,Rheinland-Pfalz
30012,9178145,Neufahrn bei Freising,85375,Landkreis Freising,Bayern
30012,9178145,Neufahrn bei Freising,85376,Landkreis Freising,Bayern
179321,9274153,Neufahrn in Niederbayern,84088,Landkreis Landshut,Bayern
935336,1051076,Neufeld,25724,Kreis Dithmarschen,Schleswig-Holstein
935261,1051077,Neufelderkoog,25724,Kreis Dithmarschen,Schleswig-Holstein
2795787,8116046,Neuffen,72639,Landkreis Esslingen,Baden-Württemberg
2805404,8437082,Neufra,72419,Landkreis Sigmaringen,Baden-Württemberg
191693,9274154,Neufraunhofen,84181,Landkreis Landshut,Bayern
1451582,13076102,Neu Gülze,19258,Landkreis Ludwigslust-Parchim,Mecklenburg-Vorpommern
1332944,12064340,Neuhardenberg,15320,Landkreis Märkisch-Oderland,Brandenburg
2012457,3462010,Neuharlingersiel,26427,Landkreis Wittmund,Niedersachsen
1527083,3352039,Neuhaus,21785,Landkreis Cuxhaven,Niedersachsen
966149,9574140,Neuhaus a.d.Pegnitz,91284,Landkreis Nürnberger Land,Bayern
958124,9275134,Neuhaus am Inn,94152,Landkreis Passau,Bayern
1273176,16072013,Neuhaus am Rennweg,98724,Landkreis Sonneberg,Thüringen
453844,7143052,Neuhäusel,56335,Westerwaldkreis,Rheinland-Pfalz
308245,8236044,Neuhausen,75242,Enzkreis,Baden-Württemberg
2796537,8116047,Neuhausen auf den Fildern,73765,Landkreis Esslingen,Baden-Württemberg
416545,14522400,Neuhausen/Erzgebirge,09544,Landkreis Mittelsachsen,Sachsen
1231969,8327038,Neuhausen ob Eck,78579,Landkreis Tuttlingen,Baden-Württemberg
1322563,12071301,Neuhausen/Spree,03058,Landkreis Spree-Neiße,Brandenburg
1140563,7232273,Neuheilenbach,54597,Eifelkreis Bitburg-Prüm,Rheinland-Pfalz
1186698,7335028,Neuhemsbach,67680,Landkreis Kaiserslautern,Rheinland-Pfalz
454881,6631018,Neuhof,36119,Landkreis Fulda,Hessen
357053,9575152,Neuhof a.d.Zenn,90616,Landkreis Neustadt an der Aisch-Bad Windsheim,Bayern
418403,7338020,Neuhofen,67141,Rhein-Pfalz-Kreis,Rheinland-Pfalz
349416,9677165,Neuhütten,97843,Landkreis Main-Spessart,Bayern
1257092,7235093,Neuhütten,54422,Landkreis Trier-Saarburg,Rheinland-Pfalz
659742,6438009,Neu-Isenburg,63263,Landkreis Offenbach,Hessen
1427275,13071109,Neukalen,17154,Landkreis Mecklenburgische Seenplatte,Mecklenburg-Vorpommern
1451593,13076103,Neu Kaliß,19294,Landkreis Ludwigslust-Parchim,Mecklenburg-Vorpommern
2012932,3457015,Neukamperfehn,26835,Landkreis Leer,Niedersachsen
420480,14729320,Neukieritzsch,04575,Landkreis Leipzig,Sachsen
1307662,14625370,Neukirch,01936,Landkreis Bautzen,Sachsen
2806601,8435042,Neukirch,88099,Bodenseekreis,Baden-Württemberg
382422,1055031,Neukirchen,23779,Kreis Ostholstein,Schleswig-Holstein
452198,6634017,Neukirchen,34626,Schwalm-Eder-Kreis,Hessen
959649,9278154,Neukirchen,94362,Landkreis Straubing-Bogen,Bayern
1418943,1054086,Neukirchen,25927,Kreis Nordfriesland,Schleswig-Holstein
962088,9376146,Neukirchen-Balbini,92445,Landkreis Schwandorf,Bayern
959920,9372144,Neukirchen beim Heiligen Blut,93453,Landkreis Cham,Bayern
1028546,9371141,Neukirchen bei Sulzbach-Rosenberg,92259,Landkreis Amberg-Sulzbach,Bayern
536007,14521410,Neukirchen/Erzgebirge,09221,Erzgebirgskreis,Sachsen
417073,14524210,Neukirchen/Pleiße,08459,Landkreis Zwickau,Sachsen
58622,5170028,Neukirchen-Vluyn,47506,Kreis Wesel,Nordrhein-Westfalen
958116,9275135,Neukirchen vorm Wald,94154,Landkreis Passau,Bayern
1307620,14625380,Neukirch/Lausitz,01904,Landkreis Bautzen,Sachsen
1515759,13074057,Neukloster,23992,Landkreis Nordwestmecklenburg,Mecklenburg-Vorpommern
1432537,13075098,Neu Kosenow,17398,Landkreis Vorpommern-Greifswald,Mecklenburg-Vorpommern
1474207,3454038,Neulehe,26909,Landkreis Emsland,Niedersachsen
1249677,7332038,Neuleiningen,67271,Landkreis Bad Dürkheim,Rheinland-Pfalz
915449,8136046,Neuler,73491,Ostalbkreis,Baden-Württemberg
1332956,12064349,Neulewin,16259,Landkreis Märkisch-Oderland,Brandenburg
55218,8236073,Neulingen,75245,Enzkreis,Baden-Württemberg
453414,8226059,Neulußheim,68809,Rhein-Neckar-Kreis,Baden-Württemberg
1258387,7231092,Neumagen-Dhron,54347,Landkreis Bernkastel-Wittlich,Rheinland-Pfalz
446596,14523280,Neumark,08496,Vogtlandkreis,Sachsen
2856454,16071061,Neumark,99439,Landkreis Weimarer Land,Thüringen
1028812,9373147,Neumarkt in der Oberpfalz,92318,Landkreis Neumarkt in der Oberpfalz,Bayern
1028812,9373147,Neumarkt in der Oberpfalz,92348,Landkreis Neumarkt in der Oberpfalz,Bayern
944899,9183129,Neumarkt-Sankt Veit,84494,Landkreis Mühldorf am Inn,Bayern
62528,1004000,Neumünster,24534,,Schleswig-Holstein
62528,1004000,Neumünster,24536,,Schleswig-Holstein
62528,1004000,Neumünster,24537,,Schleswig-Holstein
62528,1004000,Neumünster,24539,,Schleswig-Holstein
962087,9376147,Neunburg vorm Wald,92431,Landkreis Schwandorf,Bayern
2179197,16075072,Neundorf,07924,Saale-Orla-Kreis,Thüringen
451713,7143270,Neunkhausen,57520,Westerwaldkreis,Rheinland-Pfalz
163257,5970036,Neunkirchen,57290,Kreis Siegen-Wittgenstein,Nordrhein-Westfalen
393540,9676143,Neunkirchen,63930,Landkreis Miltenberg,Bayern
403751,8225068,Neunkirchen,74867,Neckar-Odenwald-Kreis,Baden-Württemberg
533254,7143271,Neunkirchen,56479,Westerwaldkreis,Rheinland-Pfalz
1187145,10043114,Neunkirchen,66538,Landkreis Neunkirchen,Saarland
1187145,10043114,Neunkirchen,66539,Landkreis Neunkirchen,Saarland
1187145,10043114,Neunkirchen,66540,Landkreis Neunkirchen,Saarland
1258417,7231093,Neunkirchen,54426,Landkreis Bernkastel-Wittlich,Rheinland-Pfalz
1080490,9474154,Neunkirchen a.Brand,91077,Landkreis Forchheim,Bayern
1246625,7336066,Neunkirchen am Potzberg,66887,Landkreis Kusel,Rheinland-Pfalz
1017484,9574141,Neunkirchen a. Sand,91233,Landkreis Nürnberger Land,Bayern
173122,5382040,Neunkirchen-Seelscheid,53819,Rhein-Sieg-Kreis,Nordrhein-Westfalen
942028,9171125,Neuötting,84524,Landkreis Altötting,Bayern
1314218,12066228,Neupetershain,03103,Landkreis Oberspreewald-Lausitz,Brandenburg
449894,13076104,Neu Poserin,19399,Landkreis Ludwigslust-Parchim,Mecklenburg-Vorpommern
1250428,7334022,Neupotz,76777,Landkreis Germersheim,Rheinland-Pfalz
958963,9272136,Neureichenau,94089,Landkreis Freyung-Grafenau,Bayern
306684,9184132,Neuried,82061,Landkreis München,Bayern
306684,9184132,Neuried,82131,Landkreis München,Bayern
452987,8317151,Neuried,77743,Ortenaukreis,Baden-Württemberg
1302386,12068320,Neuruppin,16816,Landkreis Ostprignitz-Ruppin,Brandenburg
1302386,12068320,Neuruppin,16818,Landkreis Ostprignitz-Ruppin,Brandenburg
1302386,12068320,Neuruppin,16827,Landkreis Ostprignitz-Ruppin,Brandenburg
1302386,12068320,Neuruppin,16833,Landkreis Ostprignitz-Ruppin,Brandenburg
1302386,12068320,Neuruppin,16835,Landkreis Ostprignitz-Ruppin,Brandenburg
1310910,14626350,Neusalza-Spremberg,02742,Landkreis Görlitz,Sachsen
443135,9772184,Neusäß,86356,Landkreis Augsburg,Bayern
958965,9272146,Neuschönau,94556,Landkreis Freyung-Grafenau,Bayern
2012366,3462011,Neuschoo,26487,Landkreis Wittmund,Niedersachsen
1314224,12066226,Neu-Seeland,03103,Landkreis Oberspreewald-Lausitz,Brandenburg
534080,9571181,Neusitz,91616,Landkreis Ansbach,Bayern
975285,9377143,Neusorg,95700,Landkreis Tirschenreuth,Bayern
163307,5162024,Neuss,41460,Rhein-Kreis Neuss,Nordrhein-Westfalen
163307,5162024,Neuss,41462,Rhein-Kreis Neuss,Nordrhein-Westfalen
163307,5162024,Neuss,41464,Rhein-Kreis Neuss,Nordrhein-Westfalen
163307,5162024,Neuss,41466,Rhein-Kreis Neuss,Nordrhein-Westfalen
163307,5162024,Neuss,41468,Rhein-Kreis Neuss,Nordrhein-Westfalen
163307,5162024,Neuss,41469,Rhein-Kreis Neuss,Nordrhein-Westfalen
163307,5162024,Neuss,41470,Rhein-Kreis Neuss,Nordrhein-Westfalen
163307,5162024,Neuss,41472,Rhein-Kreis Neuss,Nordrhein-Westfalen
225497,6534016,Neustadt,35279,Landkreis Marburg-Biedenkopf,Hessen
335458,9677166,Neustadt a.Main,97845,Landkreis Main-Spessart,Bayern
1059431,9374140,Neustadt am Kulm,95514,Landkreis Neustadt an der Waldnaab,Bayern
1162990,3241012,Neustadt am Rübenberge,31535,Region Hannover,Niedersachsen
357040,9575153,Neustadt an der Aisch,91413,Landkreis Neustadt an der Aisch-Bad Windsheim,Bayern
956656,9273152,Neustadt an der Donau,93333,Landkreis Kelheim,Bayern
2179198,16075073,Neustadt an der Orla,07806,Saale-Orla-Kreis,Thüringen
1059448,9374139,Neustadt an der Waldnaab,92660,Landkreis Neustadt an der Waldnaab,Bayern
62724,7316000,Neustadt an der Weinstraße,67433,,Rheinland-Pfalz
62724,7316000,Neustadt an der Weinstraße,67434,,Rheinland-Pfalz
62724,7316000,Neustadt an der Weinstraße,67435,,Rheinland-Pfalz
956803,9473151,Neustadt bei Coburg,96465,Landkreis Coburg,Bayern
1302391,12068324,Neustadt (Dosse),16845,Landkreis Ostprignitz-Ruppin,Brandenburg
1457062,13076105,Neustadt-Glewe,19306,Landkreis Ludwigslust-Parchim,Mecklenburg-Vorpommern
382433,1055032,Neustadt in Holstein,23730,Kreis Ostholstein,Schleswig-Holstein
2321819,14628260,Neustadt in Sachsen,01844,Landkreis Sächsische Schweiz-Osterzgebirge,Sachsen
444284,14523290,Neustadt/Vogtland,08223,Vogtlandkreis,Sachsen
533255,7143272,Neustadt/ Westerwald,56479,Westerwaldkreis,Rheinland-Pfalz
443470,7138044,Neustadt (Wied),53577,Landkreis Neuwied,Rheinland-Pfalz
2778911,8416049,Neustetten,72149,Landkreis Tübingen,Baden-Württemberg
1419600,13071110,Neustrelitz,17235,Landkreis Mecklenburgische Seenplatte,Mecklenburg-Vorpommern
964620,9375174,Neutraubling,93073,Landkreis Regensburg,Bayern
1332903,12064365,Neutrebbin,15320,Landkreis Märkisch-Oderland,Brandenburg
941087,9775135,Neu-Ulm,89231,Landkreis Neu-Ulm,Bayern
941087,9775135,Neu-Ulm,89233,Landkreis Neu-Ulm,Bayern
1177478,8235050,Neuweiler,75389,Landkreis Calw,Baden-Württemberg
79194,7138045,Neuwied,56564,Landkreis Neuwied,Rheinland-Pfalz
79194,7138045,Neuwied,56566,Landkreis Neuwied,Rheinland-Pfalz
79194,7138045,Neuwied,56567,Landkreis Neuwied,Rheinland-Pfalz
554748,1058112,Neuwittenbek,24161,Kreis Rendsburg-Eckernförde,Schleswig-Holstein
554748,1058112,Neuwittenbek,24214,Kreis Rendsburg-Eckernförde,Schleswig-Holstein
109821,3353026,Neu Wulmstorf,21629,Landkreis Harburg,Niedersachsen
1388875,12061352,Neu Zauche,15913,Landkreis Dahme-Spreewald,Brandenburg
1384846,12067357,Neuzelle,15898,Landkreis Oder-Spree,Brandenburg
1419834,13071111,Neverin,17039,Landkreis Mecklenburgische Seenplatte,Mecklenburg-Vorpommern
444231,1060062,Neversdorf,23816,Kreis Segeberg,Schleswig-Holstein
1255913,7235094,Newel,54309,Landkreis Trier-Saarburg,Rheinland-Pfalz
1182305,7140102,Ney,56283,Rhein-Hunsrück-Kreis,Rheinland-Pfalz
544323,7137081,Nickenich,56645,Landkreis Mayen-Koblenz,Rheinland-Pfalz
450118,6440016,Nidda,63667,Wetteraukreis,Hessen
450119,6440017,Niddatal,61194,Wetteraukreis,Hessen
535891,6435021,Nidderau,61130,Main-Kinzig-Kreis,Hessen
163312,5358044,Nideggen,52385,Kreis Düren,Nordrhein-Westfalen
1428591,1054087,Nieblum,25938,Kreis Nordfriesland,Schleswig-Holstein
1428482,1054088,Niebüll,25899,Kreis Nordfriesland,Schleswig-Holstein
1145095,1059147,Nieby,24395,Kreis Schleswig-Flensburg,Schleswig-Holstein
1410901,13075103,Nieden,17309,Landkreis Vorpommern-Greifswald,Mecklenburg-Vorpommern
452199,6634018,Niedenstein,34305,Schwalm-Eder-Kreis,Hessen
534485,7143273,Niederahr,56414,Westerwaldkreis,Rheinland-Pfalz
180680,9274156,Niederaichbach,84100,Landkreis Landshut,Bayern
1246627,7336067,Niederalben,66887,Landkreis Kusel,Rheinland-Pfalz
959826,9271138,Niederalteich,94557,Landkreis Deggendorf,Bayern
546773,14627170,Niederau,01689,Landkreis Meißen,Sachsen
275099,6632015,Niederaula,36272,Landkreis Hersfeld-Rotenburg,Hessen
540464,7141094,Niederbachheim,56357,Rhein-Lahn-Kreis,Rheinland-Pfalz
940967,9183130,Niederbergkirchen,84494,Landkreis Mühldorf am Inn,Bayern
2388837,16065048,Niederbösa,99718,Kyffhäuserkreis,Thüringen
444276,7138047,Niederbreitbach,56589,Landkreis Neuwied,Rheinland-Pfalz
1244319,7134057,Niederbrombach,55767,Landkreis Birkenfeld,Rheinland-Pfalz
1190014,7140104,Niederburg,55432,Rhein-Hunsrück-Kreis,Rheinland-Pfalz
536005,14521420,Niederdorf,09366,Erzgebirgskreis,Sachsen
535889,6435022,Niederdorfelden,61138,Main-Kinzig-Kreis,Hessen
421950,7132075,Niederdreisbach,57520,Landkreis Altenkirchen,Rheinland-Pfalz
1050570,7131054,Niederdürenbach,56651,Landkreis Ahrweiler,Rheinland-Pfalz
1286651,15083390,Niedere Börde,39326,Landkreis Börde,Sachsen-Anhalt
1286651,15083390,Niedere Börde,39345,Landkreis Börde,Sachsen-Anhalt
453845,7143053,Niederelbert,56412,Westerwaldkreis,Rheinland-Pfalz
453846,7143054,Niedererbach,56412,Westerwaldkreis,Rheinland-Pfalz
422438,12072298,Niederer Fläming,14913,Landkreis Teltow-Fläming,Brandenburg
1242306,8326041,Niedereschach,78078,Schwarzwald-Baar-Kreis,Baden-Württemberg
546648,7137217,Niederfell,56332,Landkreis Mayen-Koblenz,Rheinland-Pfalz
1318357,12060172,Niederfinow,16248,Landkreis Barnim,Brandenburg
422322,7132076,Niederfischbach,57572,Landkreis Altenkirchen,Rheinland-Pfalz
283718,14524220,Niederfrohna,09243,Landkreis Zwickau,Sachsen
956864,9473153,Niederfüllbach,96489,Landkreis Coburg,Bayern
2400612,16062037,Niedergebra,99759,Landkreis Nordhausen,Thüringen
1171878,7232089,Niedergeckler,54675,Eifelkreis Bitburg-Prüm,Rheinland-Pfalz
422460,12072297,Niedergörsdorf,14913,Landkreis Teltow-Fläming,Brandenburg
1244313,7134058,Niederhambach,55767,Landkreis Birkenfeld,Rheinland-Pfalz
1244038,7133070,Niederhausen,55585,Landkreis Bad Kreuznach,Rheinland-Pfalz
2634804,7333050,Niederhausen an der Appel,67822,Donnersbergkreis,Rheinland-Pfalz
1245247,7339040,Niederheimbach,55413,Landkreis Mainz-Bingen,Rheinland-Pfalz
1245800,7339041,Nieder-Hilbersheim,55437,Landkreis Mainz-Bingen,Rheinland-Pfalz
445746,7138048,Niederhofen,56316,Landkreis Neuwied,Rheinland-Pfalz
1252828,7337055,Niederhorbach,76889,Landkreis Südliche Weinstraße,Rheinland-Pfalz
1245114,7134059,Niederhosenbach,55758,Landkreis Birkenfeld,Rheinland-Pfalz
420574,7132077,Niederirsen,57589,Landkreis Altenkirchen,Rheinland-Pfalz
104040,5382044,Niederkassel,53859,Rhein-Sieg-Kreis,Nordrhein-Westfalen
1186696,7335029,Niederkirchen,67700,Landkreis Kaiserslautern,Rheinland-Pfalz
1249973,7332039,Niederkirchen bei Deidesheim,67150,Landkreis Bad Dürkheim,Rheinland-Pfalz
552968,7140105,Nieder Kostenz,55481,Rhein-Hunsrück-Kreis,Rheinland-Pfalz
88745,5166020,Niederkrüchten,41372,Kreis Viersen,Nordrhein-Westfalen
1241630,7140106,Niederkumbd,55469,Rhein-Hunsrück-Kreis,Rheinland-Pfalz
1748612,3454039,Niederlangen,49779,Landkreis Emsland,Niedersachsen
1108073,7232276,Niederlauch,54614,Eifelkreis Bitburg-Prüm,Rheinland-Pfalz
387469,9673146,Niederlauer,97618,Landkreis Rhön-Grabfeld,Bayern
1253800,7335030,Niedermohr,66879,Landkreis Kaiserslautern,Rheinland-Pfalz
1253867,7333051,Niedermoschel,67822,Donnersbergkreis,Rheinland-Pfalz
962085,9376148,Niedermurach,92545,Landkreis Schwandorf,Bayern
395435,9676144,Niedernberg,63843,Landkreis Miltenberg,Bayern
538923,7141095,Niederneisen,65629,Rhein-Lahn-Kreis,Rheinland-Pfalz
376924,8126060,Niedernhall,74676,Hohenlohekreis,Baden-Württemberg
413450,6439011,Niedernhausen,65527,Rheingau-Taunus-Kreis,Hessen
1169410,3257025,Niedernwöhren,31712,Landkreis Schaumburg,Niedersachsen
1258882,7231095,Niederöfflingen,54533,Landkreis Bernkastel-Wittlich,Rheinland-Pfalz
1239640,7339042,Nieder-Olm,55268,Landkreis Mainz-Bingen,Rheinland-Pfalz
2813068,16061074,Niederorschel,37355,Landkreis Eichsfeld,Thüringen
1252821,7337056,Niederotterbach,76889,Landkreis Südliche Weinstraße,Rheinland-Pfalz
1113762,7232277,Niederpierscheid,54649,Eifelkreis Bitburg-Prüm,Rheinland-Pfalz
1171863,7232090,Niederraden,54675,Eifelkreis Bitburg-Prüm,Rheinland-Pfalz
958630,9778177,Niederrieden,87767,Landkreis Unterallgäu,Bayern
533256,7143274,Niederroßbach,56479,Westerwaldkreis,Rheinland-Pfalz
535131,7143275,Niedersayn,56244,Westerwaldkreis,Rheinland-Pfalz
1258870,7231096,Niederscheidweiler,54533,Landkreis Bernkastel-Wittlich,Rheinland-Pfalz
1251118,7340033,Niederschlettenbach,76891,Landkreis Südwestpfalz,Rheinland-Pfalz
962265,9779192,Niederschönenfeld,86694,Landkreis Donau-Ries,Bayern
1245179,7140107,Niedersohren,55487,Rhein-Hunsrück-Kreis,Rheinland-Pfalz
1085795,7233052,Niederstadtfeld,54570,Landkreis Vulkaneifel,Rheinland-Pfalz
1252362,7336068,Niederstaufenbach,66879,Landkreis Kusel,Rheinland-Pfalz
1152688,7232091,Niederstedem,54634,Eifelkreis Bitburg-Prüm,Rheinland-Pfalz
415013,7132078,Niedersteinebach,56593,Landkreis Altenkirchen,Rheinland-Pfalz
402688,8128082,Niederstetten,97996,Main-Tauber-Kreis,Baden-Württemberg
2791725,8135027,Niederstotzingen,89168,Landkreis Heidenheim,Baden-Württemberg
1182311,7140108,Niedert,56291,Rhein-Hunsrück-Kreis,Rheinland-Pfalz
940966,9183131,Niedertaufkirchen,84494,Landkreis Mühldorf am Inn,Bayern
539708,7141096,Niedertiefenbach,56368,Rhein-Lahn-Kreis,Rheinland-Pfalz
2856457,16071064,Niedertrebra,99518,Landkreis Weimarer Land,Thüringen
959907,9279130,Niederviehbach,84183,Landkreis Dingolfing-Landau,Bayern
540465,7141097,Niederwallmenach,56357,Rhein-Lahn-Kreis,Rheinland-Pfalz
445737,7138050,Niederwambach,57614,Landkreis Neuwied,Rheinland-Pfalz
1152706,7232092,Niederweiler,54636,Eifelkreis Bitburg-Prüm,Rheinland-Pfalz
1245180,7140109,Niederweiler,55491,Rhein-Hunsrück-Kreis,Rheinland-Pfalz
1163503,7232093,Niederweis,54298,Eifelkreis Bitburg-Prüm,Rheinland-Pfalz
1163503,7232093,Niederweis,54668,Eifelkreis Bitburg-Prüm,Rheinland-Pfalz
318745,9678160,Niederwerrn,97464,Landkreis Schweinfurt,Bayern
547362,7137218,Niederwerth,56179,Landkreis Mayen-Koblenz,Rheinland-Pfalz
401876,14522420,Niederwiesa,09577,Landkreis Mittelsachsen,Sachsen
1248578,7331051,Nieder-Wiesen,55234,Landkreis Alzey-Worms,Rheinland-Pfalz
959640,9278159,Niederwinkling,94559,Landkreis Straubing-Bogen,Bayern
1245113,7134060,Niederwörresbach,55758,Landkreis Birkenfeld,Rheinland-Pfalz
536013,14521430,Niederwürschnitz,09399,Erzgebirgskreis,Sachsen
163305,5358048,Niederzier,52382,Kreis Düren,Nordrhein-Westfalen
1050566,7131055,Niederzissen,56651,Landkreis Ahrweiler,Rheinland-Pfalz
307876,8236046,Niefern-Öschelbronn,75223,Enzkreis,Baden-Württemberg
148596,5762028,Nieheim,33039,Kreis Höxter,Nordrhein-Westfalen
1171852,7232094,Niehl,54646,Eifelkreis Bitburg-Prüm,Rheinland-Pfalz
553960,12069448,Niemegk,14823,Landkreis Potsdam-Mittelmark,Brandenburg
1399095,3159024,Niemetal,37127,Landkreis Göttingen,Niedersachsen
548596,1058113,Nienborstel,24819,Kreis Rendsburg-Eckernförde,Schleswig-Holstein
390042,15089235,Nienburg (Saale),06429,Salzlandkreis,Sachsen-Anhalt
1183257,3256022,Nienburg/Weser,31582,Landkreis Nienburg/Weser,Niedersachsen
448769,1061076,Nienbüttel,25596,Kreis Steinburg,Schleswig-Holstein
1464849,1053094,Niendorf bei Berkenthin,23919,Kreis Herzogtum Lauenburg,Schleswig-Holstein
1465973,1053095,Niendorf/Stecknitz,23881,Kreis Herzogtum Lauenburg,Schleswig-Holstein
390656,13072075,Nienhagen,18211,Landkreis Rostock,Mecklenburg-Vorpommern
1796301,3351018,Nienhagen,29336,Landkreis Celle,Niedersachsen
1169359,3257026,Nienstädt,31688,Landkreis Schaumburg,Niedersachsen
453726,1062051,Nienwohld,23863,Kreis Stormarn,Schleswig-Holstein
9681741,13073060,Niepars,18442,Landkreis Vorpommern-Rügen,Mecklenburg-Vorpommern
1259145,7231504,Niersbach,54518,Landkreis Bernkastel-Wittlich,Rheinland-Pfalz
1239636,7339043,Nierstein,55283,Landkreis Mainz-Bingen,Rheinland-Pfalz
1145091,1059148,Niesgrau,24395,Kreis Schleswig-Flensburg,Schleswig-Holstein
1311142,14626370,Niesky,02906,Landkreis Görlitz,Sachsen
1115034,6633019,Nieste,34329,Landkreis Kassel,Hessen
1115031,6633020,Niestetal,34266,Landkreis Kassel,Hessen
535690,7141098,Nievern,56132,Rhein-Lahn-Kreis,Rheinland-Pfalz
2179199,16075074,Nimritz,07381,Saale-Orla-Kreis,Thüringen
1108053,7232279,Nimshuscheid,54612,Eifelkreis Bitburg-Prüm,Rheinland-Pfalz
1108039,7232280,Nimsreuland,54614,Eifelkreis Bitburg-Prüm,Rheinland-Pfalz
420611,1051078,Nindorf,25704,Kreis Dithmarschen,Schleswig-Holstein
548590,1058115,Nindorf,24594,Kreis Rendsburg-Eckernförde,Schleswig-Holstein
453174,7143276,Nister,57645,Westerwaldkreis,Rheinland-Pfalz
451714,7143277,Nisterau,56472,Westerwaldkreis,Rheinland-Pfalz
421955,7132079,Nisterberg,56472,Landkreis Altenkirchen,Rheinland-Pfalz
533257,7143278,Nister-Möhrendorf,56477,Westerwaldkreis,Rheinland-Pfalz
451715,7143279,Nistertal,57647,Westerwaldkreis,Rheinland-Pfalz
1255962,7235095,Nittel,54453,Landkreis Trier-Saarburg,Rheinland-Pfalz
962123,9376149,Nittenau,93149,Landkreis Schwandorf,Bayern
965017,9375175,Nittendorf,93152,Landkreis Regensburg,Bayern
1075161,7233228,Nitz,56729,Landkreis Vulkaneifel,Rheinland-Pfalz
2673575,16077036,Nobitz,04603,Landkreis Altenburger Land,Thüringen
539907,7141099,Nochern,56357,Rhein-Lahn-Kreis,Rheinland-Pfalz
2411245,16068037,Nöda,99195,Landkreis Sömmerda,Thüringen
554564,1058116,Noer,24214,Kreis Rendsburg-Eckernförde,Schleswig-Holstein
1244281,7134061,Nohen,55767,Landkreis Birkenfeld,Rheinland-Pfalz
62780,9564000,Nürnberg,90475,,Bayern
1184602,10046114,Nohfelden,66625,Landkreis St. Wendel,Saarland
331057,7233229,Nohn,54578,Landkreis Vulkaneifel,Rheinland-Pfalz
453847,7143055,Nomborn,56412,Westerwaldkreis,Rheinland-Pfalz
812182,9776120,Nonnenhorn,88149,Landkreis Lindau,Bayern
1184607,10046115,Nonnweiler,66620,Landkreis St. Wendel,Saarland
1182323,7140110,Norath,56291,Rhein-Hunsrück-Kreis,Rheinland-Pfalz
447969,1051079,Norddeich,25764,Kreis Dithmarschen,Schleswig-Holstein
1428592,1054089,Norddorf auf Amrum,25946,Kreis Nordfriesland,Schleswig-Holstein
898195,3452019,Norden,26506,Landkreis Aurich,Niedersachsen
445852,9772185,Nordendorf,86695,Landkreis Augsburg,Bayern
548617,3461007,Nordenham,26954,Landkreis Wesermarsch,Niedersachsen
1149231,1059063,Norderbrarup,24392,Kreis Schleswig-Flensburg,Schleswig-Holstein
1397062,1054090,Norderfriedrichskoog,25870,Kreis Nordfriesland,Schleswig-Holstein
962288,1051080,Norderheistedt,25779,Kreis Dithmarschen,Schleswig-Holstein
415727,1051137,Nordermeldorf,25704,Kreis Dithmarschen,Schleswig-Holstein
2456879,3452020,Norderney,26548,Landkreis Aurich,Niedersachsen
422634,1060063,Norderstedt,22844,Kreis Segeberg,Schleswig-Holstein
422634,1060063,Norderstedt,22846,Kreis Segeberg,Schleswig-Holstein
422634,1060063,Norderstedt,22848,Kreis Segeberg,Schleswig-Holstein
422634,1060063,Norderstedt,22850,Kreis Segeberg,Schleswig-Holstein
422634,1060063,Norderstedt,22851,Kreis Segeberg,Schleswig-Holstein
415685,1051081,Norderwöhrden,25746,Kreis Dithmarschen,Schleswig-Holstein
1156032,1059149,Nordhackstedt,24980,Kreis Schleswig-Flensburg,Schleswig-Holstein
1021742,9476159,Nordhalben,96365,Landkreis Kronach,Bayern
1352963,15085227,Nordharz,38855,Landkreis Harz,Sachsen-Anhalt
1352963,15085227,Nordharz,38871,Landkreis Harz,Sachsen-Anhalt
412881,1051082,Nordhastedt,25785,Kreis Dithmarschen,Schleswig-Holstein
2400430,16062041,Nordhausen,99734,Landkreis Nordhausen,Thüringen
410500,8125074,Nordheim,74226,Landkreis Heilbronn,Baden-Württemberg
283687,9675155,Nordheim a.Main,97334,Landkreis Kitzingen,Bayern
386920,9673147,Nordheim v.d.Rhön,97647,Landkreis Rhön-Grabfeld,Bayern
533590,7143056,Nordhofen,56242,Westerwaldkreis,Rheinland-Pfalz
1853267,3456015,Nordhorn,48527,Landkreis Grafschaft Bentheim,Niedersachsen
1853267,3456015,Nordhorn,48529,Landkreis Grafschaft Bentheim,Niedersachsen
1853267,3456015,Nordhorn,48531,Landkreis Grafschaft Bentheim,Niedersachsen
157718,5558028,Nordkirchen,59394,Kreis Coesfeld,Nordrhein-Westfalen
1180040,3352041,Nordleda,21765,Landkreis Cuxhaven,Niedersachsen
962465,9779194,Nördlingen,86720,Landkreis Donau-Ries,Bayern
453003,8317085,Nordrach,77787,Ortenaukreis,Baden-Württemberg
1169367,3257027,Nordsehl,31717,Landkreis Schaumburg,Niedersachsen
1168914,3254026,Nordstemmen,31171,Landkreis Hildesheim,Niedersachsen
1420555,1054091,Nordstrand,25845,Kreis Nordfriesland,Schleswig-Holstein
155780,5566064,Nordwalde,48356,Kreis Steinfurt,Nordrhein-Westfalen
1334079,12073429,Nordwestuckermark,17291,Landkreis Uckermark,Brandenburg
1244040,7133071,Norheim,55585,Landkreis Bad Kreuznach,Rheinland-Pfalz
451716,7143280,Norken,57629,Westerwaldkreis,Rheinland-Pfalz
1415326,1054092,Norstedt,25884,Kreis Nordfriesland,Schleswig-Holstein
1397831,3155010,Nörten-Hardenberg,37176,Landkreis Northeim,Niedersachsen
546650,7137219,Nörtershausen,56283,Landkreis Mayen-Koblenz,Rheinland-Pfalz
1397834,3155011,Northeim,37154,Landkreis Northeim,Niedersachsen
1187428,3457016,Nortmoor,26845,Landkreis Leer,Niedersachsen
448019,1061077,Nortorf,25554,Kreis Steinburg,Schleswig-Holstein
548558,1058117,Nortorf,24589,Kreis Rendsburg-Eckernförde,Schleswig-Holstein
1808623,3459028,Nortrup,49638,Landkreis Osnabrück,Niedersachsen
163311,5358052,Nörvenich,52388,Kreis Düren,Nordrhein-Westfalen
547960,14627180,Nossen,01683,Landkreis Meißen,Sachsen
1427215,13071112,Nossendorf,17111,Landkreis Mecklenburgische Seenplatte,Mecklenburg-Vorpommern
1424392,13071113,Nossentiner Hütte,17214,Landkreis Mecklenburgische Seenplatte,Mecklenburg-Vorpommern
1451561,13076106,Nostorf,19258,Landkreis Ludwigslust-Parchim,Mecklenburg-Vorpommern
1251125,7340034,Nothweiler,76891,Landkreis Südwestpfalz,Rheinland-Pfalz
444927,3359034,Nottensdorf,21640,Landkreis Stade,Niedersachsen
10519435,16064077,Nottertal-Heilinger Höhen,99994,Unstrut-Hainich-Kreis,Thüringen
1149227,1059065,Nottfeld,24392,Kreis Schleswig-Flensburg,Schleswig-Holstein
2818335,16067052,Nottleben,99192,Landkreis Gotha,Thüringen
157766,5558032,Nottuln,48301,Kreis Coesfeld,Nordrhein-Westfalen
2792748,8116048,Notzingen,73274,Landkreis Esslingen,Baden-Württemberg
548575,1058118,Nübbel,24809,Kreis Rendsburg-Eckernförde,Schleswig-Holstein
1149459,1059098,Nübel,24881,Kreis Schleswig-Flensburg,Schleswig-Holstein
383674,9672136,Nüdlingen,97720,Landkreis Bad Kissingen,Bayern
533614,8115037,Nufringen,71154,Landkreis Böblingen,Baden-Württemberg
173876,5374032,Nümbrecht,51588,Oberbergischer Kreis,Nordrhein-Westfalen
549799,14627190,Nünchritz,01612,Landkreis Meißen,Sachsen
1251034,7340035,Nünschweiler,66989,Landkreis Südwestpfalz,Rheinland-Pfalz
1060436,7131058,Nürburg,53520,Landkreis Ahrweiler,Rheinland-Pfalz
62780,9564000,Nürnberg,90402,,Bayern
62780,9564000,Nürnberg,90403,,Bayern
62780,9564000,Nürnberg,90408,,Bayern
62780,9564000,Nürnberg,90409,,Bayern
62780,9564000,Nürnberg,90411,,Bayern
62780,9564000,Nürnberg,90419,,Bayern
62780,9564000,Nürnberg,90425,,Bayern
62780,9564000,Nürnberg,90427,,Bayern
62780,9564000,Nürnberg,90429,,Bayern
62780,9564000,Nürnberg,90431,,Bayern
62780,9564000,Nürnberg,90439,,Bayern
62780,9564000,Nürnberg,90441,,Bayern
62780,9564000,Nürnberg,90443,,Bayern
62780,9564000,Nürnberg,90449,,Bayern
62780,9564000,Nürnberg,90451,,Bayern
62780,9564000,Nürnberg,90453,,Bayern
62780,9564000,Nürnberg,90455,,Bayern
62780,9564000,Nürnberg,90459,,Bayern
62780,9564000,Nürnberg,90461,,Bayern
62780,9564000,Nürnberg,90469,,Bayern
62780,9564000,Nürnberg,90471,,Bayern
62780,9564000,Nürnberg,90478,,Bayern
62780,9564000,Nürnberg,90480,,Bayern
62780,9564000,Nürnberg,90482,,Bayern
62780,9564000,Nürnberg,90489,,Bayern
62780,9564000,Nürnberg,90491,,Bayern
2795565,8116049,Nürtingen,72622,Landkreis Esslingen,Baden-Württemberg
1171885,7232095,Nusbaum,54675,Eifelkreis Bitburg-Prüm,Rheinland-Pfalz
2779390,8417045,Nusplingen,72362,Zollernalbkreis,Baden-Württemberg
1246669,7336069,Nußbach,67759,Landkreis Kusel,Rheinland-Pfalz
1244162,7133072,Nußbaum,55569,Landkreis Bad Kreuznach,Rheinland-Pfalz
941743,9189130,Nußdorf,83365,Landkreis Traunstein,Bayern
2186929,9187156,Nußdorf am Inn,83131,Landkreis Rosenheim,Bayern
1465978,1053096,Nusse,23896,Kreis Herzogtum Lauenburg,Schleswig-Holstein
453398,8226060,Nußloch,69226,Rhein-Neckar-Kreis,Baden-Württemberg
393337,13072076,Nustrow,18195,Landkreis Rostock,Mecklenburg-Vorpommern
454882,6631019,Nüsttal,36167,Landkreis Fulda,Hessen
422505,12069454,Nuthetal,14558,Landkreis Potsdam-Mittelmark,Brandenburg
422434,12072312,Nuthe-Urstromtal,14947,Landkreis Teltow-Fläming,Brandenburg
448558,1061078,Nutteln,25594,Kreis Steinburg,Schleswig-Holstein
423183,1060064,Nützen,24568,Kreis Segeberg,Schleswig-Holstein
534486,7143281,Oberahr,56414,Westerwaldkreis,Rheinland-Pfalz
1246575,7336070,Oberalben,66871,Landkreis Kusel,Rheinland-Pfalz
937907,9180125,Oberammergau,82487,Landkreis Garmisch-Partenkirchen,Bayern
1253824,7335031,Oberarnbach,66851,Landkreis Kaiserslautern,Rheinland-Pfalz
1016396,9573122,Oberasbach,90522,Landkreis Fürth,Bayern
939349,9180126,Oberau,82496,Landkreis Garmisch-Partenkirchen,Bayern
2186930,9187157,Oberaudorf,83080,Landkreis Rosenheim,Bayern
452214,6634019,Oberaula,36280,Schwalm-Eder-Kreis,Hessen
387774,9674159,Oberaurach,97514,Landkreis Haßberge,Bayern
540466,7141100,Oberbachheim,56355,Rhein-Lahn-Kreis,Rheinland-Pfalz
1332904,12064370,Oberbarnim,15377,Landkreis Märkisch-Oderland,Brandenburg
940863,9183132,Oberbergkirchen,84564,Landkreis Mühldorf am Inn,Bayern
330941,7233053,Oberbettingen,54578,Landkreis Vulkaneifel,Rheinland-Pfalz
1255967,7235096,Oberbillig,54331,Landkreis Trier-Saarburg,Rheinland-Pfalz
2778394,16074064,Oberbodnitz,07646,Saale-Holzland-Kreis,Thüringen
2794216,8116050,Oberboihingen,72644,Landkreis Esslingen,Baden-Württemberg
2388710,16065051,Oberbösa,99718,Kyffhäuserkreis,Thüringen
1244325,7134062,Oberbrombach,55767,Landkreis Birkenfeld,Rheinland-Pfalz
534270,9571183,Oberdachstetten,91617,Landkreis Ansbach,Bayern
119962,8215059,Oberderdingen,75038,Landkreis Karlsruhe,Baden-Württemberg
1245251,7339044,Oberdiebach,55413,Landkreis Mainz-Bingen,Rheinland-Pfalz
934760,9177133,Oberding,85445,Landkreis Erding,Bayern
937764,8425088,Oberdischingen,89610,Alb-Donau-Kreis,Baden-Württemberg
943532,9176150,Oberdolling,85129,Landkreis Eichstätt,Bayern
445734,7138052,Oberdreis,57639,Landkreis Neuwied,Rheinland-Pfalz
1050567,7131059,Oberdürenbach,56651,Landkreis Ahrweiler,Rheinland-Pfalz
331020,7233054,Oberehe-Stroheich,54578,Landkreis Vulkaneifel,Rheinland-Pfalz
453848,7143057,Oberelbert,56412,Westerwaldkreis,Rheinland-Pfalz
387392,9673149,Oberelsbach,97656,Landkreis Rhön-Grabfeld,Bayern
1075133,7233230,Oberelz,56767,Landkreis Vulkaneifel,Rheinland-Pfalz
418890,7132081,Obererbach,57612,Landkreis Altenkirchen,Rheinland-Pfalz
534487,7143058,Obererbach,56414,Westerwaldkreis,Rheinland-Pfalz
2001967,13076164,Obere Warnow,19374,Landkreis Ludwigslust-Parchim,Mecklenburg-Vorpommern
546652,7137220,Oberfell,56332,Landkreis Mayen-Koblenz,Rheinland-Pfalz
539710,7141101,Oberfischbach,56370,Rhein-Lahn-Kreis,Rheinland-Pfalz
1250227,7331052,Ober-Flörsheim,55234,Landkreis Alzey-Worms,Rheinland-Pfalz
1171889,7232096,Obergeckler,54675,Eifelkreis Bitburg-Prüm,Rheinland-Pfalz
161956,9771149,Obergriesbach,86573,Landkreis Aichach-Friedberg,Bayern
915447,8136049,Obergröningen,73569,Ostalbkreis,Baden-Württemberg
448038,9777154,Obergünzburg,87634,Landkreis Ostallgäu,Bayern
1309669,14625390,Obergurig - Hornja Hórka,02692,Landkreis Bautzen,Sachsen
538893,9184134,Oberhaching,82041,Landkreis München,Bayern
538893,9184134,Oberhaching,82064,Landkreis München,Bayern
532374,7143059,Oberhaid,56237,Westerwaldkreis,Rheinland-Pfalz
1077544,9471165,Oberhaid,96173,Landkreis Bamberg,Bayern
1244320,7134063,Oberhambach,55765,Landkreis Birkenfeld,Rheinland-Pfalz
453004,8317088,Oberharmersbach,77784,Ortenaukreis,Baden-Württemberg
1352954,15085228,Oberharz am Brocken,38875,Landkreis Harz,Sachsen-Anhalt
1352954,15085228,Oberharz am Brocken,38877,Landkreis Harz,Sachsen-Anhalt
1352954,15085228,Oberharz am Brocken,38889,Landkreis Harz,Sachsen-Anhalt
1352954,15085228,Oberharz am Brocken,38899,Landkreis Harz,Sachsen-Anhalt
62734,5119000,Oberhausen,46045,,Nordrhein-Westfalen
62734,5119000,Oberhausen,46047,,Nordrhein-Westfalen
62734,5119000,Oberhausen,46049,,Nordrhein-Westfalen
62734,5119000,Oberhausen,46117,,Nordrhein-Westfalen
62734,5119000,Oberhausen,46119,,Nordrhein-Westfalen
62734,5119000,Oberhausen,46145,,Nordrhein-Westfalen
62734,5119000,Oberhausen,46147,,Nordrhein-Westfalen
62734,5119000,Oberhausen,46149,,Nordrhein-Westfalen
936947,9190135,Oberhausen,82386,Landkreis Weilheim-Schongau,Bayern
943679,9185150,Oberhausen,86697,Landkreis Neuburg-Schrobenhausen,Bayern
1252819,7337058,Oberhausen,76887,Landkreis Südliche Weinstraße,Rheinland-Pfalz
1253869,7333053,Oberhausen an der Appel,67822,Donnersbergkreis,Rheinland-Pfalz
1244035,7133074,Oberhausen an der Nahe,55585,Landkreis Bad Kreuznach,Rheinland-Pfalz
1244122,7133073,Oberhausen bei Kirn,55606,Landkreis Bad Kreuznach,Rheinland-Pfalz
659809,8215107,Oberhausen-Rheinhausen,68794,Landkreis Karlsruhe,Baden-Württemberg
1245250,7339045,Oberheimbach,55413,Landkreis Mainz-Bingen,Rheinland-Pfalz
2388434,16065052,Oberheldrungen,06577,Kyffhäuserkreis,Thüringen
1245801,7339046,Ober-Hilbersheim,55437,Landkreis Mainz-Bingen,Rheinland-Pfalz
1270650,16066047,Oberhof,98559,Landkreis Schmalkalden-Meiningen,Thüringen
444710,7138053,Oberhonnefeld-Gierend,56587,Landkreis Neuwied,Rheinland-Pfalz
1245139,7134064,Oberhosenbach,55758,Landkreis Birkenfeld,Rheinland-Pfalz
356738,9575155,Oberickelsheim,97258,Landkreis Neustadt an der Aisch-Bad Windsheim,Bayern
418877,7132082,Oberirsen,57635,Landkreis Altenkirchen,Rheinland-Pfalz
1140567,7232282,Oberkail,54533,Eifelkreis Bitburg-Prüm,Rheinland-Pfalz
452983,8317089,Oberkirch,77704,Ortenaukreis,Baden-Württemberg
1245100,7134065,Oberkirn,55624,Landkreis Birkenfeld,Rheinland-Pfalz
2792009,8136050,Oberkochen,73447,Ostalbkreis,Baden-Württemberg
957075,7140111,Ober Kostenz,55481,Rhein-Hunsrück-Kreis,Rheinland-Pfalz
1021689,9475158,Oberkotzau,95145,Landkreis Hof,Bayern
1310083,12065251,Oberkrämer,16727,Landkreis Oberhavel,Brandenburg
415015,7132083,Oberlahr,57641,Landkreis Altenkirchen,Rheinland-Pfalz
2010630,3454040,Oberlangen,49779,Landkreis Emsland,Niedersachsen
1108064,7232283,Oberlascheid,54608,Eifelkreis Bitburg-Prüm,Rheinland-Pfalz
1108045,7232284,Oberlauch,54614,Eifelkreis Bitburg-Prüm,Rheinland-Pfalz
384302,9672138,Oberleichtersbach,97789,Landkreis Bad Kissingen,Bayern
301040,14524230,Oberlungwitz,09353,Landkreis Zwickau,Sachsen
957922,9780131,Obermaiselstein,87538,Landkreis Oberallgäu,Bayern
2803465,8425090,Obermarchtal,89611,Alb-Donau-Kreis,Baden-Württemberg
2247388,16066049,Obermaßfeld-Grimmenthal,98617,Landkreis Schmalkalden-Meiningen,Thüringen
933794,9181131,Obermeitingen,86836,Landkreis Landsberg am Lech,Bayern
1016402,9573123,Obermichelbach,90587,Landkreis Fürth,Bayern
447064,6440018,Ober-Mörlen,61239,Wetteraukreis,Hessen
1253868,7333054,Obermoschel,67823,Donnersbergkreis,Rheinland-Pfalz
282306,9675156,Obernbreit,97342,Landkreis Kitzingen,Bayern
395322,9676145,Obernburg am Main,63785,Landkreis Miltenberg,Bayern
1180888,3352042,Oberndorf,21787,Landkreis Cuxhaven,Niedersachsen
1253874,7333055,Oberndorf,67821,Donnersbergkreis,Rheinland-Pfalz
962253,9779196,Oberndorf a.Lech,86698,Landkreis Donau-Ries,Bayern
943741,8325045,Oberndorf am Neckar,78727,Landkreis Rottweil,Baden-Württemberg
538924,7141102,Oberneisen,65558,Rhein-Lahn-Kreis,Rheinland-Pfalz
941041,9183134,Oberneukirchen,84565,Landkreis Mühldorf am Inn,Bayern
1399090,3159025,Obernfeld,37434,Landkreis Göttingen,Niedersachsen
2779387,8417047,Obernheim,72364,Zollernalbkreis,Baden-Württemberg
1250987,7340219,Obernheim-Kirchenarnbach,66919,Landkreis Südwestpfalz,Rheinland-Pfalz
540054,7141103,Obernhof,56379,Rhein-Lahn-Kreis,Rheinland-Pfalz
1392724,3151019,Obernholz,29386,Landkreis Gifhorn,Niedersachsen
1169369,3257028,Obernkirchen,31683,Landkreis Schaumburg,Niedersachsen
958111,9275137,Obernzell,94107,Landkreis Passau,Bayern
958111,9275137,Obernzell,94130,Landkreis Passau,Bayern
357055,9575156,Obernzenn,91619,Landkreis Neustadt an der Aisch-Bad Windsheim,Bayern
1258883,7231100,Oberöfflingen,54533,Landkreis Bernkastel-Wittlich,Rheinland-Pfalz
1239638,7339047,Ober-Olm,55270,Landkreis Mainz-Bingen,Rheinland-Pfalz
2179200,16075075,Oberoppurg,07381,Saale-Orla-Kreis,Thüringen
447636,9777155,Oberostendorf,86869,Landkreis Ostallgäu,Bayern
1252830,7337059,Oberotterbach,76889,Landkreis Südliche Weinstraße,Rheinland-Pfalz
935165,9772186,Oberottmarshausen,86507,Landkreis Augsburg,Bayern
2168249,9175131,Oberpframmern,85667,Landkreis Ebersberg,Bayern
1113751,7232285,Oberpierscheid,54649,Eifelkreis Bitburg-Prüm,Rheinland-Pfalz
182345,9679169,Oberpleichfeld,97241,Landkreis Würzburg,Bayern
959827,9271139,Oberpöring,94562,Landkreis Deggendorf,Bayern
444711,7138054,Oberraden,56587,Landkreis Neuwied,Rheinland-Pfalz
452412,6432016,Ober-Ramstadt,64372,Landkreis Darmstadt-Dieburg,Hessen
1183356,8235055,Oberreichenbach,75394,Landkreis Calw,Baden-Württemberg
3351320,9572147,Oberreichenbach,91097,Landkreis Erlangen-Höchstadt,Bayern
1245074,7134066,Oberreidenbach,55758,Landkreis Birkenfeld,Rheinland-Pfalz
959853,9776121,Oberreute,88179,Landkreis Lindau,Bayern
74025,8315084,Oberried,79254,Landkreis Breisgau-Hochschwarzwald,Baden-Württemberg
957139,9778183,Oberrieden,87769,Landkreis Unterallgäu,Bayern
405821,8118059,Oberriexingen,71739,Landkreis Ludwigsburg,Baden-Württemberg
533258,7143282,Oberrod,56479,Westerwaldkreis,Rheinland-Pfalz
533259,7143283,Oberroßbach,56479,Westerwaldkreis,Rheinland-Pfalz
391366,8127062,Oberrot,74420,Landkreis Schwäbisch Hall,Baden-Württemberg
941080,9775141,Oberroth,89294,Landkreis Neu-Ulm,Bayern
1258868,7231101,Oberscheidweiler,54533,Landkreis Bernkastel-Wittlich,Rheinland-Pfalz
356988,9575157,Oberscheinfeld,91483,Landkreis Neustadt an der Aisch-Bad Windsheim,Bayern
30973,9184135,Oberschleißheim,85764,Landkreis München,Bayern
1252834,7337060,Oberschlettenbach,76889,Landkreis Südliche Weinstraße,Rheinland-Pfalz
959650,9278167,Oberschneiding,94363,Landkreis Straubing-Bogen,Bayern
416472,14522430,Oberschöna,09600,Landkreis Mittelsachsen,Sachsen
958259,9778184,Oberschönegg,87770,Landkreis Unterallgäu,Bayern
318256,9678164,Oberschwarzach,97516,Landkreis Schweinfurt,Bayern
933513,9179140,Oberschweinbach,82294,Landkreis Fürstenfeldbruck,Bayern
1251157,7340036,Obersimten,66957,Landkreis Südwestpfalz,Rheinland-Pfalz
349933,9677169,Obersinn,97791,Landkreis Main-Spessart,Bayern
936942,9190136,Obersöchering,82395,Landkreis Weilheim-Schongau,Bayern
391362,8127063,Obersontheim,74423,Landkreis Schwäbisch Hall,Baden-Württemberg
2803401,8425091,Oberstadion,89613,Alb-Donau-Kreis,Baden-Württemberg
1273257,16069035,Oberstadt,98530,Landkreis Hildburghausen,Thüringen
1085810,7233055,Oberstadtfeld,54570,Landkreis Vulkaneifel,Rheinland-Pfalz
958139,9780132,Oberstaufen,87534,Landkreis Oberallgäu,Bayern
1246632,7336071,Oberstaufenbach,66879,Landkreis Kusel,Rheinland-Pfalz
958128,9780133,Oberstdorf,87561,Landkreis Oberallgäu,Bayern
1152690,7232097,Oberstedem,54634,Eifelkreis Bitburg-Prüm,Rheinland-Pfalz
415008,7132085,Obersteinebach,56593,Landkreis Altenkirchen,Rheinland-Pfalz
405256,8118060,Oberstenfeld,71720,Landkreis Ludwigsburg,Baden-Württemberg
1244213,7133075,Oberstreit,55596,Landkreis Bad Kreuznach,Rheinland-Pfalz
387520,9673151,Oberstreu,97640,Landkreis Rhön-Grabfeld,Bayern
410481,8125110,Obersulm,74182,Landkreis Heilbronn,Baden-Württemberg
1249735,7332040,Obersülzen,67271,Landkreis Bad Dürkheim,Rheinland-Pfalz
179657,9274165,Obersüßbach,84101,Landkreis Landshut,Bayern
940831,9183135,Obertaufkirchen,84419,Landkreis Mühldorf am Inn,Bayern
2783928,8435045,Oberteuringen,88094,Bodenseekreis,Baden-Württemberg
1184608,10046116,Oberthal,66649,Landkreis St. Wendel,Saarland
384336,9672139,Oberthulba,97723,Landkreis Bad Kissingen,Bayern
540467,7141104,Obertiefenbach,56357,Rhein-Lahn-Kreis,Rheinland-Pfalz
964621,9375179,Obertraubling,93083,Landkreis Regensburg,Bayern
2856460,16071069,Obertrebra,99510,Landkreis Weimarer Land,Thüringen
1080524,9474156,Obertrubach,91286,Landkreis Forchheim,Bayern
659747,6438010,Obertshausen,63179,Landkreis Offenbach,Hessen
1334107,12073430,Oberuckersee,17291,Landkreis Uckermark,Brandenburg
417461,6434008,Oberursel,61440,Hochtaunuskreis,Hessen
961853,9376151,Oberviechtach,92526,Landkreis Schwandorf,Bayern
540468,7141105,Oberwallmenach,56357,Rhein-Lahn-Kreis,Rheinland-Pfalz
418868,7132086,Oberwambach,57614,Landkreis Altenkirchen,Rheinland-Pfalz
2536250,16066052,Oberweid,98634,Landkreis Schmalkalden-Meiningen,Thüringen
1152709,7232098,Oberweiler,54636,Eifelkreis Bitburg-Prüm,Rheinland-Pfalz
1246674,7336072,Oberweiler im Tal,67756,Landkreis Kusel,Rheinland-Pfalz
1246672,7336073,Oberweiler-Tiefenbach,67752,Landkreis Kusel,Rheinland-Pfalz
1152712,7232099,Oberweis,54636,Eifelkreis Bitburg-Prüm,Rheinland-Pfalz
1190008,7140112,Oberwesel,55430,Rhein-Hunsrück-Kreis,Rheinland-Pfalz
413532,14524240,Oberwiera,08396,Landkreis Zwickau,Sachsen
540063,7141106,Oberwies,56379,Rhein-Lahn-Kreis,Rheinland-Pfalz
1254059,7333056,Oberwiesen,67294,Donnersbergkreis,Rheinland-Pfalz
536633,14521440,Oberwiesenthal,09484,Erzgebirgskreis,Sachsen
453005,8317093,Oberwolfach,77709,Ortenaukreis,Baden-Württemberg
1245132,7134067,Oberwörresbach,55758,Landkreis Birkenfeld,Rheinland-Pfalz
7876002,6437016,Oberzent,64760,Odenwaldkreis,Hessen
1050577,7131060,Oberzissen,56651,Landkreis Ahrweiler,Rheinland-Pfalz
2396187,15088265,Obhausen,06268,Saalekreis,Sachsen-Anhalt
941624,9189133,Obing,83119,Landkreis Traunstein,Bayern
403746,8225074,Obrigheim,74847,Neckar-Odenwald-Kreis,Baden-Württemberg
1249741,7332041,Obrigheim (Pfalz),67283,Landkreis Bad Dürkheim,Rheinland-Pfalz
163052,9679170,Ochsenfurt,97199,Landkreis Würzburg,Bayern
2801247,8426087,Ochsenhausen,88416,Landkreis Biberach,Baden-Württemberg
543129,7137086,Ochtendung,56299,Landkreis Mayen-Koblenz,Rheinland-Pfalz
1202005,3462012,Ochtersum,26489,Landkreis Wittmund,Niedersachsen
155790,5566068,Ochtrup,48607,Kreis Steinfurt,Nordrhein-Westfalen
443579,7138055,Ockenfels,53545,Landkreis Neuwied,Rheinland-Pfalz
1239650,7339048,Ockenheim,55437,Landkreis Mainz-Bingen,Rheinland-Pfalz
1256031,7235098,Ockfen,54441,Landkreis Trier-Saarburg,Rheinland-Pfalz
1416816,1054093,Ockholm,25842,Kreis Nordfriesland,Schleswig-Holstein
422934,1051083,Odderade,25785,Kreis Dithmarschen,Schleswig-Holstein
546948,9174135,Odelzhausen,85235,Landkreis Dachau,Bayern
1246771,7336074,Odenbach,67748,Landkreis Kusel,Rheinland-Pfalz
173106,5378020,Odenthal,51519,Rheinisch-Bergischer Kreis,Nordrhein-Westfalen
1332914,12064371,Oderaue,16259,Landkreis Märkisch-Oderland,Brandenburg
1318350,12060176,Oderberg,16248,Landkreis Barnim,Brandenburg
1244163,7133076,Odernheim am Glan,55571,Landkreis Bad Kreuznach,Rheinland-Pfalz
418711,14626390,Oderwitz,02791,Landkreis Görlitz,Sachsen
1526888,3352043,Odisheim,21775,Landkreis Cuxhaven,Niedersachsen
1286635,15083411,Oebisfelde-Weferlingen,39343,Landkreis Börde,Sachsen-Anhalt
1286635,15083411,Oebisfelde-Weferlingen,39356,Landkreis Börde,Sachsen-Anhalt
1286635,15083411,Oebisfelde-Weferlingen,39359,Landkreis Börde,Sachsen-Anhalt
1286635,15083411,Oebisfelde-Weferlingen,39646,Landkreis Börde,Sachsen-Anhalt
2889820,16063062,Oechsen,36404,Wartburgkreis,Thüringen
416474,14522440,Oederan,09569,Landkreis Mittelsachsen,Sachsen
446463,3359035,Oederquart,21734,Landkreis Stade,Niedersachsen
410467,8125078,Oedheim,74229,Landkreis Heilbronn,Baden-Württemberg
151333,5570028,Oelde,59302,Kreis Warendorf,Nordrhein-Westfalen
450518,1061079,Oelixdorf,25524,Kreis Steinburg,Schleswig-Holstein
540469,7141107,Oelsberg,56357,Rhein-Lahn-Kreis,Rheinland-Pfalz
536017,14521450,Oelsnitz/Erzgeb.,09376,Erzgebirgskreis,Sachsen
443861,14523300,Oelsnitz/Vogtland,08606,Vogtlandkreis,Sachsen
1079021,3357035,Oerel,27432,Landkreis Rotenburg (Wümme),Niedersachsen
63502,5562028,Oer-Erkenschwick,45739,Kreis Recklinghausen,Nordrhein-Westfalen
422854,1060065,Oering,23845,Kreis Segeberg,Schleswig-Holstein
383592,9672140,Oerlenbach,97714,Landkreis Bad Kissingen,Bayern
142856,5766056,Oerlinghausen,33813,Kreis Lippe,Nordrhein-Westfalen
1147203,1059067,Oersberg,24407,Kreis Schleswig-Flensburg,Schleswig-Holstein
430469,1060066,Oersdorf,24568,Kreis Segeberg,Schleswig-Holstein
450215,1061080,Oeschebüttel,25548,Kreis Steinburg,Schleswig-Holstein
447162,1051084,Oesterdeichstrich,25761,Kreis Dithmarschen,Schleswig-Holstein
447967,1051140,Oesterwurth,25764,Kreis Dithmarschen,Schleswig-Holstein
409031,6439012,Oestrich-Winkel,65375,Rheingau-Taunus-Kreis,Hessen
2857013,16071071,Oettern,99438,Landkreis Weimarer Land,Thüringen
2179201,16075076,Oettersdorf,07907,Saale-Orla-Kreis,Thüringen
962610,9779197,Oettingen i.Bay.,86732,Landkreis Donau-Ries,Bayern
1460252,3360015,Oetzen,29588,Landkreis Uelzen,Niedersachsen
1428595,1054094,Oevenum,25938,Kreis Nordfriesland,Schleswig-Holstein
1149293,1059184,Oeversee,24988,Kreis Schleswig-Flensburg,Schleswig-Holstein
410468,8125079,Offenau,74254,Landkreis Heilbronn,Baden-Württemberg
62695,6413000,Offenbach am Main,63065,,Hessen
62695,6413000,Offenbach am Main,63067,,Hessen
62695,6413000,Offenbach am Main,63069,,Hessen
62695,6413000,Offenbach am Main,63071,,Hessen
62695,6413000,Offenbach am Main,63073,,Hessen
62695,6413000,Offenbach am Main,63075,,Hessen
1252803,7337061,Offenbach an der Queich,76877,Landkreis Südliche Weinstraße,Rheinland-Pfalz
1246768,7336075,Offenbach-Hundheim,67749,Landkreis Kusel,Rheinland-Pfalz
959802,9271140,Offenberg,94560,Landkreis Deggendorf,Bayern
452988,8317096,Offenburg,77652,Ortenaukreis,Baden-Württemberg
452988,8317096,Offenburg,77654,Ortenaukreis,Baden-Württemberg
452988,8317096,Offenburg,77656,Ortenaukreis,Baden-Württemberg
443122,1051085,Offenbüttel,25767,Kreis Dithmarschen,Schleswig-Holstein
966171,9574145,Offenhausen,91238,Landkreis Nürnberger Land,Bayern
1248581,7331053,Offenheim,55234,Landkreis Alzey-Worms,Rheinland-Pfalz
964470,9774171,Offingen,89362,Landkreis Günzburg,Bayern
1248701,7331054,Offstein,67591,Landkreis Alzey-Worms,Rheinland-Pfalz
2778732,8416031,Ofterdingen,72131,Landkreis Tübingen,Baden-Württemberg
957878,9780134,Ofterschwang,87527,Landkreis Oberallgäu,Bayern
453412,8226062,Oftersheim,68723,Rhein-Neckar-Kreis,Baden-Württemberg
2801323,8426090,Oggelshausen,88422,Landkreis Biberach,Baden-Württemberg
1060410,7131062,Ohlenhard,53520,Landkreis Ahrweiler,Rheinland-Pfalz
452990,8317097,Ohlsbach,77797,Ortenaukreis,Baden-Württemberg
939363,9180127,Ohlstadt,82441,Landkreis Garmisch-Partenkirchen,Bayern
1241636,7140113,Ohlweiler,55469,Rhein-Hunsrück-Kreis,Rheinland-Pfalz
1246455,7336076,Ohmbach,66903,Landkreis Kusel,Rheinland-Pfalz
2793206,8116053,Ohmden,73275,Landkreis Esslingen,Baden-Württemberg
2012778,3456016,Ohne,48465,Landkreis Grafschaft Bentheim,Niedersachsen
2785096,8335061,Öhningen,78337,Landkreis Konstanz,Baden-Württemberg
1307648,14625410,Ohorn,01896,Landkreis Bautzen,Sachsen
2800320,16067053,Ohrdruf,99885,Landkreis Gotha,Thüringen
534078,9571188,Ohrenbach,91620,Landkreis Ansbach,Bayern
377452,8126066,Öhringen,74613,Hohenlohekreis,Baden-Württemberg
1432633,3158023,Ohrum,38312,Landkreis Wolfenbüttel,Niedersachsen
422258,14521460,Olbernhau,09526,Erzgebirgskreis,Sachsen
1311099,14626400,Olbersdorf,02785,Landkreis Görlitz,Sachsen
57991,8236075,Ölbronn-Dürrn,75248,Enzkreis,Baden-Württemberg
933493,9179142,Olching,82140,Landkreis Fürstenfeldbruck,Bayern
450072,1061081,Oldenborstel,25560,Kreis Steinburg,Schleswig-Holstein
62409,3403000,Oldenburg,26121,,Niedersachsen
62409,3403000,Oldenburg,26122,,Niedersachsen
62409,3403000,Oldenburg,26123,,Niedersachsen
62409,3403000,Oldenburg,26125,,Niedersachsen
62409,3403000,Oldenburg,26127,,Niedersachsen
62409,3403000,Oldenburg,26129,,Niedersachsen
62409,3403000,Oldenburg,26131,,Niedersachsen
62409,3403000,Oldenburg,26133,,Niedersachsen
62409,3403000,Oldenburg,26135,,Niedersachsen
382421,1055033,Oldenburg in Holstein,23758,Kreis Ostholstein,Schleswig-Holstein
556140,1058119,Oldenbüttel,25557,Kreis Rendsburg-Eckernförde,Schleswig-Holstein
445790,3359036,Oldendorf,21726,Landkreis Stade,Niedersachsen
448559,1061082,Oldendorf,25588,Kreis Steinburg,Schleswig-Holstein
1846191,3355027,Oldendorf (Luhe),21385,Landkreis Lüneburg,Niedersachsen
548557,1058120,Oldenhütten,24793,Kreis Rendsburg-Eckernförde,Schleswig-Holstein
1397061,1054095,Oldenswort,25870,Kreis Nordfriesland,Schleswig-Holstein
1405167,1054096,Oldersbek,25873,Kreis Nordfriesland,Schleswig-Holstein
1406817,1054097,Olderup,25860,Kreis Nordfriesland,Schleswig-Holstein
1428599,1054098,Oldsum,25938,Kreis Nordfriesland,Schleswig-Holstein
157719,5558036,Olfen,59399,Kreis Coesfeld,Nordrhein-Westfalen
2411318,16068039,Ollendorf,99198,Landkreis Sömmerda,Thüringen
937651,8425092,Öllingen,89129,Alb-Donau-Kreis,Baden-Württemberg
1256947,7235100,Ollmuth,54316,Landkreis Trier-Saarburg,Rheinland-Pfalz
1113741,7232287,Olmscheid,54689,Eifelkreis Bitburg-Prüm,Rheinland-Pfalz
163179,5966024,Olpe,57462,Kreis Olpe,Nordrhein-Westfalen
157421,5958036,Olsberg,59939,Hochsauerlandkreis,Nordrhein-Westfalen
1253784,7335033,Olsbrücken,67737,Landkreis Kaiserslautern,Rheinland-Pfalz
1152675,7232100,Olsdorf,54646,Eifelkreis Bitburg-Prüm,Rheinland-Pfalz
418879,7132087,Ölsen,57612,Landkreis Altenkirchen,Rheinland-Pfalz
1108070,7232288,Olzheim,54597,Eifelkreis Bitburg-Prüm,Rheinland-Pfalz
1255936,7235101,Onsdorf,54456,Landkreis Trier-Saarburg,Rheinland-Pfalz
959841,9776122,Opfenbach,88145,Landkreis Lindau,Bayern
2803633,8425093,Öpfingen,89614,Alb-Donau-Kreis,Baden-Württemberg
1310861,14626410,Oppach,02736,Landkreis Görlitz,Sachsen
452985,8317098,Oppenau,77728,Ortenaukreis,Baden-Württemberg
1245834,7339049,Oppenheim,55276,Landkreis Mainz-Bingen,Rheinland-Pfalz
400923,8119053,Oppenweiler,71560,Rems-Murr-Kreis,Baden-Württemberg
400923,8119053,Oppenweiler,71570,Rems-Murr-Kreis,Baden-Württemberg
2902598,16064053,Oppershausen,99986,Unstrut-Hainich-Kreis,Thüringen
1241650,7140115,Oppertshausen,55469,Rhein-Hunsrück-Kreis,Rheinland-Pfalz
2179202,16075077,Oppurg,07381,Saale-Orla-Kreis,Thüringen
1606239,15091241,Oranienbaum-Wörlitz,06785,Landkreis Wittenberg,Sachsen-Anhalt
1310102,12065256,Oranienburg,16515,Landkreis Oberhavel,Brandenburg
1254055,7333057,Orbis,67294,Donnersbergkreis,Rheinland-Pfalz
1162786,7232289,Orenhofen,54298,Eifelkreis Bitburg-Prüm,Rheinland-Pfalz
416405,7132088,Orfgen,57632,Landkreis Altenkirchen,Rheinland-Pfalz
2456173,16074065,Orlamünde,07768,Saale-Holzland-Kreis,Thüringen
1108050,7232290,Orlenbach,54595,Eifelkreis Bitburg-Prüm,Rheinland-Pfalz
1075999,7233232,Ormont,54597,Landkreis Vulkaneifel,Rheinland-Pfalz
534391,9571189,Ornbau,91737,Landkreis Ansbach,Bayern
1140552,7232101,Orsfeld,54655,Eifelkreis Bitburg-Prüm,Rheinland-Pfalz
1104571,8335099,Orsingen-Nenzingen,78359,Landkreis Konstanz,Baden-Württemberg
450120,6440019,Ortenberg,63683,Wetteraukreis,Hessen
452989,8317100,Ortenberg,77799,Ortenaukreis,Baden-Württemberg
958094,9275138,Ortenburg,94496,Landkreis Passau,Bayern
1314221,12066240,Ortrand,01990,Landkreis Oberspreewald-Lausitz,Brandenburg
1259146,7231103,Osann-Monzel,54518,Landkreis Bernkastel-Wittlich,Rheinland-Pfalz
1256963,7235103,Osburg,54317,Landkreis Trier-Saarburg,Rheinland-Pfalz
535244,14730230,Oschatz,04758,Landkreis Nordsachsen,Sachsen
1286624,15083415,Oschersleben,39387,Landkreis Börde,Sachsen-Anhalt
548490,1058121,Osdorf,24251,Kreis Rendsburg-Eckernförde,Schleswig-Holstein
1355741,3151020,Osloß,38557,Landkreis Gifhorn,Niedersachsen
62631,3404000,Osnabrück,49074,,Niedersachsen
62631,3404000,Osnabrück,49076,,Niedersachsen
62631,3404000,Osnabrück,49078,,Niedersachsen
62631,3404000,Osnabrück,49080,,Niedersachsen
62631,3404000,Osnabrück,49082,,Niedersachsen
62631,3404000,Osnabrück,49084,,Niedersachsen
62631,3404000,Osnabrück,49086,,Niedersachsen
62631,3404000,Osnabrück,49088,,Niedersachsen
62631,3404000,Osnabrück,49090,,Niedersachsen
1307711,14625420,Oßling - Wóslink,01920,Landkreis Bautzen,Sachsen
152289,5570032,Ostbevern,48346,Kreis Warendorf,Nordrhein-Westfalen
898642,3452021,Osteel,26529,Landkreis Aurich,Niedersachsen
933496,8235057,Ostelsheim,75395,Landkreis Calw,Baden-Württemberg
444755,3352044,Osten,21756,Landkreis Cuxhaven,Niedersachsen
548566,1058122,Ostenfeld,24790,Kreis Rendsburg-Eckernförde,Schleswig-Holstein
1404154,1054099,Ostenfeld (Husum),25872,Kreis Nordfriesland,Schleswig-Holstein
941088,9775142,Osterberg,89296,Landkreis Neu-Ulm,Bayern
1520087,3352045,Osterbruch,21762,Landkreis Cuxhaven,Niedersachsen
1284737,15090415,Osterburg (Altmark),39606,Landkreis Stendal,Sachsen-Anhalt
403732,8225075,Osterburken,74706,Neckar-Odenwald-Kreis,Baden-Württemberg
548616,1058123,Osterby,24367,Kreis Rendsburg-Eckernförde,Schleswig-Holstein
1156028,1059151,Osterby,24994,Kreis Schleswig-Flensburg,Schleswig-Holstein
1819234,3459029,Ostercappeln,49179,Landkreis Osnabrück,Niedersachsen
1023214,3357036,Ostereistedt,27404,Landkreis Rotenburg (Wümme),Niedersachsen
2404086,15084375,Osterfeld,06721,Burgenlandkreis,Sachsen-Anhalt
2084704,3358501,Osterheide,29664,Landkreis Heidekreis,Niedersachsen
2084704,3358501,Osterheide,29683,Landkreis Heidekreis,Niedersachsen
1395416,1054100,Osterhever,25836,Kreis Nordfriesland,Schleswig-Holstein
959824,9271141,Osterhofen,94486,Landkreis Deggendorf,Bayern
188238,3356007,Osterholz-Scharmbeck,27711,Landkreis Osterholz,Niedersachsen
444183,1056038,Osterhorn,25364,Kreis Pinneberg,Schleswig-Holstein
1329406,15082256,Osternienburger Land,06386,Landkreis Anhalt-Bitterfeld,Sachsen-Anhalt
1416133,3159026,Osterode am Harz,37520,Landkreis Göttingen,Niedersachsen
1406825,1054101,Oster-Ohrstedt,25885,Kreis Nordfriesland,Schleswig-Holstein
443086,1051086,Osterrade,25767,Kreis Dithmarschen,Schleswig-Holstein
548569,1058124,Osterrönfeld,24783,Kreis Rendsburg-Eckernförde,Schleswig-Holstein
536240,7141108,Osterspai,56340,Rhein-Lahn-Kreis,Rheinland-Pfalz
556097,1058125,Osterstedt,25590,Kreis Rendsburg-Eckernförde,Schleswig-Holstein
2014149,3456017,Osterwald,49828,Landkreis Grafschaft Bentheim,Niedersachsen
1352969,15085230,Osterwieck,38835,Landkreis Harz,Sachsen-Anhalt
1352969,15085230,Osterwieck,38836,Landkreis Harz,Sachsen-Anhalt
447640,9777157,Osterzell,87662,Landkreis Ostallgäu,Bayern
2793022,8116080,Ostfildern,73760,Landkreis Esslingen,Baden-Württemberg
1177208,16070041,Osthausen-Wülfershausen,99310,Ilm-Kreis,Thüringen
386931,9673153,Ostheim v.d.Rhön,97645,Landkreis Rhön-Grabfeld,Bayern
902668,7331055,Osthofen,67574,Landkreis Alzey-Worms,Rheinland-Pfalz
2805481,8437086,Ostrach,88356,Landkreis Sigmaringen,Baden-Württemberg
2410099,16068041,Ostramondra,99636,Landkreis Sömmerda,Thüringen
1470258,3457017,Ostrhauderfehn,26842,Landkreis Leer,Niedersachsen
659807,8215064,Östringen,76684,Landkreis Karlsruhe,Baden-Württemberg
418648,14626420,Ostritz,02899,Landkreis Görlitz,Sachsen
413291,1051087,Ostrohe,25746,Kreis Dithmarschen,Schleswig-Holstein
2069504,1062053,Oststeinbek,22113,Kreis Stormarn,Schleswig-Holstein
907227,8216039,Ötigheim,76470,Landkreis Rastatt,Baden-Württemberg
156051,8236050,Ötisheim,75443,Enzkreis,Baden-Württemberg
2826029,8117037,Ottenbach,73113,Landkreis Göppingen,Baden-Württemberg
2826029,8117037,Ottenbach,73529,Landkreis Göppingen,Baden-Württemberg
448606,1061083,Ottenbüttel,25591,Kreis Steinburg,Schleswig-Holstein
554812,1058126,Ottendorf,24107,Kreis Rendsburg-Eckernförde,Schleswig-Holstein
2778395,16074066,Ottendorf,07646,Saale-Holzland-Kreis,Thüringen
913784,14625430,Ottendorf-Okrilla,01458,Landkreis Bautzen,Sachsen
934751,9177134,Ottenhofen,85570,Landkreis Erding,Bayern
452981,8317102,Ottenhöfen im Schwarzwald,77883,Ortenaukreis,Baden-Württemberg
966161,9574146,Ottensoos,91242,Landkreis Nürnberger Land,Bayern
1184277,3255031,Ottenstein,31868,Landkreis Holzminden,Niedersachsen
335201,3353027,Otter,21259,Landkreis Harburg,Niedersachsen
1260234,7335034,Otterbach,67731,Landkreis Kaiserslautern,Rheinland-Pfalz
93817,7335035,Otterberg,67697,Landkreis Kaiserslautern,Rheinland-Pfalz
935956,9182127,Otterfing,83624,Landkreis Miesbach,Bayern
1518890,3352046,Otterndorf,21762,Landkreis Cuxhaven,Niedersachsen
1182035,3361008,Ottersberg,28870,Landkreis Verden,Niedersachsen
1254392,7333058,Ottersheim,67308,Donnersbergkreis,Rheinland-Pfalz
1250389,7334023,Ottersheim bei Landau,76879,Landkreis Germersheim,Rheinland-Pfalz
422703,7338021,Otterstadt,67166,Rhein-Pfalz-Kreis,Rheinland-Pfalz
1188895,8216041,Ottersweier,77833,Landkreis Rastatt,Baden-Württemberg
422339,14729330,Otterwisch,04668,Landkreis Leipzig,Sachsen
962643,9779198,Otting,86700,Landkreis Donau-Ries,Bayern
958671,9778186,Ottobeuren,87724,Landkreis Unterallgäu,Bayern
2168250,9184136,Ottobrunn,85521,Landkreis München,Bayern
452215,6634020,Ottrau,34633,Schwalm-Eder-Kreis,Hessen
1187148,10043115,Ottweiler,66564,Landkreis Neunkirchen,Saarland
452390,6432017,Otzberg,64853,Landkreis Darmstadt-Dieburg,Hessen
959816,9271143,Otzing,94563,Landkreis Deggendorf,Bayern
535132,7143060,Ötzingen,56244,Westerwaldkreis,Rheinland-Pfalz
1244082,7133077,Otzweiler,55606,Landkreis Bad Kreuznach,Rheinland-Pfalz
532793,3461008,Ovelgönne,26939,Landkreis Wesermarsch,Niedersachsen
173104,5378024,Overath,51491,Rheinisch-Bergischer Kreis,Nordrhein-Westfalen
2795578,8116054,Owen,73277,Landkreis Esslingen,Baden-Württemberg
2806602,8435047,Owingen,88696,Bodenseekreis,Baden-Württemberg
556667,1058127,Owschlag,24811,Kreis Rendsburg-Eckernförde,Schleswig-Holstein
556667,1058127,Owschlag,24848,Kreis Rendsburg-Eckernförde,Schleswig-Holstein
418115,14626430,Oybin,02797,Landkreis Görlitz,Sachsen
957726,9780128,Oy-Mittelberg,87466,Landkreis Oberallgäu,Bayern
1182034,3361009,Oyten,28876,Landkreis Verden,Niedersachsen
553600,1058128,Padenstedt,24634,Kreis Rendsburg-Eckernförde,Schleswig-Holstein
148074,5774032,Paderborn,33098,Kreis Paderborn,Nordrhein-Westfalen
148074,5774032,Paderborn,33100,Kreis Paderborn,Nordrhein-Westfalen
148074,5774032,Paderborn,33102,Kreis Paderborn,Nordrhein-Westfalen
148074,5774032,Paderborn,33104,Kreis Paderborn,Nordrhein-Westfalen
148074,5774032,Paderborn,33106,Kreis Paderborn,Nordrhein-Westfalen
148074,5774032,Paderborn,33154,Kreis Paderborn,Nordrhein-Westfalen
148074,5774032,Paderborn,33161,Kreis Paderborn,Nordrhein-Westfalen
936870,9190138,Pähl,82396,Landkreis Weilheim-Schongau,Bayern
964289,1051088,Pahlen,25794,Kreis Dithmarschen,Schleswig-Holstein
956659,9273159,Painten,93351,Landkreis Kelheim,Bayern
2789105,16076055,Paitzdorf,07580,Landkreis Greiz,Thüringen
941652,9189134,Palling,83349,Landkreis Traunstein,Bayern
1256020,7235104,Palzem,54439,Landkreis Trier-Saarburg,Rheinland-Pfalz
1451521,13076107,Pampow,19075,Landkreis Ludwigslust-Parchim,Mecklenburg-Vorpommern
288914,1057055,Panker,24321,Kreis Plön,Schleswig-Holstein
1318329,12060181,Panketal,16341,Landkreis Barnim,Brandenburg
1307659,14625440,Panschwitz-Kuckau - Pančicy-Kukow,01920,Landkreis Bautzen,Sachsen
374197,13073061,Pantelitz,18442,Landkreis Vorpommern-Rügen,Mecklenburg-Vorpommern
1465974,1053097,Panten,23896,Kreis Herzogtum Lauenburg,Schleswig-Holstein
1258865,7231104,Pantenburg,54531,Landkreis Bernkastel-Wittlich,Rheinland-Pfalz
1269720,7135070,Panzweiler,56865,Landkreis Cochem-Zell,Rheinland-Pfalz
1080035,3454041,Papenburg,26871,Landkreis Emsland,Niedersachsen
394343,13072077,Papendorf,18059,Landkreis Rostock,Mecklenburg-Vorpommern
1410903,13075104,Papendorf,17309,Landkreis Vorpommern-Greifswald,Mecklenburg-Vorpommern
372896,13073062,Papenhagen,18510,Landkreis Vorpommern-Rügen,Mecklenburg-Vorpommern
1015139,9577158,Pappenheim,91788,Landkreis Weißenburg-Gunzenhausen,Bayern
449897,13076108,Parchim,19370,Landkreis Ludwigslust-Parchim,Mecklenburg-Vorpommern
449897,13076108,Parchim,19374,Landkreis Ludwigslust-Parchim,Mecklenburg-Vorpommern
1437540,13073063,Parchtitz,18528,Landkreis Vorpommern-Rügen,Mecklenburg-Vorpommern
1059437,9374144,Parkstein,92711,Landkreis Neustadt an der Waldnaab,Bayern
959663,9278170,Parkstetten,94365,Landkreis Straubing-Bogen,Bayern
1337351,3151021,Parsau,38470,Landkreis Gifhorn,Niedersachsen
1028808,9373151,Parsberg,92331,Landkreis Neumarkt in der Oberpfalz,Bayern
1318351,12060185,Parsteinsee,16248,Landkreis Barnim,Brandenburg
1248410,7331056,Partenheim,55288,Landkreis Alzey-Worms,Rheinland-Pfalz
349452,9677170,Partenstein,97846,Landkreis Main-Spessart,Bayern
422340,14729340,Parthenstein,04668,Landkreis Leipzig,Sachsen
1256087,7235105,Paschel,54314,Landkreis Trier-Saarburg,Rheinland-Pfalz
1410795,13075105,Pasewalk,17309,Landkreis Vorpommern-Greifswald,Mecklenburg-Vorpommern
2179203,16075079,Paska,07381,Saale-Orla-Kreis,Thüringen
251069,1057056,Passade,24253,Kreis Plön,Schleswig-Holstein
62629,9262000,Passau,94032,,Bayern
62629,9262000,Passau,94034,,Bayern
62629,9262000,Passau,94036,,Bayern
1515754,13074060,Passee,23992,Landkreis Nordwestmecklenburg,Mecklenburg-Vorpommern
449886,13076109,Passow,19386,Landkreis Ludwigslust-Parchim,Mecklenburg-Vorpommern
934746,9177135,Pastetten,85669,Landkreis Erding,Bayern
539910,7141109,Patersberg,56348,Rhein-Lahn-Kreis,Rheinland-Pfalz
959156,9276134,Patersdorf,94265,Landkreis Regen,Bayern
1451537,13076110,Pätow-Steegen,19230,Landkreis Ludwigslust-Parchim,Mecklenburg-Vorpommern
2012734,3241013,Pattensen,30982,Region Hannover,Niedersachsen
1437542,13073064,Patzig,18528,Landkreis Vorpommern-Rügen,Mecklenburg-Vorpommern
1343594,12063228,Paulinenaue,14641,Landkreis Havelland,Brandenburg
30013,9178150,Paunzhausen,85307,Landkreis Freising,Bayern
444813,14523310,Pausa-Mühltroff,07919,Vogtlandkreis,Sachsen
444813,14523310,Pausa-Mühltroff,07952,Vogtlandkreis,Sachsen
444813,14523310,Pausa-Mühltroff,08539,Vogtlandkreis,Sachsen
974203,12069460,Päwesin,14778,Landkreis Potsdam-Mittelmark,Brandenburg
968895,9377145,Pechbrunn,95701,Landkreis Tirschenreuth,Bayern
2000619,13071172,Peenehagen,17192,Landkreis Mecklenburgische Seenplatte,Mecklenburg-Vorpommern
2000619,13071172,Peenehagen,17194,Landkreis Mecklenburgische Seenplatte,Mecklenburg-Vorpommern
1432804,13075106,Peenemünde,17449,Landkreis Vorpommern-Greifswald,Mecklenburg-Vorpommern
1163497,7232103,Peffingen,54668,Eifelkreis Bitburg-Prüm,Rheinland-Pfalz
420240,14729350,Pegau,04523,Landkreis Leipzig,Sachsen
2014379,3255032,Pegestorf,37619,Landkreis Holzminden,Niedersachsen
1070991,9472175,Pegnitz,91257,Landkreis Bayreuth,Bayern
1182561,3157006,Peine,31224,Landkreis Peine,Niedersachsen
1182561,3157006,Peine,31226,Landkreis Peine,Niedersachsen
1182561,3157006,Peine,31228,Landkreis Peine,Niedersachsen
450063,1061084,Peissen,25551,Kreis Steinburg,Schleswig-Holstein
936946,9190139,Peißenberg,82380,Landkreis Weilheim-Schongau,Bayern
936787,9190140,Peiting,86971,Landkreis Weilheim-Schongau,Bayern
1322803,12071304,Peitz,03185,Landkreis Spree-Neiße,Brandenburg
1255970,7235106,Pellingen,54331,Landkreis Trier-Saarburg,Rheinland-Pfalz
1420556,1054103,Pellworm,25845,Kreis Nordfriesland,Schleswig-Holstein
1420556,1054103,Pellworm,25849,Kreis Nordfriesland,Schleswig-Holstein
1074562,7233056,Pelm,54570,Landkreis Vulkaneifel,Rheinland-Pfalz
961937,9372146,Pemfling,93482,Landkreis Cham,Bayern
413428,14522460,Penig,09322,Landkreis Mittelsachsen,Sachsen
1424395,13071114,Penkow,17213,Landkreis Mecklenburgische Seenplatte,Mecklenburg-Vorpommern
1407737,13075107,Penkun,17328,Landkreis Vorpommern-Greifswald,Mecklenburg-Vorpommern
1183246,3256023,Pennigsehl,31621,Landkreis Nienburg/Weser,Niedersachsen
964626,9375180,Pentling,93080,Landkreis Regensburg,Bayern
936920,9190141,Penzberg,82377,Landkreis Weilheim-Schongau,Bayern
1959689,13072078,Penzin,18249,Landkreis Rostock,Mecklenburg-Vorpommern
933973,9181132,Penzing,86929,Landkreis Landsberg am Lech,Bayern
1424421,13071115,Penzlin,17217,Landkreis Mecklenburgische Seenplatte,Mecklenburg-Vorpommern
1424421,13071115,Penzlin,17219,Landkreis Mecklenburgische Seenplatte,Mecklenburg-Vorpommern
942018,9171126,Perach,84567,Landkreis Altötting,Bayern
959644,9278171,Perasdorf,94366,Landkreis Straubing-Bogen,Bayern
959641,9278172,Perkam,94368,Landkreis Straubing-Bogen,Bayern
1184400,10042115,Perl,66706,Landkreis Merzig-Wadern,Saarland
1289805,12070296,Perleberg,19348,Landkreis Prignitz,Brandenburg
958964,9272138,Perlesreut,94157,Landkreis Freyung-Grafenau,Bayern
1444895,13074061,Perlin,19209,Landkreis Nordwestmecklenburg,Mecklenburg-Vorpommern
1190012,7140116,Perscheid,55430,Rhein-Hunsrück-Kreis,Rheinland-Pfalz
1343593,12063240,Pessin,14641,Landkreis Havelland,Brandenburg
534381,9571190,Petersaurach,91580,Landkreis Ansbach,Bayern
454883,6631020,Petersberg,36100,Landkreis Fulda,Hessen
1251035,7340037,Petersberg,66989,Landkreis Südwestpfalz,Rheinland-Pfalz
2407133,15088295,Petersberg,06193,Saalekreis,Sachsen-Anhalt
2778396,16074067,Petersberg,07616,Saale-Holzland-Kreis,Thüringen
162452,9771155,Petersdorf,86574,Landkreis Aichach-Friedberg,Bayern
145273,5770028,Petershagen,32469,Kreis Minden-Lübbecke,Nordrhein-Westfalen
55781,12064380,Petershagen/Eggersdorf,15345,Landkreis Märkisch-Oderland,Brandenburg
55781,12064380,Petershagen/Eggersdorf,15370,Landkreis Märkisch-Oderland,Brandenburg
934479,9174136,Petershausen,85238,Landkreis Dachau,Bayern
335488,7132089,Peterslahr,57632,Landkreis Altenkirchen,Rheinland-Pfalz
1269724,7135071,Peterswald-Löffelscheid,56858,Landkreis Cochem-Zell,Rheinland-Pfalz
965010,9375181,Pettendorf,93186,Landkreis Regensburg,Bayern
941671,9189135,Petting,83367,Landkreis Traunstein,Bayern
1077569,9471169,Pettstadt,96175,Landkreis Bamberg,Bayern
2179204,16075081,Peuschen,07389,Saale-Orla-Kreis,Thüringen
957724,9778187,Pfaffenhausen,87772,Landkreis Unterallgäu,Bayern
410518,8125081,Pfaffenhofen,74397,Landkreis Heilbronn,Baden-Württemberg
546954,9174137,Pfaffenhofen an der Glonn,85235,Landkreis Dachau,Bayern
396556,9186143,Pfaffenhofen an der Ilm,85276,Landkreis Pfaffenhofen an der Ilm,Bayern
941076,9775143,Pfaffenhofen an der Roth,89284,Landkreis Neu-Ulm,Bayern
1244008,7133078,Pfaffen-Schwabenheim,55546,Landkreis Bad Kreuznach,Rheinland-Pfalz
1946219,8315089,Pfaffenweiler,79292,Landkreis Breisgau-Hochschwarzwald,Baden-Württemberg
2186931,9187159,Pfaffing,83539,Landkreis Rosenheim,Bayern
2813152,16061075,Pfaffschwende,37308,Landkreis Eichsfeld,Thüringen
966626,9375182,Pfakofen,93101,Landkreis Regensburg,Bayern
1182308,7140117,Pfalzfeld,56291,Rhein-Hunsrück-Kreis,Rheinland-Pfalz
935837,8237054,Pfalzgrafenweiler,72285,Landkreis Freudenstadt,Baden-Württemberg
957053,9277138,Pfarrkirchen,84347,Landkreis Rottal-Inn,Bayern
388835,9674184,Pfarrweisach,96176,Landkreis Haßberge,Bayern
966631,9375183,Pfatter,93102,Landkreis Regensburg,Bayern
377571,8126069,Pfedelbach,74629,Hohenlohekreis,Baden-Württemberg
1246581,7336077,Pfeffelbach,66871,Landkreis Kusel,Rheinland-Pfalz
179654,9274172,Pfeffenhausen,84076,Landkreis Landshut,Bayern
2818336,16067055,Pferdingsleben,99869,Landkreis Gotha,Thüringen
156059,8215101,Pfinztal,76327,Landkreis Karlsruhe,Baden-Württemberg
1015105,9577159,Pfofeld,91738,Landkreis Weißenburg-Gunzenhausen,Bayern
943544,9176153,Pförring,85104,Landkreis Eichstätt,Bayern
447626,9777158,Pforzen,87666,Landkreis Ostallgäu,Bayern
62471,8231000,Pforzheim,75172,,Baden-Württemberg
62471,8231000,Pforzheim,75173,,Baden-Württemberg
62471,8231000,Pforzheim,75175,,Baden-Württemberg
62471,8231000,Pforzheim,75177,,Baden-Württemberg
62471,8231000,Pforzheim,75179,,Baden-Württemberg
62471,8231000,Pforzheim,75180,,Baden-Württemberg
62471,8231000,Pforzheim,75181,,Baden-Württemberg
962203,9376153,Pfreimd,92536,Landkreis Schwandorf,Bayern
2778121,8415058,Pfronstetten,72539,Landkreis Reutlingen,Baden-Württemberg
448299,9777159,Pfronten,87459,Landkreis Ostallgäu,Bayern
2806037,8437088,Pfullendorf,88630,Landkreis Sigmaringen,Baden-Württemberg
2772601,8415059,Pfullingen,72793,Landkreis Reutlingen,Baden-Württemberg
452417,6432018,Pfungstadt,64319,Landkreis Darmstadt-Dieburg,Hessen
659806,8215066,Philippsburg,76661,Landkreis Karlsruhe,Baden-Württemberg
1162787,7232104,Philippsheim,54662,Eifelkreis Bitburg-Prüm,Rheinland-Pfalz
958959,9272139,Philippsreut,94158,Landkreis Freyung-Grafenau,Bayern
275115,6632016,Philippsthal (Werra),36269,Landkreis Hersfeld-Rotenburg,Hessen
1451546,13076111,Picher,19230,Landkreis Ludwigslust-Parchim,Mecklenburg-Vorpommern
1140555,7232105,Pickließem,54647,Eifelkreis Bitburg-Prüm,Rheinland-Pfalz
941790,9172128,Piding,83451,Landkreis Berchtesgadener Land,Bayern
965018,9375184,Pielenhofen,93188,Landkreis Regensburg,Bayern
1258388,7231105,Piesport,54498,Landkreis Bernkastel-Wittlich,Rheinland-Pfalz
543130,7137087,Pillig,56753,Landkreis Mayen-Koblenz,Rheinland-Pfalz
551071,9373153,Pilsach,92367,Landkreis Neumarkt in der Oberpfalz,Bayern
959899,9279132,Pilsting,94431,Landkreis Dingolfing-Landau,Bayern
1444909,13074062,Pingelshagen,19069,Landkreis Nordwestmecklenburg,Mecklenburg-Vorpommern
443487,1056039,Pinneberg,25421,Kreis Pinneberg,Schleswig-Holstein
449934,13076112,Pinnow,19065,Landkreis Ludwigslust-Parchim,Mecklenburg-Vorpommern
1334087,12073440,Pinnow,16278,Landkreis Uckermark,Brandenburg
1113732,7232291,Pintesfeld,54649,Eifelkreis Bitburg-Prüm,Rheinland-Pfalz
1080496,9474158,Pinzberg,91361,Landkreis Forchheim,Bayern
1059468,9374146,Pirk,92712,Landkreis Neustadt an der Waldnaab,Bayern
62642,7317000,Pirmasens,66953,,Rheinland-Pfalz
62642,7317000,Pirmasens,66954,,Rheinland-Pfalz
62642,7317000,Pirmasens,66955,,Rheinland-Pfalz
534516,14628270,Pirna,01796,Landkreis Sächsische Schweiz-Osterzgebirge,Sachsen
1289817,12070300,Pirow,19348,Landkreis Prignitz,Brandenburg
1108075,7232292,Pittenbach,54595,Eifelkreis Bitburg-Prüm,Rheinland-Pfalz
941617,9189137,Pittenhart,83132,Landkreis Traunstein,Bayern
1991135,13072079,Plaaz,18276,Landkreis Rostock,Mecklenburg-Vorpommern
544324,7137088,Plaidt,56637,Landkreis Mayen-Koblenz,Rheinland-Pfalz
533503,12069470,Planebruch,14822,Landkreis Potsdam-Mittelmark,Brandenburg
318693,9184138,Planegg,82152,Landkreis München,Bayern
553875,12069474,Planetal,14806,Landkreis Potsdam-Mittelmark,Brandenburg
1071004,9472176,Plankenfels,95515,Landkreis Bayreuth,Bayern
454168,8226063,Plankstadt,68723,Rhein-Neckar-Kreis,Baden-Württemberg
1171876,7232106,Plascheid,54673,Eifelkreis Bitburg-Prüm,Rheinland-Pfalz
449930,13076113,Plate,19086,Landkreis Ludwigslust-Parchim,Mecklenburg-Vorpommern
1259127,7231107,Platten,54518,Landkreis Bernkastel-Wittlich,Rheinland-Pfalz
1289795,12070302,Plattenburg,19339,Landkreis Prignitz,Brandenburg
959822,9271146,Plattling,94447,Landkreis Deggendorf,Bayern
449920,13076114,Plau am See,19395,Landkreis Ludwigslust-Parchim,Mecklenburg-Vorpommern
165451,16070043,Plaue,99338,Ilm-Kreis,Thüringen
409608,14523320,Plauen,08523,Vogtlandkreis,Sachsen
409608,14523320,Plauen,08525,Vogtlandkreis,Sachsen
409608,14523320,Plauen,08527,Vogtlandkreis,Sachsen
409608,14523320,Plauen,08529,Vogtlandkreis,Sachsen
409608,14523320,Plauen,08541,Vogtlandkreis,Sachsen
409608,14523320,Plauen,08547,Vogtlandkreis,Sachsen
1070988,9472177,Plech,91287,Landkreis Bayreuth,Bayern
415010,7132090,Pleckhausen,56593,Landkreis Altenkirchen,Rheinland-Pfalz
405308,8118063,Pleidelsheim,74385,Landkreis Ludwigsburg,Baden-Württemberg
1259138,7231108,Plein,54518,Landkreis Bernkastel-Wittlich,Rheinland-Pfalz
1015095,9577161,Pleinfeld,91785,Landkreis Weißenburg-Gunzenhausen,Bayern
941946,9171127,Pleiskirchen,84568,Landkreis Altötting,Bayern
1252827,7337062,Pleisweiler-Oberhofen,76889,Landkreis Südliche Weinstraße,Rheinland-Pfalz
1244011,7133080,Pleitersheim,55576,Landkreis Bad Kreuznach,Rheinland-Pfalz
1241626,7140118,Pleizenhausen,55469,Rhein-Hunsrück-Kreis,Rheinland-Pfalz
958622,9778188,Pleß,87773,Landkreis Unterallgäu,Bayern
1303787,12062372,Plessa,04928,Landkreis Elbe-Elster,Brandenburg
168540,5962052,Plettenberg,58840,Märkischer Kreis,Nordrhein-Westfalen
1059436,9374147,Pleystein,92714,Landkreis Neustadt an der Waldnaab,Bayern
929779,9175133,Pliening,85652,Landkreis Ebersberg,Bayern
2778183,8415060,Pliezhausen,72124,Landkreis Reutlingen,Baden-Württemberg
2792770,8116056,Plochingen,73207,Landkreis Esslingen,Baden-Württemberg
310402,1057057,Plön,24306,Kreis Plön,Schleswig-Holstein
968893,9377146,Plößberg,95703,Landkreis Tirschenreuth,Bayern
2179205,16075083,Plothen,07907,Saale-Orla-Kreis,Thüringen
2393505,15089245,Plötzkau,06425,Salzlandkreis,Sachsen-Anhalt
1407861,13075108,Plöwen,17321,Landkreis Vorpommern-Greifswald,Mecklenburg-Vorpommern
401641,8119055,Plüderhausen,73642,Rems-Murr-Kreis,Baden-Württemberg
401641,8119055,Plüderhausen,73655,Rems-Murr-Kreis,Baden-Württemberg
1113765,7232293,Plütscheid,54597,Eifelkreis Bitburg-Prüm,Rheinland-Pfalz
1256962,7235107,Pluwig,54316,Landkreis Trier-Saarburg,Rheinland-Pfalz
3412601,14521495,Pockau-Lengefeld,09509,Erzgebirgskreis,Sachsen
3412601,14521495,Pockau-Lengefeld,09514,Erzgebirgskreis,Sachsen
958087,9275141,Pocking,94060,Landkreis Passau,Bayern
932449,9188137,Pöcking,82343,Landkreis Starnberg,Bayern
1332953,12064388,Podelzig,15326,Landkreis Märkisch-Oderland,Brandenburg
1469262,1053098,Pogeez,23911,Kreis Herzogtum Lauenburg,Schleswig-Holstein
1465976,1053099,Poggensee,23896,Kreis Herzogtum Lauenburg,Schleswig-Holstein
540057,7141111,Pohl,56357,Rhein-Lahn-Kreis,Rheinland-Pfalz
446589,14523330,Pöhl,08543,Vogtlandkreis,Sachsen
1182396,3257029,Pohle,31867,Landkreis Schaumburg,Niedersachsen
418620,6531014,Pohlheim,35415,Landkreis Gießen,Hessen
310387,1057058,Pohnsdorf,24211,Kreis Plön,Schleswig-Holstein
929922,9175135,Poing,85586,Landkreis Ebersberg,Bayern
1444903,13074064,Pokrent,19205,Landkreis Nordwestmecklenburg,Mecklenburg-Vorpommern
543131,7137089,Polch,56751,Landkreis Mayen-Koblenz,Rheinland-Pfalz
394322,13072080,Pölchow,18059,Landkreis Rostock,Mecklenburg-Vorpommern
1255921,7235108,Pölich,54340,Landkreis Trier-Saarburg,Rheinland-Pfalz
532326,1062056,Pölitz,23847,Kreis Stormarn,Schleswig-Holstein
1184618,3255033,Polle,37647,Landkreis Holzminden,Niedersachsen
943533,9176155,Pollenfeld,85131,Landkreis Eichstätt,Bayern
1169409,3257030,Pollhagen,31718,Landkreis Schaumburg,Niedersachsen
936945,9190142,Polling,82398,Landkreis Weilheim-Schongau,Bayern
941042,9183136,Polling,84570,Landkreis Mühldorf am Inn,Bayern
1015121,9577162,Polsingen,91805,Landkreis Weißenburg-Gunzenhausen,Bayern
2532078,16076058,Pölzig,07554,Landkreis Greiz,Thüringen
1410893,13075109,Polzow,17309,Landkreis Vorpommern-Greifswald,Mecklenburg-Vorpommern
966145,9574147,Pommelsbrunn,91224,Landkreis Nürnberger Land,Bayern
1145094,1059152,Pommerby,24395,Kreis Schleswig-Flensburg,Schleswig-Holstein
1266509,7135072,Pommern,56829,Landkreis Cochem-Zell,Rheinland-Pfalz
1077558,9471172,Pommersfelden,96178,Landkreis Bamberg,Bayern
1060417,7131065,Pomster,53534,Landkreis Ahrweiler,Rheinland-Pfalz
2449512,16077039,Ponitz,04639,Landkreis Altenburger Land,Thüringen
1395415,1054104,Poppenbüll,25836,Kreis Nordfriesland,Schleswig-Holstein
393355,13072081,Poppendorf,18184,Landkreis Rostock,Mecklenburg-Vorpommern
325551,9678168,Poppenhausen,97490,Landkreis Schweinfurt,Bayern
454884,6631021,Poppenhausen (Wasserkuppe),36163,Landkreis Fulda,Hessen
1028561,9371144,Poppenricht,92284,Landkreis Amberg-Sulzbach,Bayern
2179207,16075084,Pörmitz,07907,Saale-Orla-Kreis,Thüringen
387306,9186144,Pörnbach,85309,Landkreis Pfaffenhofen an der Ilm,Bayern
144696,5770032,Porta Westfalica,32457,Kreis Minden-Lübbecke,Nordrhein-Westfalen
450075,1061085,Pöschendorf,25560,Kreis Steinburg,Schleswig-Holstein
1437545,13073065,Poseritz,18574,Landkreis Vorpommern-Rügen,Mecklenburg-Vorpommern
960510,9372147,Pösing,93483,Landkreis Cham,Bayern
2179208,16075085,Pößneck,07381,Saale-Orla-Kreis,Thüringen
179067,9274174,Postau,84103,Landkreis Landshut,Bayern
1028804,9373155,Postbauer-Heng,92353,Landkreis Neumarkt in der Oberpfalz,Bayern
2778487,16077041,Posterstein,04626,Landkreis Altenburger Land,Thüringen
310419,1057059,Postfeld,24211,Kreis Plön,Schleswig-Holstein
1432556,13075110,Postlow,17391,Landkreis Vorpommern-Greifswald,Mecklenburg-Vorpommern
957051,9277139,Postmünster,84389,Landkreis Rottal-Inn,Bayern
62369,12054000,Potsdam,14467,,Brandenburg
62369,12054000,Potsdam,14469,,Brandenburg
62369,12054000,Potsdam,14471,,Brandenburg
62369,12054000,Potsdam,14473,,Brandenburg
62369,12054000,Potsdam,14476,,Brandenburg
62369,12054000,Potsdam,14478,,Brandenburg
62369,12054000,Potsdam,14480,,Brandenburg
62369,12054000,Potsdam,14482,,Brandenburg
1070980,9472179,Pottenstein,91278,Landkreis Bayreuth,Bayern
161964,9771156,Pöttmes,86554,Landkreis Aichach-Friedberg,Bayern
535016,7143284,Pottum,56459,Westerwaldkreis,Rheinland-Pfalz
1080508,9474160,Poxdorf,91099,Landkreis Forchheim,Bayern
2778397,16074068,Poxdorf,07616,Saale-Holzland-Kreis,Thüringen
450065,1061086,Poyenberg,25581,Kreis Steinburg,Schleswig-Holstein
420577,7132091,Pracht,57589,Landkreis Altenkirchen,Rheinland-Pfalz
959170,9276135,Prackenbach,94267,Landkreis Regen,Bayern
1419895,13071117,Pragsdorf,17094,Landkreis Mecklenburgische Seenplatte,Mecklenburg-Vorpommern
288260,1057060,Prasdorf,24253,Kreis Plön,Schleswig-Holstein
539905,7141112,Prath,56346,Rhein-Lahn-Kreis,Rheinland-Pfalz
2029539,13072082,Prebberede,17168,Landkreis Rostock,Mecklenburg-Vorpommern
1070973,9472180,Prebitz,95473,Landkreis Bayreuth,Bayern
310389,1057062,Preetz,24211,Kreis Plön,Schleswig-Holstein
374201,13073066,Preetz,18445,Landkreis Vorpommern-Rügen,Mecklenburg-Vorpommern
1113754,7232294,Preischeid,54689,Eifelkreis Bitburg-Prüm,Rheinland-Pfalz
1162784,7232107,Preist,54664,Eifelkreis Bitburg-Prüm,Rheinland-Pfalz
936771,9190143,Prem,86984,Landkreis Weilheim-Schongau,Bayern
1266353,12063244,Premnitz,14727,Landkreis Havelland,Brandenburg
1334102,12073452,Prenzlau,17291,Landkreis Uckermark,Brandenburg
374252,13073067,Prerow,18375,Landkreis Vorpommern-Rügen,Mecklenburg-Vorpommern
1059457,9374149,Pressath,92690,Landkreis Neustadt an der Waldnaab,Bayern
1022769,9477148,Presseck,95355,Landkreis Kulmbach,Bayern
1021757,9476164,Pressig,96332,Landkreis Kronach,Bayern
1080476,9474161,Pretzfeld,91362,Landkreis Forchheim,Bayern
145245,5770036,Preußisch Oldendorf,32361,Kreis Minden-Lübbecke,Nordrhein-Westfalen
1829046,3354020,Prezelle,29491,Landkreis Lüchow-Dannenberg,Niedersachsen
1424137,13071118,Priborn,17209,Landkreis Mecklenburgische Seenplatte,Mecklenburg-Vorpommern
283688,9675158,Prichsenstadt,97357,Landkreis Kitzingen,Bayern
2186932,9187162,Prien am Chiemsee,83209,Landkreis Rosenheim,Bayern
1419644,13071119,Priepert,17255,Landkreis Mecklenburgische Seenplatte,Mecklenburg-Vorpommern
1077551,9471173,Priesendorf,96170,Landkreis Bamberg,Bayern
551156,14627200,Priestewitz,01561,Landkreis Meißen,Sachsen
556575,1058129,Prinzenmoor,24805,Kreis Rendsburg-Eckernförde,Schleswig-Holstein
2012323,3458012,Prinzhöfte,27243,Landkreis Oldenburg,Niedersachsen
1427889,13071120,Pripsleben,17091,Landkreis Mecklenburgische Seenplatte,Mecklenburg-Vorpommern
443358,1056040,Prisdorf,25497,Kreis Pinneberg,Schleswig-Holstein
1451554,13076115,Prislich,19300,Landkreis Ludwigslust-Parchim,Mecklenburg-Vorpommern
933779,9181134,Prittriching,86931,Landkreis Landsberg am Lech,Bayern
1451575,13076116,Pritzier,19230,Landkreis Ludwigslust-Parchim,Mecklenburg-Vorpommern
1289799,12070316,Pritzwalk,16928,Landkreis Prignitz,Brandenburg
288263,1057063,Probsteierhagen,24253,Kreis Plön,Schleswig-Holstein
1273251,16073067,Probstzella,07330,Landkreis Saalfeld-Rudolstadt,Thüringen
371501,13073068,Prohn,18445,Landkreis Vorpommern-Rügen,Mecklenburg-Vorpommern
1108055,7232295,Pronsfeld,54597,Eifelkreis Bitburg-Prüm,Rheinland-Pfalz
442918,1060067,Pronstorf,23820,Kreis Segeberg,Schleswig-Holstein
182344,9679174,Prosselsheim,97279,Landkreis Würzburg,Bayern
1332923,12064393,Prötzel,15345,Landkreis Märkisch-Oderland,Brandenburg
374277,13073069,Pruchten,18356,Landkreis Vorpommern-Rügen,Mecklenburg-Vorpommern
1108057,7232296,Prüm,54595,Eifelkreis Bitburg-Prüm,Rheinland-Pfalz
1163508,7232108,Prümzurlay,54668,Eifelkreis Bitburg-Prüm,Rheinland-Pfalz
2186933,9187163,Prutting,83134,Landkreis Rosenheim,Bayern
1059454,9374150,Püchersreuth,92715,Landkreis Neustadt an der Waldnaab,Bayern
933481,9179145,Puchheim,82178,Landkreis Fürstenfeldbruck,Bayern
1433088,13075111,Pudagla,17429,Landkreis Vorpommern-Greifswald,Mecklenburg-Vorpommern
445740,7138057,Puderbach,56305,Landkreis Neuwied,Rheinland-Pfalz
168464,5362036,Pulheim,50259,Rhein-Erft-Kreis,Nordrhein-Westfalen
415807,9184139,Pullach im Isartal,82049,Landkreis München,Bayern
975287,9377148,Pullenreuth,95704,Landkreis Tirschenreuth,Bayern
450073,1061087,Puls,25560,Kreis Steinburg,Schleswig-Holstein
2321817,14625450,Pulsnitz,01896,Landkreis Bautzen,Sachsen
1269718,7135073,Pünderich,56862,Landkreis Cochem-Zell,Rheinland-Pfalz
933964,9181141,Pürgen,86932,Landkreis Landsberg am Lech,Bayern
1016406,9573124,Puschendorf,90617,Landkreis Fürth,Bayern
1307709,14625460,Puschwitz - Bóšicy,02699,Landkreis Bautzen,Sachsen
1437551,13073070,Putbus,18581,Landkreis Vorpommern-Rügen,Mecklenburg-Vorpommern
1437948,13073071,Putgarten,18556,Landkreis Vorpommern-Rügen,Mecklenburg-Vorpommern
1289785,12070325,Putlitz,16949,Landkreis Prignitz,Brandenburg
1184883,10041515,Püttlingen,66346,Regionalverband Saarbrücken,Saarland
56350,9184140,Putzbrunn,85640,Landkreis München,Bayern
1028803,9373156,Pyrbaum,90602,Landkreis Neumarkt in der Oberpfalz,Bayern
1808589,3459030,Quakenbrück,49610,Landkreis Osnabrück,Niedersachsen
548499,1058130,Quarnbek,24107,Kreis Rendsburg-Eckernförde,Schleswig-Holstein
450222,1061088,Quarnstedt,25563,Kreis Steinburg,Schleswig-Holstein
2179209,16075087,Quaschwitz,07389,Saale-Orla-Kreis,Thüringen
153832,15085235,Quedlinburg,06484,Landkreis Harz,Sachsen-Anhalt
153832,15085235,Quedlinburg,06485,Landkreis Harz,Sachsen-Anhalt
1185525,7335037,Queidersbach,66851,Landkreis Kaiserslautern,Rheinland-Pfalz
2012779,3456018,Quendorf,48465,Landkreis Grafschaft Bentheim,Niedersachsen
1446641,3154016,Querenhorst,38368,Landkreis Helmstedt,Niedersachsen
2396173,15088305,Querfurt,06268,Saalekreis,Sachsen-Anhalt
1675745,3251029,Quernheim,49448,Landkreis Diepholz,Niedersachsen
443749,1056041,Quickborn,25451,Kreis Pinneberg,Schleswig-Holstein
943923,1051089,Quickborn,25712,Kreis Dithmarschen,Schleswig-Holstein
1060406,7131066,Quiddelbach,53518,Landkreis Ahrweiler,Rheinland-Pfalz
1184867,10041516,Quierschied,66287,Regionalverband Saarbrücken,Saarland
533591,7143061,Quirnbach,56242,Westerwaldkreis,Rheinland-Pfalz
1246489,7336501,Quirnbach/Pfalz,66909,Landkreis Kusel,Rheinland-Pfalz
1249732,7332042,Quirnheim,67280,Landkreis Bad Dürkheim,Rheinland-Pfalz
1311143,14626440,Quitzdorf am See - Kwětanecy,02906,Landkreis Görlitz,Sachsen
443299,1056042,Raa-Besenbek,25335,Kreis Pinneberg,Schleswig-Holstein
1145351,1059154,Rabel,24376,Kreis Schleswig-Flensburg,Schleswig-Holstein
418612,6531015,Rabenau,35466,Landkreis Gießen,Hessen
455476,14628300,Rabenau,01734,Landkreis Sächsische Schweiz-Osterzgebirge,Sachsen
1145093,1059155,Rabenholz,24395,Kreis Schleswig-Flensburg,Schleswig-Holstein
1147204,1059068,Rabenkirchen-Faulück,24407,Kreis Schleswig-Flensburg,Schleswig-Holstein
449935,13076117,Raben Steinfeld,19065,Landkreis Ludwigslust-Parchim,Mecklenburg-Vorpommern
556295,12069485,Rabenstein/Fläming,14823,Landkreis Potsdam-Mittelmark,Brandenburg
1446646,3154017,Räbke,38375,Landkreis Helmstedt,Niedersachsen
1307665,14625470,Räckelwitz - Worklecy,01920,Landkreis Bautzen,Sachsen
418884,7132092,Racksen,57612,Landkreis Altenkirchen,Rheinland-Pfalz
444743,14730250,Rackwitz,04519,Landkreis Nordsachsen,Sachsen
1392132,3355028,Radbruch,21449,Landkreis Lüneburg,Niedersachsen
1183256,3256024,Raddestorf,31604,Landkreis Nienburg/Weser,Niedersachsen
450067,1061089,Rade,25579,Kreis Steinburg,Schleswig-Holstein
548564,1058132,Rade,24790,Kreis Rendsburg-Eckernförde,Schleswig-Holstein
548564,1058132,Rade,24794,Kreis Rendsburg-Eckernförde,Schleswig-Holstein
1307202,14625480,Radeberg,01454,Landkreis Bautzen,Sachsen
36820,14627210,Radebeul,01445,Landkreis Meißen,Sachsen
548592,1058131,Rade b. Hohenwestedt,24594,Kreis Rendsburg-Eckernförde,Schleswig-Holstein
551230,14627220,Radeburg,01471,Landkreis Meißen,Sachsen
173815,5374036,Radevormwald,42477,Oberbergischer Kreis,Nordrhein-Westfalen
1309632,14625490,Radibor - Radwor,02627,Landkreis Bautzen,Sachsen
2784987,8335063,Radolfzell am Bodensee,78315,Landkreis Konstanz,Baden-Württemberg
162718,5554040,Raesfeld,46348,Kreis Borken,Nordrhein-Westfalen
1384834,12067397,Ragow-Merz,15848,Landkreis Oder-Spree,Brandenburg
1329609,15082301,Raguhn-Jeßnitz,06779,Landkreis Anhalt-Bitterfeld,Sachsen-Anhalt
1329609,15082301,Raguhn-Jeßnitz,06800,Landkreis Anhalt-Bitterfeld,Sachsen-Anhalt
145233,5770040,Rahden,32369,Kreis Minden-Lübbecke,Nordrhein-Westfalen
959634,9278177,Rain,94369,Landkreis Straubing-Bogen,Bayern
962252,9779201,Rain,86641,Landkreis Donau-Ries,Bayern
915551,8136089,Rainau,73492,Ostalbkreis,Baden-Württemberg
936834,9190144,Raisting,82399,Landkreis Weilheim-Schongau,Bayern
1015140,9577163,Raitenbuch,91790,Landkreis Weißenburg-Gunzenhausen,Bayern
1307706,14625500,Ralbitz-Rosenthal - Ralbicy-Róžant,01920,Landkreis Bautzen,Sachsen
1260068,7235111,Ralingen,54310,Landkreis Trier-Saarburg,Rheinland-Pfalz
1437543,13073072,Ralswiek,18528,Landkreis Vorpommern-Rügen,Mecklenburg-Vorpommern
1252767,7337064,Ramberg,76829,Landkreis Südliche Weinstraße,Rheinland-Pfalz
1252767,7337064,Ramberg,76857,Landkreis Südliche Weinstraße,Rheinland-Pfalz
1438082,13073073,Rambin,18573,Landkreis Vorpommern-Rügen,Mecklenburg-Vorpommern
2186934,9187164,Ramerberg,83561,Landkreis Rosenheim,Bayern
935360,1051090,Ramhusen,25715,Kreis Dithmarschen,Schleswig-Holstein
1407862,13075113,Ramin,17321,Landkreis Vorpommern-Greifswald,Mecklenburg-Vorpommern
1246626,7336079,Rammelsbach,66887,Landkreis Kusel,Rheinland-Pfalz
1307628,14625510,Rammenau,01877,Landkreis Bautzen,Sachsen
937638,8425097,Rammingen,89192,Alb-Donau-Kreis,Baden-Württemberg
968911,9778209,Rammingen,86871,Landkreis Unterallgäu,Bayern
941797,9172129,Ramsau bei Berchtesgaden,83486,Landkreis Berchtesgadener Land,Bayern
1254495,7333060,Ramsen,67305,Donnersbergkreis,Rheinland-Pfalz
1405166,1054105,Ramstedt,25876,Kreis Nordfriesland,Schleswig-Holstein
1253743,7335038,Ramstein-Miesenbach,66877,Landkreis Kaiserslautern,Rheinland-Pfalz
383591,9672142,Ramsthal,97729,Landkreis Bad Kissingen,Bayern
163737,9679175,Randersacker,97236,Landkreis Würzburg,Bayern
1334097,12073458,Randowtal,17291,Landkreis Uckermark,Brandenburg
2779213,8417051,Rangendingen,72414,Zollernalbkreis,Baden-Württemberg
162462,12072340,Rangsdorf,15834,Landkreis Teltow-Fläming,Brandenburg
2179210,16075088,Ranis,07389,Saale-Orla-Kreis,Thüringen
1433085,13075114,Rankwitz,17406,Landkreis Vorpommern-Greifswald,Mecklenburg-Vorpommern
383671,9672143,Rannungen,97517,Landkreis Bad Kissingen,Bayern
532375,7143062,Ransbach-Baumbach,56235,Westerwaldkreis,Rheinland-Pfalz
1252637,7337065,Ranschbach,76829,Landkreis Südliche Weinstraße,Rheinland-Pfalz
450113,6440020,Ranstadt,63691,Wetteraukreis,Hessen
1253971,7333061,Ransweiler,67808,Donnersbergkreis,Rheinland-Pfalz
1405171,1054106,Rantrum,25873,Kreis Nordfriesland,Schleswig-Holstein
309177,1057065,Rantzau,24321,Kreis Plön,Schleswig-Holstein
309177,1057065,Rantzau,24329,Kreis Plön,Schleswig-Holstein
1437547,13073074,Rappin,18528,Landkreis Vorpommern-Rügen,Mecklenburg-Vorpommern
419007,14521500,Raschau-Markersbach,08352,Erzgebirgskreis,Sachsen
1257096,7235112,Rascheid,54413,Landkreis Trier-Saarburg,Rheinland-Pfalz
454885,6631022,Rasdorf,36169,Landkreis Fulda,Hessen
907178,8216043,Rastatt,76437,Landkreis Rastatt,Baden-Württemberg
2007765,3454042,Rastdorf,26901,Landkreis Emsland,Niedersachsen
1186789,3451005,Rastede,26180,Landkreis Ammerland,Niedersachsen
2410100,16068042,Rastenberg,99636,Landkreis Sömmerda,Thüringen
289958,1057066,Rastorf,24211,Kreis Plön,Schleswig-Holstein
1451572,13076118,Rastow,19077,Landkreis Ludwigslust-Parchim,Mecklenburg-Vorpommern
382445,1055035,Ratekau,23611,Kreis Ostholstein,Schleswig-Holstein
382445,1055035,Ratekau,23626,Kreis Ostholstein,Schleswig-Holstein
382445,1055035,Ratekau,23669,Kreis Ostholstein,Schleswig-Holstein
382445,1055035,Ratekau,23689,Kreis Ostholstein,Schleswig-Holstein
534523,14628310,Rathen,01824,Landkreis Sächsische Schweiz-Osterzgebirge,Sachsen
1271899,12063252,Rathenow,14712,Landkreis Havelland,Brandenburg
310401,1057067,Rathjensdorf,24306,Kreis Plön,Schleswig-Holstein
534532,14628320,Rathmannsdorf,01814,Landkreis Sächsische Schweiz-Osterzgebirge,Sachsen
1253976,7333201,Rathskirchen,67744,Donnersbergkreis,Rheinland-Pfalz
1246631,7336081,Rathsweiler,66887,Landkreis Kusel,Rheinland-Pfalz
56682,5158028,Ratingen,40472,Kreis Mettmann,Nordrhein-Westfalen
56682,5158028,Ratingen,40878,Kreis Mettmann,Nordrhein-Westfalen
56682,5158028,Ratingen,40880,Kreis Mettmann,Nordrhein-Westfalen
56682,5158028,Ratingen,40882,Kreis Mettmann,Nordrhein-Westfalen
56682,5158028,Ratingen,40883,Kreis Mettmann,Nordrhein-Westfalen
56682,5158028,Ratingen,40885,Kreis Mettmann,Nordrhein-Westfalen
2781603,8417052,Ratshausen,72365,Zollernalbkreis,Baden-Württemberg
1077527,9471174,Rattelsdorf,96179,Landkreis Bamberg,Bayern
2778399,16074071,Rattelsdorf,07646,Saale-Holzland-Kreis,Thüringen
959642,9278178,Rattenberg,94371,Landkreis Straubing-Bogen,Bayern
940837,9183138,Rattenkirchen,84431,Landkreis Mühldorf am Inn,Bayern
959653,9278179,Rattiszell,94372,Landkreis Straubing-Bogen,Bayern
1471100,1053100,Ratzeburg,23909,Kreis Herzogtum Lauenburg,Schleswig-Holstein
445736,7138058,Ratzert,57614,Landkreis Neuwied,Rheinland-Pfalz
1246440,3360016,Rätzlingen,29590,Landkreis Uelzen,Niedersachsen
445748,7138059,Raubach,56316,Landkreis Neuwied,Rheinland-Pfalz
2186954,9187165,Raubling,83064,Landkreis Rosenheim,Bayern
2778400,16074072,Rauda,07613,Saale-Holzland-Kreis,Thüringen
1384816,12067408,Rauen,15518,Landkreis Oder-Spree,Brandenburg
453400,8226065,Rauenberg,69231,Rhein-Neckar-Kreis,Baden-Württemberg
387773,9674187,Rauhenebrach,96181,Landkreis Haßberge,Bayern
1244068,7133081,Raumbach,55592,Landkreis Bad Kreuznach,Rheinland-Pfalz
444843,6433010,Raunheim,65479,Kreis Groß-Gerau,Hessen
225483,6534017,Rauschenberg,35282,Landkreis Marburg-Biedenkopf,Hessen
2778401,16074073,Rauschwitz,07616,Saale-Holzland-Kreis,Thüringen
454250,1062058,Rausdorf,22929,Kreis Stormarn,Schleswig-Holstein
2778402,16074074,Rausdorf,07646,Saale-Holzland-Kreis,Thüringen
1241634,7140119,Ravengiersburg,55471,Rhein-Hunsrück-Kreis,Rheinland-Pfalz
2808301,8436064,Ravensburg,88212,Landkreis Ravensburg,Baden-Württemberg
2808301,8436064,Ravensburg,88213,Landkreis Ravensburg,Baden-Württemberg
2808301,8436064,Ravensburg,88214,Landkreis Ravensburg,Baden-Württemberg
403731,8225114,Ravenstein,74747,Neckar-Odenwald-Kreis,Baden-Württemberg
1015227,7140120,Raversbeuren,56850,Rhein-Hunsrück-Kreis,Rheinland-Pfalz
1241639,7140121,Rayerschied,55469,Rhein-Hunsrück-Kreis,Rheinland-Pfalz
1021825,7131068,Rech,53506,Landkreis Ahrweiler,Rheinland-Pfalz
2825845,8117038,Rechberghausen,73098,Landkreis Göppingen,Baden-Württemberg
416544,14522470,Rechenberg-Bienenmühle,09623,Landkreis Mittelsachsen,Sachsen
1424143,13071122,Rechlin,17248,Landkreis Mecklenburgische Seenplatte,Mecklenburg-Vorpommern
337281,9677172,Rechtenbach,97848,Landkreis Main-Spessart,Bayern
2803462,8425098,Rechtenstein,89611,Alb-Donau-Kreis,Baden-Württemberg
940682,9183139,Rechtmehring,83562,Landkreis Mühldorf am Inn,Bayern
898639,3452022,Rechtsupweg,26529,Landkreis Aurich,Niedersachsen
155638,5566072,Recke,49509,Kreis Steinfurt,Nordrhein-Westfalen
1077549,9471175,Reckendorf,96182,Landkreis Bamberg,Bayern
539717,7141113,Reckenroth,56370,Rhein-Lahn-Kreis,Rheinland-Pfalz
1245169,7140122,Reckershausen,55481,Rhein-Hunsrück-Kreis,Rheinland-Pfalz
56665,5562032,Recklinghausen,45657,Kreis Recklinghausen,Nordrhein-Westfalen
56665,5562032,Recklinghausen,45659,Kreis Recklinghausen,Nordrhein-Westfalen
56665,5562032,Recklinghausen,45661,Kreis Recklinghausen,Nordrhein-Westfalen
56665,5562032,Recklinghausen,45663,Kreis Recklinghausen,Nordrhein-Westfalen
56665,5562032,Recklinghausen,45665,Kreis Recklinghausen,Nordrhein-Westfalen
394327,13072083,Reddelich,18209,Landkreis Rostock,Mecklenburg-Vorpommern
1451549,13076119,Redefin,19230,Landkreis Ludwigslust-Parchim,Mecklenburg-Vorpommern
158094,9576137,Rednitzhembach,91126,Landkreis Roth,Bayern
1026860,9478155,Redwitz a.d.Rodach,96257,Landkreis Lichtenfels,Bayern
167944,5154044,Rees,46459,Kreis Kleve,Nordrhein-Westfalen
548516,1058133,Reesdorf,24241,Kreis Rendsburg-Eckernförde,Schleswig-Holstein
965605,3357037,Reeßum,27367,Landkreis Rotenburg (Wümme),Niedersachsen
959158,9276138,Regen,94209,Landkreis Regen,Bayern
62411,9362000,Regensburg,93047,,Bayern
62411,9362000,Regensburg,93049,,Bayern
62411,9362000,Regensburg,93051,,Bayern
62411,9362000,Regensburg,93053,,Bayern
62411,9362000,Regensburg,93055,,Bayern
62411,9362000,Regensburg,93057,,Bayern
62411,9362000,Regensburg,93059,,Bayern
965012,9375190,Regenstauf,93128,Landkreis Regensburg,Bayern
304947,3353028,Regesbostel,21649,Landkreis Harburg,Niedersachsen
420243,14729360,Regis-Breitingen,04565,Landkreis Leipzig,Sachsen
1021702,9475161,Regnitzlosau,95194,Landkreis Hof,Bayern
1021691,9475162,Rehau,95111,Landkreis Hof,Bayern
1244159,7133082,Rehbach,55566,Landkreis Bad Kreuznach,Rheinland-Pfalz
1244058,7133083,Rehborn,55592,Landkreis Bad Kreuznach,Rheinland-Pfalz
1183266,3256025,Rehburg-Loccum,31547,Landkreis Nienburg/Weser,Niedersachsen
1588114,3251030,Rehden,49453,Landkreis Diepholz,Niedersachsen
533260,7143285,Rehe,56479,Westerwaldkreis,Rheinland-Pfalz
450064,1061091,Reher,25593,Kreis Steinburg,Schleswig-Holstein
1332909,12064408,Rehfelde,15345,Landkreis Märkisch-Oderland,Brandenburg
532395,1062059,Rehhorst,23619,Kreis Stormarn,Schleswig-Holstein
162455,9771158,Rehling,86508,Landkreis Aichach-Friedberg,Bayern
1846192,3355029,Rehlingen,21385,Landkreis Lüneburg,Niedersachsen
1184571,10044114,Rehlingen-Siersburg,66780,Landkreis Saarlouis,Saarland
952216,1051092,Rehm-Flehde-Bargen,25776,Kreis Dithmarschen,Schleswig-Holstein
1444879,13074065,Rehna,19217,Landkreis Nordwestmecklenburg,Mecklenburg-Vorpommern
1246486,7336082,Rehweiler,66907,Landkreis Kusel,Rheinland-Pfalz
1241640,7140123,Reich,55471,Rhein-Hunsrück-Kreis,Rheinland-Pfalz
453365,8226066,Reichartshausen,74934,Rhein-Neckar-Kreis,Baden-Württemberg
450121,6440021,Reichelsheim,61203,Wetteraukreis,Hessen
451796,6437013,Reichelsheim (Odenwald),64385,Odenwaldkreis,Hessen
2784858,8335066,Reichenau,78479,Landkreis Konstanz,Baden-Württemberg
961326,9372149,Reichenbach,93189,Landkreis Cham,Bayern
1021745,9476166,Reichenbach,96358,Landkreis Kronach,Bayern
1245056,7134068,Reichenbach,55776,Landkreis Birkenfeld,Rheinland-Pfalz
2778403,16074075,Reichenbach,07629,Saale-Holzland-Kreis,Thüringen
5818742,14523340,Reichenbach,08468,Vogtlandkreis,Sachsen
5818742,14523340,Reichenbach,08499,Vogtlandkreis,Sachsen
1231964,8327040,Reichenbach am Heuberg,78564,Landkreis Tuttlingen,Baden-Württemberg
2792737,8116058,Reichenbach an der Fils,73262,Landkreis Esslingen,Baden-Württemberg
1311106,14626450,Reichenbach/Oberlausitz,02894,Landkreis Görlitz,Sachsen
1253794,7335501,Reichenbach-Steegen,66879,Landkreis Kaiserslautern,Rheinland-Pfalz
163746,9679176,Reichenberg,97234,Landkreis Würzburg,Bayern
539911,7141114,Reichenberg,56357,Rhein-Lahn-Kreis,Rheinland-Pfalz
1332935,12064417,Reichenow-Möglin,15345,Landkreis Märkisch-Oderland,Brandenburg
966154,9574150,Reichenschwand,91244,Landkreis Nürnberger Land,Bayern
1384809,12067413,Reichenwalde,15526,Landkreis Oder-Spree,Brandenburg
935185,9173140,Reichersbeuern,83677,Landkreis Bad Tölz-Wolfratshausen,Bayern
396546,9186146,Reichertshausen,85293,Landkreis Pfaffenhofen an der Ilm,Bayern
940708,9183140,Reichertsheim,84437,Landkreis Mühldorf am Inn,Bayern
387305,9186147,Reichertshofen,85084,Landkreis Pfaffenhofen an der Ilm,Bayern
933951,9181135,Reichling,86934,Landkreis Landsberg am Lech,Bayern
173870,5374040,Reichshof,51580,Oberbergischer Kreis,Nordrhein-Westfalen
2531747,16076059,Reichstädt,07580,Landkreis Greiz,Thüringen
1253975,7333202,Reichsthal,67759,Donnersbergkreis,Rheinland-Pfalz
1246579,7336084,Reichweiler,66871,Landkreis Kusel,Rheinland-Pfalz
1269735,7135074,Reidenhausen,56865,Landkreis Cochem-Zell,Rheinland-Pfalz
1251037,7340220,Reifenberg,66507,Landkreis Südwestpfalz,Rheinland-Pfalz
415720,7132093,Reiferscheid,57632,Landkreis Altenkirchen,Rheinland-Pfalz
1113744,7232297,Reiff,54619,Eifelkreis Bitburg-Prüm,Rheinland-Pfalz
1244057,7133084,Reiffelbach,67829,Landkreis Bad Kreuznach,Rheinland-Pfalz
1060423,7131069,Reifferscheid,53520,Landkreis Ahrweiler,Rheinland-Pfalz
1258635,7231110,Reil,56861,Landkreis Bernkastel-Wittlich,Rheinland-Pfalz
453403,8226068,Reilingen,68799,Rhein-Neckar-Kreis,Baden-Württemberg
1075162,7233233,Reimerath,53539,Landkreis Vulkaneifel,Rheinland-Pfalz
1964781,13072084,Reimershagen,18276,Landkreis Rostock,Mecklenburg-Vorpommern
962466,9779203,Reimlingen,86756,Landkreis Donau-Ries,Bayern
335683,1062060,Reinbek,21465,Kreis Stormarn,Schleswig-Holstein
335683,1062060,Reinbek,21521,Kreis Stormarn,Schleswig-Holstein
532401,1062061,Reinfeld,23858,Kreis Stormarn,Schleswig-Holstein
943199,6633022,Reinhardshagen,34359,Landkreis Kassel,Hessen
534533,14628330,Reinhardtsdorf-Schöna,01814,Landkreis Sächsische Schweiz-Osterzgebirge,Sachsen
452423,6432019,Reinheim,64354,Landkreis Darmstadt-Dieburg,Hessen
2813794,16061076,Reinholterode,37308,Landkreis Eichsfeld,Thüringen
416000,14522480,Reinsberg,09629,Landkreis Mittelsachsen,Sachsen
416000,14522480,Reinsberg,09634,Landkreis Mittelsachsen,Sachsen
447165,1051093,Reinsbüttel,25764,Kreis Dithmarschen,Schleswig-Holstein
417707,14524250,Reinsdorf,08141,Landkreis Zwickau,Sachsen
2387362,16065056,Reinsdorf,06556,Kyffhäuserkreis,Thüringen
1257095,7235114,Reinsfeld,54421,Landkreis Trier-Saarburg,Rheinland-Pfalz
2462250,16074076,Reinstädt,07768,Saale-Holzland-Kreis,Thüringen
1387436,3355030,Reinstorf,21400,Landkreis Lüneburg,Niedersachsen
1113736,7232298,Reipeldingen,54689,Eifelkreis Bitburg-Prüm,Rheinland-Pfalz
1246681,7336085,Reipoltskirchen,67753,Landkreis Kusel,Rheinland-Pfalz
959902,9279134,Reisbach,94419,Landkreis Dingolfing-Landau,Bayern
942011,9171129,Reischach,84571,Landkreis Altötting,Bayern
418615,6531016,Reiskirchen,35447,Landkreis Gießen,Hessen
941684,9189139,Reit im Winkl,83242,Landkreis Traunstein,Bayern
1332900,12064420,Reitwein,15328,Landkreis Märkisch-Oderland,Brandenburg
539912,7141115,Reitzenhain,56357,Rhein-Lahn-Kreis,Rheinland-Pfalz
162724,5554044,Reken,48734,Kreis Borken,Nordrhein-Westfalen
443755,1056043,Rellingen,25462,Kreis Pinneberg,Schleswig-Holstein
1246670,7336086,Relsberg,67753,Landkreis Kusel,Rheinland-Pfalz
78548,7131070,Remagen,53424,Landkreis Ahrweiler,Rheinland-Pfalz
1427002,8236071,Remchingen,75196,Enzkreis,Baden-Württemberg
180677,9679177,Remlingen,97280,Landkreis Würzburg,Bayern
6680396,3158040,Remlingen-Semmenstedt,38319,Landkreis Wolfenbüttel,Niedersachsen
6680396,3158040,Remlingen-Semmenstedt,38327,Landkreis Wolfenbüttel,Niedersachsen
548594,1058134,Remmels,24594,Kreis Rendsburg-Eckernförde,Schleswig-Holstein
2179211,16075134,Remptendorf,07368,Saale-Orla-Kreis,Thüringen
62455,5120000,Remscheid,42853,,Nordrhein-Westfalen
62455,5120000,Remscheid,42855,,Nordrhein-Westfalen
62455,5120000,Remscheid,42857,,Nordrhein-Westfalen
62455,5120000,Remscheid,42859,,Nordrhein-Westfalen
62455,5120000,Remscheid,42897,,Nordrhein-Westfalen
62455,5120000,Remscheid,42899,,Nordrhein-Westfalen
413534,14524260,Remse,08373,Landkreis Zwickau,Sachsen
405291,8118081,Remseck am Neckar,71686,Landkreis Ludwigsburg,Baden-Württemberg
401645,8119090,Remshalden,73630,Rems-Murr-Kreis,Baden-Württemberg
452978,8317110,Renchen,77871,Ortenaukreis,Baden-Württemberg
548570,1058135,Rendsburg,24768,Kreis Rendsburg-Eckernförde,Schleswig-Holstein
310410,1057068,Rendswühren,24619,Kreis Plön,Schleswig-Holstein
444703,7138061,Rengsdorf,56579,Landkreis Neuwied,Rheinland-Pfalz
2010632,3454043,Renkenberge,49762,Landkreis Emsland,Niedersachsen
1446639,3154018,Rennau,38368,Landkreis Helmstedt,Niedersachsen
533261,7143286,Rennerod,56477,Westerwaldkreis,Rheinland-Pfalz
943661,9185153,Rennertshofen,86643,Landkreis Neuburg-Schrobenhausen,Bayern
722151,8115041,Renningen,71272,Landkreis Böblingen,Baden-Württemberg
1231951,8327041,Renquishausen,78603,Landkreis Tuttlingen,Baden-Württemberg
2778404,16074077,Renthendorf,07646,Saale-Holzland-Kreis,Thüringen
388839,9674190,Rentweinsdorf,96184,Landkreis Haßberge,Bayern
1392093,3355031,Reppenstedt,21391,Landkreis Lüneburg,Niedersachsen
394331,13072085,Rerik,18230,Landkreis Rostock,Mecklenburg-Vorpommern
1799474,3358018,Rethem (Aller),27336,Landkreis Heidekreis,Niedersachsen
447312,1061092,Rethwisch,25566,Kreis Steinburg,Schleswig-Holstein
532317,1062062,Rethwisch,23847,Kreis Stormarn,Schleswig-Holstein
394324,13072086,Retschow,18211,Landkreis Rostock,Mecklenburg-Vorpommern
961331,9372150,Rettenbach,93191,Landkreis Cham,Bayern
964464,9774174,Rettenbach,89364,Landkreis Günzburg,Bayern
448121,9777183,Rettenbach a.Auerberg,87675,Landkreis Ostallgäu,Bayern
957834,9780137,Rettenberg,87549,Landkreis Oberallgäu,Bayern
1075142,7233234,Retterath,56769,Landkreis Vulkaneifel,Rheinland-Pfalz
418140,7132094,Rettersen,57635,Landkreis Altenkirchen,Rheinland-Pfalz
540470,7141116,Rettershain,56357,Rhein-Lahn-Kreis,Rheinland-Pfalz
539719,7141117,Rettert,56370,Rhein-Lahn-Kreis,Rheinland-Pfalz
1343592,12063256,Retzow,14641,Landkreis Havelland,Brandenburg
335433,9677175,Retzstadt,97282,Landkreis Main-Spessart,Bayern
548054,7137092,Reudelsterz,56727,Landkreis Mayen-Koblenz,Rheinland-Pfalz
1270373,16069037,Reurieth,98646,Landkreis Hildburghausen,Thüringen
1416815,1054108,Reußenköge,25821,Kreis Nordfriesland,Schleswig-Holstein
957050,9277140,Reut,84367,Landkreis Rottal-Inn,Bayern
1970197,8316036,Reute,79276,Landkreis Emmendingen,Baden-Württemberg
1075991,7233235,Reuth,54597,Landkreis Vulkaneifel,Rheinland-Pfalz
62392,9377149,Reuth b.Erbendorf,92717,Landkreis Tirschenreuth,Bayern
2772661,8415061,Reutlingen,72760,Landkreis Reutlingen,Baden-Württemberg
2772661,8415061,Reutlingen,72762,Landkreis Reutlingen,Baden-Württemberg
2772661,8415061,Reutlingen,72764,Landkreis Reutlingen,Baden-Württemberg
2772661,8415061,Reutlingen,72766,Landkreis Reutlingen,Baden-Württemberg
2772661,8415061,Reutlingen,72768,Landkreis Reutlingen,Baden-Württemberg
2772661,8415061,Reutlingen,72770,Landkreis Reutlingen,Baden-Württemberg
1022895,3357038,Rhade,27404,Landkreis Rotenburg (Wümme),Niedersachsen
1470260,3457018,Rhauderfehn,26817,Landkreis Leer,Niedersachsen
1245092,7134069,Rhaunen,55624,Landkreis Birkenfeld,Rheinland-Pfalz
78727,5754028,Rheda-Wiedenbrück,33378,Kreis Gütersloh,Nordrhein-Westfalen
162717,5554048,Rhede,46414,Kreis Borken,Nordrhein-Westfalen
1470261,3454044,Rhede (Ems),26899,Landkreis Emsland,Niedersachsen
452971,8317153,Rheinau,77866,Ortenaukreis,Baden-Württemberg
173125,5382048,Rheinbach,53359,Rhein-Sieg-Kreis,Nordrhein-Westfalen
58643,5170032,Rheinberg,47495,Kreis Wesel,Nordrhein-Westfalen
311907,7140125,Rheinböllen,55494,Rhein-Hunsrück-Kreis,Rheinland-Pfalz
443474,7138062,Rheinbreitbach,53619,Landkreis Neuwied,Rheinland-Pfalz
444289,7138063,Rheinbrohl,56598,Landkreis Neuwied,Rheinland-Pfalz
155707,5566076,Rheine,48429,Kreis Steinfurt,Nordrhein-Westfalen
155707,5566076,Rheine,48431,Kreis Steinfurt,Nordrhein-Westfalen
155707,5566076,Rheine,48432,Kreis Steinfurt,Nordrhein-Westfalen
2787853,8336069,Rheinfelden (Baden),79618,Landkreis Lörrach,Baden-Württemberg
1124263,8316053,Rheinhausen,79365,Landkreis Emmendingen,Baden-Württemberg
950732,8216063,Rheinmünster,77836,Landkreis Rastatt,Baden-Württemberg
1335914,12068353,Rheinsberg,16818,Landkreis Ostprignitz-Ruppin,Brandenburg
1335914,12068353,Rheinsberg,16831,Landkreis Ostprignitz-Ruppin,Brandenburg
1335914,12068353,Rheinsberg,16835,Landkreis Ostprignitz-Ruppin,Brandenburg
1335914,12068353,Rheinsberg,16837,Landkreis Ostprignitz-Ruppin,Brandenburg
659842,8215108,Rheinstetten,76287,Landkreis Karlsruhe,Baden-Württemberg
1250450,7334024,Rheinzabern,76764,Landkreis Germersheim,Rheinland-Pfalz
544549,7137221,Rhens,56321,Landkreis Mayen-Koblenz,Rheinland-Pfalz
544549,7137221,Rhens,56323,Landkreis Mayen-Koblenz,Rheinland-Pfalz
167999,5154048,Rheurdt,47509,Kreis Kleve,Nordrhein-Westfalen
1332714,12063260,Rhinow,14728,Landkreis Havelland,Brandenburg
1252493,7337066,Rhodt unter Rietburg,76835,Landkreis Südliche Weinstraße,Rheinland-Pfalz
2247559,16066093,Rhönblick,98617,Landkreis Schmalkalden-Meiningen,Thüringen
1399084,3159027,Rhumspringe,37434,Landkreis Göttingen,Niedersachsen
1363357,3151022,Ribbesbüttel,38551,Landkreis Gifhorn,Niedersachsen
372846,13073075,Ribnitz-Damgarten,18311,Landkreis Vorpommern-Rügen,Mecklenburg-Vorpommern
374151,13073076,Richtenberg,18461,Landkreis Vorpommern-Rügen,Mecklenburg-Vorpommern
1240414,8337090,Rickenbach,79736,Landkreis Waldshut,Baden-Württemberg
548572,1058136,Rickert,24782,Kreis Rendsburg-Eckernförde,Schleswig-Holstein
548572,1058136,Rickert,24787,Kreis Rendsburg-Eckernförde,Schleswig-Holstein
423151,1060068,Rickling,24635,Kreis Segeberg,Schleswig-Holstein
396005,9771160,Ried,86510,Landkreis Aichach-Friedberg,Bayern
388768,9674153,Riedbach,97519,Landkreis Haßberge,Bayern
1182271,3361010,Riede,27339,Landkreis Verden,Niedersachsen
1250685,7340221,Riedelberg,66484,Landkreis Südwestpfalz,Rheinland-Pfalz
447627,9777164,Rieden,87668,Landkreis Ostallgäu,Bayern
544236,7137093,Rieden,56745,Landkreis Mayen-Koblenz,Rheinland-Pfalz
1028548,9371146,Rieden,92286,Landkreis Amberg-Sulzbach,Bayern
448303,9777163,Rieden am Forggensee,87669,Landkreis Ostallgäu,Bayern
384315,9672145,Riedenberg,97792,Landkreis Bad Kissingen,Bayern
956669,9273164,Riedenburg,93339,Landkreis Kelheim,Bayern
162642,9679179,Riedenheim,97283,Landkreis Würzburg,Bayern
2778542,8415062,Riederich,72585,Landkreis Reutlingen,Baden-Württemberg
2186935,9187167,Riedering,83083,Landkreis Rosenheim,Bayern
2808134,8436067,Riedhausen,88377,Landkreis Ravensburg,Baden-Württemberg
2802285,8426097,Riedlingen,88499,Landkreis Biberach,Baden-Württemberg
444332,6433011,Riedstadt,64560,Kreis Groß-Gerau,Hessen
1124269,8316037,Riegel,79359,Landkreis Emmendingen,Baden-Württemberg
1184882,10041517,Riegelsberg,66292,Regionalverband Saarbrücken,Saarland
1241648,7140126,Riegenroth,55469,Rhein-Hunsrück-Kreis,Rheinland-Pfalz
939371,9180128,Riegsee,82418,Landkreis Garmisch-Partenkirchen,Bayern
966627,9375191,Riekofen,93104,Landkreis Regensburg,Bayern
2785094,8335100,Rielasingen-Worblingen,78239,Landkreis Konstanz,Baden-Württemberg
349451,9677177,Rieneck,97794,Landkreis Main-Spessart,Bayern
1444877,13074066,Rieps,19217,Landkreis Nordwestmecklenburg,Mecklenburg-Vorpommern
382415,1055036,Riepsdorf,23738,Kreis Ostholstein,Schleswig-Holstein
549800,14627230,Riesa,01587,Landkreis Meißen,Sachsen
549800,14627230,Riesa,01589,Landkreis Meißen,Sachsen
549800,14627230,Riesa,01591,Landkreis Meißen,Sachsen
549800,14627230,Riesa,01594,Landkreis Meißen,Sachsen
915554,8136087,Riesbürg,73469,Ostalbkreis,Baden-Württemberg
1251030,7340222,Rieschweiler-Mühlbach,66509,Landkreis Südwestpfalz,Rheinland-Pfalz
557142,1058137,Rieseby,24354,Kreis Rendsburg-Eckernförde,Schleswig-Holstein
1818489,3459031,Rieste,49597,Landkreis Osnabrück,Niedersachsen
1241481,7140127,Riesweiler,55499,Rhein-Hunsrück-Kreis,Rheinland-Pfalz
78758,5754032,Rietberg,33397,Kreis Gütersloh,Nordrhein-Westfalen
1231965,8327056,Rietheim-Weilheim,78604,Landkreis Tuttlingen,Baden-Württemberg
2411246,16068044,Riethnordhausen,99195,Landkreis Sömmerda,Thüringen
1311129,14626460,Rietschen - Rěčicy,02956,Landkreis Görlitz,Sachsen
1384840,12067426,Rietz-Neuendorf,15848,Landkreis Oder-Spree,Brandenburg
1389286,12061405,Rietzneuendorf-Staakow,15910,Landkreis Dahme-Spreewald,Brandenburg
537059,6431019,Rimbach,64668,Kreis Bergstraße,Hessen
957046,9277141,Rimbach,84326,Landkreis Rottal-Inn,Bayern
959884,9372151,Rimbach,93485,Landkreis Cham,Bayern
183792,9679180,Rimpar,97222,Landkreis Würzburg,Bayern
1244318,7134070,Rimsberg,55765,Landkreis Birkenfeld,Rheinland-Pfalz
2186936,9187168,Rimsting,83253,Landkreis Rosenheim,Bayern
959160,9276139,Rinchnach,94269,Landkreis Regen,Bayern
2014215,3456019,Ringe,49824,Landkreis Grafschaft Bentheim,Niedersachsen
958955,9272140,Ringelai,94160,Landkreis Freyung-Grafenau,Bayern
549426,6636010,Ringgau,37296,Werra-Meißner-Kreis,Hessen
2411247,16068045,Ringleben,99189,Landkreis Sömmerda,Thüringen
1149282,1059157,Ringsberg,24977,Kreis Schleswig-Flensburg,Schleswig-Holstein
453001,8317113,Ringsheim,77975,Ortenaukreis,Baden-Württemberg
1252771,7337067,Rinnthal,76857,Landkreis Südliche Weinstraße,Rheinland-Pfalz
1169354,3257031,Rinteln,31737,Landkreis Schaumburg,Niedersachsen
1244273,7134071,Rinzenberg,55767,Landkreis Birkenfeld,Rheinland-Pfalz
1255897,7235115,Riol,54340,Landkreis Trier-Saarburg,Rheinland-Pfalz
5335199,16066056,Rippershausen,98639,Landkreis Schmalkalden-Meiningen,Thüringen
1417210,1054109,Risum-Lindholm,25920,Kreis Nordfriesland,Schleswig-Holstein
2828345,16066057,Ritschenhausen,98617,Landkreis Schmalkalden-Meiningen,Thüringen
423193,3356008,Ritterhude,27721,Landkreis Osterholz,Niedersachsen
1152704,7232109,Rittersdorf,54636,Eifelkreis Bitburg-Prüm,Rheinland-Pfalz
2857016,16071079,Rittersdorf,99448,Landkreis Weimarer Land,Thüringen
1254060,7333062,Rittersheim,67294,Donnersbergkreis,Rheinland-Pfalz
1465972,1053101,Ritzerau,23896,Kreis Herzogtum Lauenburg,Schleswig-Holstein
1427700,13071123,Ritzerow,17153,Landkreis Mecklenburgische Seenplatte,Mecklenburg-Vorpommern
1259134,7231111,Rivenich,54518,Landkreis Bernkastel-Wittlich,Rheinland-Pfalz
1256951,7235116,Riveris,54317,Landkreis Trier-Saarburg,Rheinland-Pfalz
1424147,13071124,Röbel/Müritz,17207,Landkreis Mecklenburgische Seenplatte,Mecklenburg-Vorpommern
1284765,15090435,Rochau,39579,Landkreis Stendal,Sachsen-Anhalt
414699,14522490,Rochlitz,09306,Landkreis Mittelsachsen,Sachsen
446620,6440022,Rockenberg,35519,Wetteraukreis,Hessen
1253988,7333502,Rockenhausen,67806,Donnersbergkreis,Rheinland-Pfalz
1074563,7233058,Rockeskyll,54570,Landkreis Vulkaneifel,Rheinland-Pfalz
534398,9571192,Röckingen,91740,Landkreis Ansbach,Bayern
2389089,16065058,Rockstedt,99713,Kyffhäuserkreis,Thüringen
1427890,13071125,Röckwitz,17091,Landkreis Mecklenburgische Seenplatte,Mecklenburg-Vorpommern
1251061,7340038,Rodalben,66976,Landkreis Südwestpfalz,Rheinland-Pfalz
1060428,7131072,Rodder,53520,Landkreis Ahrweiler,Rheinland-Pfalz
2902867,16064055,Rodeberg,99976,Unstrut-Hainich-Kreis,Thüringen
1245171,7140128,Rödelhausen,56858,Rhein-Hunsrück-Kreis,Rheinland-Pfalz
387432,9673156,Rödelmaier,97618,Landkreis Rhön-Grabfeld,Bayern
283612,9675161,Rödelsee,97348,Landkreis Kitzingen,Bayern
335457,9677178,Roden,97849,Landkreis Main-Spessart,Bayern
1418655,1054110,Rodenäs,25924,Kreis Nordfriesland,Schleswig-Holstein
191522,7335040,Rodenbach,67688,Landkreis Kaiserslautern,Rheinland-Pfalz
535899,6435023,Rodenbach,63517,Main-Kinzig-Kreis,Hessen
445735,7138064,Rodenbach bei Puderbach,57639,Landkreis Neuwied,Rheinland-Pfalz
548507,1058138,Rodenbek,24247,Kreis Rendsburg-Eckernförde,Schleswig-Holstein
1176596,3257032,Rodenberg,31552,Landkreis Schaumburg,Niedersachsen
956805,9473159,Rödental,96472,Landkreis Coburg,Bayern
551075,14627240,Röderaue,01609,Landkreis Meißen,Sachsen
1303773,12062410,Röderland,04932,Landkreis Elbe-Elster,Brandenburg
659748,6438012,Rödermark,63322,Landkreis Offenbach,Hessen
1245192,7140129,Rödern,55481,Rhein-Hunsrück-Kreis,Rheinland-Pfalz
1171861,7232110,Rodershausen,54673,Eifelkreis Bitburg-Prüm,Rheinland-Pfalz
422699,7338022,Rödersheim-Gronau,67127,Rhein-Pfalz-Kreis,Rheinland-Pfalz
1183252,3256026,Rodewald,31637,Landkreis Nienburg/Weser,Niedersachsen
444399,14523360,Rodewisch,08228,Vogtlandkreis,Sachsen
659746,6438011,Rodgau,63110,Landkreis Offenbach,Hessen
960527,9372153,Roding,93426,Landkreis Cham,Bayern
147275,5758028,Rödinghausen,32289,Kreis Herford,Nordrhein-Westfalen
1479257,13074067,Roduchelstorf,23923,Landkreis Nordwestmecklenburg,Mecklenburg-Vorpommern
1266501,7135075,Roes,56754,Landkreis Cochem-Zell,Rheinland-Pfalz
158018,5334024,Roetgen,52159,Städteregion Aachen,Nordrhein-Westfalen
964242,9774178,Röfingen,89365,Landkreis Günzburg,Bayern
1286640,15083440,Rogätz,39326,Landkreis Börde,Sachsen-Anhalt
941077,9775149,Roggenburg,89297,Landkreis Neu-Ulm,Bayern
1444907,13074068,Roggendorf,19205,Landkreis Nordwestmecklenburg,Mecklenburg-Vorpommern
1479628,13074069,Roggenstorf,23936,Landkreis Nordwestmecklenburg,Mecklenburg-Vorpommern
393353,13072087,Roggentin,18184,Landkreis Rostock,Mecklenburg-Vorpommern
962648,9779206,Rögling,86703,Landkreis Donau-Ries,Bayern
1444899,13074070,Rögnitz,19205,Landkreis Nordwestmecklenburg,Mecklenburg-Vorpommern
1152666,7232111,Röhl,54636,Eifelkreis Bitburg-Prüm,Rheinland-Pfalz
442929,1060069,Rohlstorf,23821,Kreis Segeberg,Schleswig-Holstein
158272,9576142,Rohr,91189,Landkreis Roth,Bayern
2828435,16066058,Rohr,98530,Landkreis Schmalkalden-Meiningen,Thüringen
252230,9186149,Rohrbach,85296,Landkreis Pfaffenhofen an der Ilm,Bayern
1245058,7134073,Rohrbach,55776,Landkreis Birkenfeld,Rheinland-Pfalz
1245194,7140130,Rohrbach,55490,Rhein-Hunsrück-Kreis,Rheinland-Pfalz
1252795,7337068,Rohrbach,76865,Landkreis Südliche Weinstraße,Rheinland-Pfalz
1273283,16073074,Rohrbach,07429,Landkreis Saalfeld-Rudolstadt,Thüringen
1285580,15081440,Rohrberg,38489,Altmarkkreis Salzwedel,Sachsen-Anhalt
2395940,16061078,Rohrberg,37318,Landkreis Eichsfeld,Thüringen
1181071,8235060,Rohrdorf,72229,Landkreis Calw,Baden-Württemberg
2186937,9187169,Rohrdorf,83101,Landkreis Rosenheim,Bayern
943677,9185157,Rohrenfels,86701,Landkreis Neuburg-Schrobenhausen,Bayern
2396156,16061077,Röhrig,37318,Landkreis Eichsfeld,Thüringen
956646,9273165,Rohr i.NB,93352,Landkreis Kelheim,Bayern
934471,9174141,Röhrmoos,85244,Landkreis Dachau,Bayern
958953,9272141,Röhrnbach,94133,Landkreis Freyung-Grafenau,Bayern
1183263,3256027,Rohrsen,31627,Landkreis Nienburg/Weser,Niedersachsen
409708,8125084,Roigheim,74255,Landkreis Heilbronn,Baden-Württemberg
1432656,3158025,Roklum,38325,Landkreis Wolfenbüttel,Niedersachsen
396162,9676151,Röllbach,63934,Landkreis Miltenberg,Bayern
1399082,3159028,Rollshausen,37434,Landkreis Göttingen,Niedersachsen
1410904,13075115,Rollwitz,17309,Landkreis Vorpommern-Greifswald,Mecklenburg-Vorpommern
449898,13076120,Rom,19372,Landkreis Ludwigslust-Parchim,Mecklenburg-Vorpommern
418397,7338023,Römerberg,67354,Rhein-Pfalz-Kreis,Rheinland-Pfalz
2774200,8415088,Römerstein,72587,Landkreis Reutlingen,Baden-Württemberg
1271532,16069062,Römhild,98630,Landkreis Hildburghausen,Thüringen
1108036,7232300,Rommersheim,54597,Eifelkreis Bitburg-Prüm,Rheinland-Pfalz
168488,5162028,Rommerskirchen,41569,Rhein-Kreis Neuss,Nordrhein-Westfalen
1470111,1053102,Römnitz,23909,Kreis Herzogtum Lauenburg,Schleswig-Holstein
418331,6535014,Romrod,36329,Vogelsbergkreis,Hessen
1460230,3360017,Römstedt,29591,Landkreis Uelzen,Niedersachsen
1469214,1053103,Rondeshagen,23919,Kreis Herzogtum Lauenburg,Schleswig-Holstein
535897,6435024,Ronneburg,63549,Main-Kinzig-Kreis,Hessen
2789114,16076061,Ronneburg,07580,Landkreis Greiz,Thüringen
2012735,3241014,Ronnenberg,30952,Region Hannover,Niedersachsen
448039,9777165,Ronsberg,87671,Landkreis Ostallgäu,Bayern
238966,6632017,Ronshausen,36217,Landkreis Hersfeld-Rotenburg,Hessen
1258416,7231112,Rorodt,54411,Landkreis Bernkastel-Wittlich,Rheinland-Pfalz
2821145,16066059,Rosa,98590,Landkreis Schmalkalden-Meiningen,Thüringen
450122,6440023,Rosbach v. d. Höhe,61191,Wetteraukreis,Hessen
1252489,7337069,Roschbach,76835,Landkreis Südliche Weinstraße,Rheinland-Pfalz
1460227,3360018,Rosche,29571,Landkreis Uelzen,Niedersachsen
1113727,7232301,Roscheid,54619,Eifelkreis Bitburg-Prüm,Rheinland-Pfalz
450223,1061093,Rosdorf,25548,Kreis Steinburg,Schleswig-Holstein
1399069,3159029,Rosdorf,37124,Landkreis Göttingen,Niedersachsen
1467349,1053104,Roseburg,21514,Kreis Herzogtum Lauenburg,Schleswig-Holstein
964561,12069537,Rosenau,14789,Landkreis Potsdam-Mittelmark,Brandenburg
1311103,14626470,Rosenbach,02708,Landkreis Görlitz,Sachsen
1605066,14523365,Rosenbach/Vogtland,08527,Vogtlandkreis,Sachsen
1605066,14523365,Rosenbach/Vogtland,08539,Vogtlandkreis,Sachsen
1605066,14523365,Rosenbach/Vogtland,08548,Vogtlandkreis,Sachsen
403729,8225082,Rosenberg,74749,Neckar-Odenwald-Kreis,Baden-Württemberg
915450,8136060,Rosenberg,73494,Ostalbkreis,Baden-Württemberg
157771,5558040,Rosendahl,48720,Kreis Coesfeld,Nordrhein-Westfalen
2179212,16075093,Rosendorf,07819,Saale-Orla-Kreis,Thüringen
2779392,8417054,Rosenfeld,72348,Zollernalbkreis,Baden-Württemberg
68669,3353029,Rosengarten,21224,Landkreis Harburg,Niedersachsen
391367,8127100,Rosengarten,74538,Landkreis Schwäbisch Hall,Baden-Württemberg
421916,7132095,Rosenheim,57520,Landkreis Altenkirchen,Rheinland-Pfalz
2168233,9163000,Rosenheim,83022,,Bayern
2168233,9163000,Rosenheim,83024,,Bayern
2168233,9163000,Rosenheim,83026,,Bayern
1250671,7340223,Rosenkopf,66894,Landkreis Südwestpfalz,Rheinland-Pfalz
1427690,13071127,Rosenow,17091,Landkreis Mecklenburgische Seenplatte,Mecklenburg-Vorpommern
443595,6635017,Rosenthal,35119,Landkreis Waldeck-Frankenberg,Hessen
2179144,16075136,Rosenthal am Rennsteig,07366,Saale-Orla-Kreis,Thüringen
534527,14628340,Rosenthal-Bielatal,01824,Landkreis Sächsische Schweiz-Osterzgebirge,Sachsen
2778488,16077042,Rositz,04617,Landkreis Altenburger Land,Thüringen
974216,12069541,Roskow,14778,Landkreis Potsdam-Mittelmark,Brandenburg
1022876,9479145,Röslau,95195,Landkreis Wunsiedel im Fichtelgebirge,Bayern
173102,5378028,Rösrath,51503,Rheinisch-Bergischer Kreis,Nordrhein-Westfalen
411427,14522500,Rossau,09661,Landkreis Mittelsachsen,Sachsen
231978,7138065,Roßbach,53547,Landkreis Neuwied,Rheinland-Pfalz
453175,7143287,Roßbach,56271,Westerwaldkreis,Rheinland-Pfalz
957068,9277142,Roßbach,94439,Landkreis Rottal-Inn,Bayern
452395,6432020,Roßdorf,64380,Landkreis Darmstadt-Dieburg,Hessen
2821159,16066061,Roßdorf,98590,Landkreis Schmalkalden-Meiningen,Thüringen
448302,9777166,Roßhaupten,87672,Landkreis Ostallgäu,Bayern
1432552,13075116,Rossin,17398,Landkreis Vorpommern-Greifswald,Mecklenburg-Vorpommern
9206520,16065087,Roßleben-Wiehe,06571,Kyffhäuserkreis,Thüringen
1411885,13075117,Rossow,17322,Landkreis Vorpommern-Greifswald,Mecklenburg-Vorpommern
1016400,9573125,Roßtal,90574,Landkreis Fürth,Bayern
415417,14522510,Roßwein,04741,Landkreis Mittelsachsen,Sachsen
62405,13003000,Rostock,18055,,Mecklenburg-Vorpommern
62405,13003000,Rostock,18057,,Mecklenburg-Vorpommern
62405,13003000,Rostock,18059,,Mecklenburg-Vorpommern
62405,13003000,Rostock,18069,,Mecklenburg-Vorpommern
62405,13003000,Rostock,18106,,Mecklenburg-Vorpommern
62405,13003000,Rostock,18107,,Mecklenburg-Vorpommern
62405,13003000,Rostock,18109,,Mecklenburg-Vorpommern
62405,13003000,Rostock,18119,,Mecklenburg-Vorpommern
62405,13003000,Rostock,18146,,Mecklenburg-Vorpommern
62405,13003000,Rostock,18147,,Mecklenburg-Vorpommern
62405,13003000,Rostock,18181,,Mecklenburg-Vorpommern
62405,13003000,Rostock,18182,,Mecklenburg-Vorpommern
387763,8127071,Rot am See,74585,Landkreis Schwäbisch Hall,Baden-Württemberg
2801248,8426100,Rot an der Rot,88430,Landkreis Biberach,Baden-Württemberg
357187,3357039,Rotenburg,27356,Landkreis Rotenburg (Wümme),Niedersachsen
238957,6632018,Rotenburg an der Fulda,36199,Landkreis Hersfeld-Rotenburg,Hessen
535017,7143288,Rotenhain,56459,Westerwaldkreis,Rheinland-Pfalz
1363424,3151023,Rötgesbüttel,38531,Landkreis Gifhorn,Niedersachsen
158556,9576143,Roth,91154,Landkreis Roth,Bayern
420580,7132096,Roth,57539,Landkreis Altenkirchen,Rheinland-Pfalz
539707,7141118,Roth,56368,Rhein-Lahn-Kreis,Rheinland-Pfalz
1204716,7140131,Roth,56288,Rhein-Hunsrück-Kreis,Rheinland-Pfalz
1243986,7133085,Roth,55442,Landkreis Bad Kreuznach,Rheinland-Pfalz
420479,14729370,Rötha,04571,Landkreis Leipzig,Sachsen
1171850,7232112,Roth an der Our,54675,Eifelkreis Bitburg-Prüm,Rheinland-Pfalz
1108060,7232302,Roth bei Prüm,54597,Eifelkreis Bitburg-Prüm,Rheinland-Pfalz
1410792,13075118,Rothemühl,17379,Landkreis Vorpommern-Greifswald,Mecklenburg-Vorpommern
535018,7143289,Rothenbach,56459,Westerwaldkreis,Rheinland-Pfalz
959855,9776124,Röthenbach (Allgäu),88167,Landkreis Lindau,Bayern
966170,9574152,Röthenbach an der Pegnitz,90552,Landkreis Nürnberger Land,Bayern
387541,9671148,Rothenbuch,63860,Landkreis Aschaffenburg,Bayern
387541,9671148,Rothenbuch,97840,Landkreis Aschaffenburg,Bayern
287759,9571193,Rothenburg ob der Tauber,91541,Landkreis Ansbach,Bayern
1311137,14626480,Rothenburg/Oberlausitz,02929,Landkreis Görlitz,Sachsen
337250,9677181,Rothenfels,97851,Landkreis Main-Spessart,Bayern
1411925,13075119,Rothenklempenow,17321,Landkreis Vorpommern-Greifswald,Mecklenburg-Vorpommern
1411925,13075119,Rothenklempenow,17322,Landkreis Vorpommern-Greifswald,Mecklenburg-Vorpommern
2458465,16074079,Rothenstein,07751,Saale-Holzland-Kreis,Thüringen
318307,9678170,Röthlein,97520,Landkreis Schweinfurt,Bayern
1246678,7336087,Rothselberg,67753,Landkreis Kusel,Rheinland-Pfalz
1244321,7134072,Rötsweiler-Nockenthal,55767,Landkreis Birkenfeld,Rheinland-Pfalz
415716,7132097,Rott,57632,Landkreis Altenkirchen,Rheinland-Pfalz
933904,9181137,Rott,86935,Landkreis Landsberg am Lech,Bayern
935950,9182129,Rottach-Egern,83700,Landkreis Miesbach,Bayern
2186938,9187170,Rott am Inn,83543,Landkreis Rosenheim,Bayern
937786,8425104,Rottenacker,89616,Alb-Donau-Kreis,Baden-Württemberg
158433,9576141,Röttenbach,91187,Landkreis Roth,Bayern
1016512,9572149,Röttenbach,91341,Landkreis Erlangen-Höchstadt,Bayern
936785,9190145,Rottenbuch,82401,Landkreis Weilheim-Schongau,Bayern
179380,9274176,Rottenburg a. d. Laaber,84056,Landkreis Landshut,Bayern
2778912,8416036,Rottenburg am Neckar,72108,Landkreis Tübingen,Baden-Württemberg
182349,9679185,Rottendorf,97228,Landkreis Würzburg,Bayern
958110,9275143,Rotthalmünster,94094,Landkreis Passau,Bayern
162673,9679182,Röttingen,97285,Landkreis Würzburg,Bayern
943756,8325049,Rottweil,78628,Landkreis Rottweil,Baden-Württemberg
960508,9372154,Rötz,92444,Landkreis Cham,Bayern
393345,13072088,Rövershagen,18182,Landkreis Rostock,Mecklenburg-Vorpommern
1244230,7133086,Roxheim,55595,Landkreis Bad Kreuznach,Rheinland-Pfalz
1432699,13075120,Rubenow,17509,Landkreis Vorpommern-Greifswald,Mecklenburg-Vorpommern
543132,7137095,Rüber,56295,Landkreis Mayen-Koblenz,Rheinland-Pfalz
1433745,13075121,Rubkow,17390,Landkreis Vorpommern-Greifswald,Mecklenburg-Vorpommern
533592,7143064,Rückeroth,56244,Westerwaldkreis,Rheinland-Pfalz
966153,9574154,Rückersdorf,90607,Landkreis Nürnberger Land,Bayern
1322952,12062417,Rückersdorf,03238,Landkreis Elbe-Elster,Brandenburg
2790440,16076062,Rückersdorf,07580,Landkreis Greiz,Thüringen
448307,9777168,Rückholz,87494,Landkreis Ostallgäu,Bayern
1245062,7134074,Rückweiler,55776,Landkreis Birkenfeld,Rheinland-Pfalz
29822,9178122,Rudelzhausen,84104,Landkreis Freising,Bayern
393500,9676153,Rüdenau,63924,Landkreis Miltenberg,Bayern
283693,9675162,Rüdenhausen,97355,Landkreis Kitzingen,Bayern
447975,9777167,Ruderatshofen,87674,Landkreis Ostallgäu,Bayern
401647,8119061,Rudersberg,73635,Rems-Murr-Kreis,Baden-Württemberg
1332927,12064428,Rüdersdorf bei Berlin,15345,Landkreis Märkisch-Oderland,Brandenburg
1332927,12064428,Rüdersdorf bei Berlin,15378,Landkreis Märkisch-Oderland,Brandenburg
1332927,12064428,Rüdersdorf bei Berlin,15562,Landkreis Märkisch-Oderland,Brandenburg
1399080,3159030,Rüdershausen,37434,Landkreis Göttingen,Niedersachsen
958108,9275144,Ruderting,94161,Landkreis Passau,Bayern
1244226,7133117,Rüdesheim,55593,Landkreis Bad Kreuznach,Rheinland-Pfalz
409093,6439013,Rüdesheim am Rhein,65385,Rheingau-Taunus-Kreis,Hessen
1318332,12060192,Rüdnitz,16321,Landkreis Barnim,Brandenburg
1273347,16073076,Rudolstadt,07407,Landkreis Saalfeld-Rudolstadt,Thüringen
1022777,9477151,Rugendorf,95365,Landkreis Kulmbach,Bayern
1149230,1059070,Rügge,24405,Kreis Schleswig-Flensburg,Schleswig-Holstein
534272,9571194,Rügland,91622,Landkreis Ansbach,Bayern
1337350,3151024,Rühen,38471,Landkreis Gifhorn,Niedersachsen
1268940,16063066,Ruhla,99842,Wartburgkreis,Thüringen
1314277,12066272,Ruhland,01945,Landkreis Oberspreewald-Lausitz,Brandenburg
959164,9276142,Ruhmannsfelden,94239,Landkreis Regen,Bayern
1963382,13072089,Rühn,18246,Landkreis Rostock,Mecklenburg-Vorpommern
9617009,13076168,Ruhner Berge,19376,Landkreis Ludwigslust-Parchim,Mecklenburg-Vorpommern
941688,9189140,Ruhpolding,83324,Landkreis Traunstein,Bayern
1289806,12070348,Rühstädt,19322,Landkreis Prignitz,Brandenburg
958120,9275145,Ruhstorf a.d.Rott,94099,Landkreis Passau,Bayern
310409,1057069,Ruhwinkel,24601,Kreis Plön,Schleswig-Holstein
1964352,13072090,Rukieten,18258,Landkreis Rostock,Mecklenburg-Vorpommern
1978258,3355032,Rullstorf,21379,Landkreis Lüneburg,Niedersachsen
1250429,7334025,Rülzheim,76761,Landkreis Germersheim,Rheinland-Pfalz
1251121,7340039,Rumbach,76891,Landkreis Südwestpfalz,Rheinland-Pfalz
1244000,7133087,Rümmelsheim,55452,Landkreis Bad Kreuznach,Rheinland-Pfalz
1130278,8336073,Rümmingen,79595,Landkreis Lörrach,Baden-Württemberg
548509,1058139,Rumohr,24254,Kreis Rendsburg-Eckernförde,Schleswig-Holstein
532321,1062065,Rümpel,23843,Kreis Stormarn,Schleswig-Holstein
961934,9372155,Runding,93486,Landkreis Cham,Bayern
324308,6533013,Runkel,65594,Landkreis Limburg-Weilburg,Hessen
453849,7143065,Ruppach-Goldhausen,56412,Westerwaldkreis,Rheinland-Pfalz
1249971,7332043,Ruppertsberg,67152,Landkreis Bad Dürkheim,Rheinland-Pfalz
1253990,7333065,Ruppertsecken,67808,Donnersbergkreis,Rheinland-Pfalz
540471,7141120,Ruppertshofen,56357,Rhein-Lahn-Kreis,Rheinland-Pfalz
915422,8136061,Ruppertshofen,73577,Ostalbkreis,Baden-Württemberg
1251158,7340040,Ruppertsweiler,66957,Landkreis Südwestpfalz,Rheinland-Pfalz
173116,5382052,Ruppichteroth,53809,Rhein-Sieg-Kreis,Nordrhein-Westfalen
1245061,7134075,Ruschberg,55776,Landkreis Birkenfeld,Rheinland-Pfalz
444699,7138066,Rüscheid,56584,Landkreis Neuwied,Rheinland-Pfalz
444912,6433012,Rüsselsheim am Main,65428,Kreis Groß-Gerau,Hessen
1254394,7333064,Rüssingen,67308,Donnersbergkreis,Rheinland-Pfalz
453000,8317114,Rust,77977,Ortenaukreis,Baden-Württemberg
2395972,16061082,Rustenfelde,37318,Landkreis Eichsfeld,Thüringen
722154,8115042,Rutesheim,71277,Landkreis Böblingen,Baden-Württemberg
153398,5974036,Rüthen,59602,Kreis Soest,Nordrhein-Westfalen
1302368,12068372,Rüthnick,16835,Landkreis Ostprignitz-Ruppin,Brandenburg
1246576,7336088,Ruthweiler,66869,Landkreis Kusel,Rheinland-Pfalz
1481617,13074071,Rüting,23936,Landkreis Nordwestmecklenburg,Mecklenburg-Vorpommern
1246619,7336089,Rutsweiler am Glan,66887,Landkreis Kusel,Rheinland-Pfalz
1246668,7336090,Rutsweiler an der Lauter,67752,Landkreis Kusel,Rheinland-Pfalz
2778405,16074081,Ruttersdorf-Lotschen,07646,Saale-Holzland-Kreis,Thüringen
374286,13073077,Saal,18317,Landkreis Vorpommern-Rügen,Mecklenburg-Vorpommern
956675,9273166,Saal a.d.Donau,93342,Landkreis Kelheim,Bayern
387519,9673160,Saal a.d.Saale,97633,Landkreis Rhön-Grabfeld,Bayern
2179213,16075135,Saalburg-Ebersdorf,07929,Saale-Orla-Kreis,Thüringen
941756,9172130,Saaldorf-Surheim,83416,Landkreis Berchtesgadener Land,Bayern
1273359,16073077,Saalfeld/Saale,07318,Landkreis Saalfeld-Rudolstadt,Thüringen
1250997,7340041,Saalstadt,66919,Landkreis Südwestpfalz,Rheinland-Pfalz
2804575,16076064,Saara,07589,Landkreis Greiz,Thüringen
1187159,10041100,Saarbrücken,66111,Regionalverband Saarbrücken,Saarland
1187159,10041100,Saarbrücken,66113,Regionalverband Saarbrücken,Saarland
1187159,10041100,Saarbrücken,66115,Regionalverband Saarbrücken,Saarland
1187159,10041100,Saarbrücken,66117,Regionalverband Saarbrücken,Saarland
1187159,10041100,Saarbrücken,66119,Regionalverband Saarbrücken,Saarland
1187159,10041100,Saarbrücken,66121,Regionalverband Saarbrücken,Saarland
1187159,10041100,Saarbrücken,66123,Regionalverband Saarbrücken,Saarland
1187159,10041100,Saarbrücken,66125,Regionalverband Saarbrücken,Saarland
1187159,10041100,Saarbrücken,66126,Regionalverband Saarbrücken,Saarland
1187159,10041100,Saarbrücken,66127,Regionalverband Saarbrücken,Saarland
1187159,10041100,Saarbrücken,66128,Regionalverband Saarbrücken,Saarland
1187159,10041100,Saarbrücken,66129,Regionalverband Saarbrücken,Saarland
1187159,10041100,Saarbrücken,66130,Regionalverband Saarbrücken,Saarland
1187159,10041100,Saarbrücken,66131,Regionalverband Saarbrücken,Saarland
1187159,10041100,Saarbrücken,66132,Regionalverband Saarbrücken,Saarland
1187159,10041100,Saarbrücken,66133,Regionalverband Saarbrücken,Saarland
1256034,7235118,Saarburg,54439,Landkreis Trier-Saarburg,Rheinland-Pfalz
1184570,10044115,Saarlouis,66740,Landkreis Saarlouis,Saarland
1184566,10044116,Saarwellingen,66793,Landkreis Saarlouis,Saarland
534385,9571196,Sachsen bei Ansbach,91623,Landkreis Ansbach,Bayern
1182472,3257033,Sachsenhagen,31553,Landkreis Schaumburg,Niedersachsen
405823,8118076,Sachsenheim,74343,Landkreis Ludwigsburg,Baden-Württemberg
935179,9173141,Sachsenkam,83679,Landkreis Bad Tölz-Wolfratshausen,Bayern
155713,5566080,Saerbeck,48369,Kreis Steinfurt,Nordrhein-Westfalen
194600,7137096,Saffig,56648,Landkreis Mayen-Koblenz,Rheinland-Pfalz
1437949,13073078,Sagard,18551,Landkreis Vorpommern-Rügen,Mecklenburg-Vorpommern
1467513,1053106,Sahms,21493,Kreis Herzogtum Lauenburg,Schleswig-Holstein
379882,9671150,Sailauf,63877,Landkreis Aschaffenburg,Bayern
2792103,8117042,Salach,73084,Landkreis Göppingen,Baden-Württemberg
959657,9278182,Salching,94330,Landkreis Straubing-Bogen,Bayern
958970,9272142,Saldenburg,94163,Landkreis Freyung-Grafenau,Bayern
1476157,1053107,Salem,23883,Kreis Herzogtum Lauenburg,Schleswig-Holstein
1476157,1053107,Salem,23911,Kreis Herzogtum Lauenburg,Schleswig-Holstein
2806603,8435052,Salem,88682,Bodenseekreis,Baden-Württemberg
957725,9778190,Salgen,87775,Landkreis Unterallgäu,Bayern
1322950,12062425,Sallgast,03238,Landkreis Elbe-Elster,Brandenburg
1074564,7233060,Salm,54570,Landkreis Vulkaneifel,Rheinland-Pfalz
1259143,7231113,Salmtal,54528,Landkreis Bernkastel-Wittlich,Rheinland-Pfalz
387325,9673161,Salz,97616,Landkreis Rhön-Grabfeld,Bayern
534488,7143290,Salz,56414,Westerwaldkreis,Rheinland-Pfalz
2406726,15088319,Salzatal,06198,Saalekreis,Sachsen-Anhalt
1250150,3454045,Salzbergen,48499,Landkreis Emsland,Niedersachsen
533262,7143291,Salzburg,56479,Westerwaldkreis,Rheinland-Pfalz
62659,3102000,Salzgitter,38226,,Niedersachsen
62659,3102000,Salzgitter,38228,,Niedersachsen
62659,3102000,Salzgitter,38229,,Niedersachsen
62659,3102000,Salzgitter,38239,,Niedersachsen
62659,3102000,Salzgitter,38259,,Niedersachsen
335206,3353030,Salzhausen,21376,Landkreis Harburg,Niedersachsen
1186469,3252008,Salzhemmendorf,31020,Landkreis Hameln-Pyrmont,Niedersachsen
148081,5774036,Salzkotten,33154,Kreis Paderborn,Nordrhein-Westfalen
1285595,15081455,Salzwedel,29410,Altmarkkreis Salzwedel,Sachsen-Anhalt
958102,9275146,Salzweg,94121,Landkreis Passau,Bayern
2186939,9187172,Samerberg,83122,Landkreis Rosenheim,Bayern
2012780,3456020,Samern,48465,Landkreis Grafschaft Bentheim,Niedersachsen
1438068,13073079,Samtens,18573,Landkreis Vorpommern-Rügen,Mecklenburg-Vorpommern
387771,9674195,Sand a. Main,97522,Landkreis Haßberge,Bayern
1284759,15090445,Sandau (Elbe),39524,Landkreis Stendal,Sachsen-Anhalt
387470,9673162,Sandberg,97657,Landkreis Rhön-Grabfeld,Bayern
1023212,3357040,Sandbostel,27446,Landkreis Rotenburg (Wümme),Niedersachsen
1187754,3455014,Sande,26452,Landkreis Friesland,Niedersachsen
1329612,15082340,Sandersdorf-Brehna,06792,Landkreis Anhalt-Bitterfeld,Sachsen-Anhalt
1329612,15082340,Sandersdorf-Brehna,06794,Landkreis Anhalt-Bitterfeld,Sachsen-Anhalt
1329612,15082340,Sandersdorf-Brehna,06796,Landkreis Anhalt-Bitterfeld,Sachsen-Anhalt
1329612,15082340,Sandersdorf-Brehna,06809,Landkreis Anhalt-Bitterfeld,Sachsen-Anhalt
1464774,1053108,Sandesneben,23898,Kreis Herzogtum Lauenburg,Schleswig-Holstein
453405,8226076,Sandhausen,69207,Rhein-Neckar-Kreis,Baden-Württemberg
2399162,15087370,Sangerhausen,06526,Landkreis Mansfeld-Südharz,Sachsen-Anhalt
393356,13072091,Sanitz,18190,Landkreis Rostock,Mecklenburg-Vorpommern
1253980,7333066,Sankt Alban,67813,Donnersbergkreis,Rheinland-Pfalz
1253980,7333066,Sankt Alban,67822,Donnersbergkreis,Rheinland-Pfalz
1269721,7135076,Sankt Aldegund,56858,Landkreis Cochem-Zell,Rheinland-Pfalz
949910,1051096,Sankt Annen,25776,Kreis Dithmarschen,Schleswig-Holstein
158642,5382056,Sankt Augustin,53757,Rhein-Sieg-Kreis,Nordrhein-Westfalen
1270376,16069047,Sankt Bernhard,98660,Landkreis Hildburghausen,Thüringen
959665,9278184,Sankt Englmar,94379,Landkreis Straubing-Bogen,Bayern
1190015,7140133,Sankt Goar,56329,Rhein-Hunsrück-Kreis,Rheinland-Pfalz
539918,7141121,Sankt Goarshausen,56346,Rhein-Lahn-Kreis,Rheinland-Pfalz
1184823,10045117,Sankt Ingbert,66386,Saarpfalz-Kreis,Saarland
548055,7137097,Sankt Johann,56727,Landkreis Mayen-Koblenz,Rheinland-Pfalz
1245781,7339050,Sankt Johann,55578,Landkreis Mainz-Bingen,Rheinland-Pfalz
1246778,7336095,Sankt Julian,66887,Landkreis Kusel,Rheinland-Pfalz
443575,7138068,Sankt Katharinen,53562,Landkreis Neuwied,Rheinland-Pfalz
1244234,7133088,Sankt Katharinen,55595,Landkreis Bad Kreuznach,Rheinland-Pfalz
448011,1061095,Sankt Margarethen,25572,Kreis Steinburg,Schleswig-Holstein
1252415,7337070,Sankt Martin,67487,Landkreis Südliche Weinstraße,Rheinland-Pfalz
938081,1051097,Sankt Michaelisdonn,25693,Kreis Dithmarschen,Schleswig-Holstein
958979,9272143,Sankt Oswald-Riedlhütte,94566,Landkreis Freyung-Grafenau,Bayern
958979,9272143,Sankt Oswald-Riedlhütte,94568,Landkreis Freyung-Grafenau,Bayern
1395345,1054113,Sankt Peter-Ording,25826,Kreis Nordfriesland,Schleswig-Holstein
548980,7137222,Sankt Sebastian,56220,Landkreis Mayen-Koblenz,Rheinland-Pfalz
1140561,7232113,Sankt Thomas,54655,Eifelkreis Bitburg-Prüm,Rheinland-Pfalz
1184603,10046117,Sankt Wendel,66606,Landkreis St. Wendel,Saarland
934757,9177137,Sankt Wolfgang,84427,Landkreis Erding,Bayern
1241624,7140134,Sargenroth,55471,Rhein-Hunsrück-Kreis,Rheinland-Pfalz
450069,1061096,Sarlhusen,24616,Kreis Steinburg,Schleswig-Holstein
1085813,7233061,Sarmersbach,54552,Landkreis Vulkaneifel,Rheinland-Pfalz
1971866,13072092,Sarmstorf,18276,Landkreis Rostock,Mecklenburg-Vorpommern
1432535,13075122,Sarnow,17392,Landkreis Vorpommern-Greifswald,Mecklenburg-Vorpommern
1427218,13071128,Sarow,17111,Landkreis Mecklenburgische Seenplatte,Mecklenburg-Vorpommern
90874,3254028,Sarstedt,31157,Landkreis Hildesheim,Niedersachsen
422932,1051098,Sarzbüttel,25785,Kreis Dithmarschen,Schleswig-Holstein
452973,8317116,Sasbach,77880,Ortenaukreis,Baden-Württemberg
1124272,8316038,Sasbach am Kaiserstuhl,79361,Landkreis Emmendingen,Baden-Württemberg
452975,8317118,Sasbachwalden,77887,Ortenaukreis,Baden-Württemberg
1075136,7233236,Sassen,56767,Landkreis Vulkaneifel,Rheinland-Pfalz
152284,5570036,Sassenberg,48336,Kreis Warendorf,Nordrhein-Westfalen
1392805,3151025,Sassenburg,38524,Landkreis Gifhorn,Niedersachsen
1427502,13075123,Sassen-Trantow,17121,Landkreis Vorpommern-Greifswald,Mecklenburg-Vorpommern
1437541,13073080,Sassnitz,18546,Landkreis Vorpommern-Rügen,Mecklenburg-Vorpommern
1109692,3453013,Saterland - Seelterlound,26683,Landkreis Cloppenburg,Niedersachsen
394334,13072093,Satow,18239,Landkreis Rostock,Mecklenburg-Vorpommern
390786,8127073,Satteldorf,74589,Landkreis Schwäbisch Hall,Baden-Württemberg
446430,3359037,Sauensiek,21644,Landkreis Stade,Niedersachsen
929730,9184141,Sauerlach,82054,Landkreis München,Bayern
539917,7141122,Sauerthal,65391,Rhein-Lahn-Kreis,Rheinland-Pfalz
2805754,8437123,Sauldorf,88605,Landkreis Sigmaringen,Baden-Württemberg
937797,9180129,Saulgrub,82442,Landkreis Garmisch-Partenkirchen,Bayern
1248412,7331058,Saulheim,55291,Landkreis Alzey-Worms,Rheinland-Pfalz
1149241,1059072,Saustrup,24392,Kreis Schleswig-Flensburg,Schleswig-Holstein
1432363,13075124,Sauzin,17440,Landkreis Vorpommern-Greifswald,Mecklenburg-Vorpommern
1085806,7233062,Saxler,54558,Landkreis Vulkaneifel,Rheinland-Pfalz
416546,14522520,Sayda,09619,Landkreis Mittelsachsen,Sachsen
452388,6432021,Schaafheim,64850,Landkreis Darmstadt-Dieburg,Hessen
1149334,1059073,Schaalby,24882,Kreis Schleswig-Flensburg,Schleswig-Holstein
548565,1058140,Schacht-Audorf,24790,Kreis Rendsburg-Eckernförde,Schleswig-Holstein
548565,1058140,Schacht-Audorf,24794,Kreis Rendsburg-Eckernförde,Schleswig-Holstein
2395976,16061083,Schachtebich,37318,Landkreis Eichsfeld,Thüringen
422877,1060070,Schackendorf,23795,Kreis Segeberg,Schleswig-Holstein
1156027,1059158,Schafflund,24980,Kreis Schleswig-Flensburg,Schleswig-Holstein
422974,1051099,Schafstedt,25725,Kreis Dithmarschen,Schleswig-Holstein
929704,9184142,Schäftlarn,82067,Landkreis München,Bayern
929704,9184142,Schäftlarn,82069,Landkreis München,Bayern
1273181,16072015,Schalkau,96528,Landkreis Sonneberg,Thüringen
1050569,7131073,Schalkenbach,53426,Landkreis Ahrweiler,Rheinland-Pfalz
1085808,7233063,Schalkenmehren,54552,Landkreis Vulkaneifel,Rheinland-Pfalz
192234,9274179,Schalkham,84175,Landkreis Landshut,Bayern
964294,1051100,Schalkholz,25782,Kreis Dithmarschen,Schleswig-Holstein
1814898,5962056,Schalksmühle,58579,Märkischer Kreis,Nordrhein-Westfalen
1130280,8336075,Schallbach,79597,Landkreis Lörrach,Baden-Württemberg
1186700,7335041,Schallodenbach,67701,Landkreis Kaiserslautern,Rheinland-Pfalz
1946216,8315098,Schallstadt,79227,Landkreis Breisgau-Hochschwarzwald,Baden-Württemberg
1163499,7232114,Schankweiler,54668,Eifelkreis Bitburg-Prüm,Rheinland-Pfalz
2006848,3454046,Schapen,48480,Landkreis Emsland,Niedersachsen
1438074,13073081,Schaprode,18569,Landkreis Vorpommern-Rügen,Mecklenburg-Vorpommern
382443,1055044,Scharbeutz,23629,Kreis Ostholstein,Schleswig-Holstein
382443,1055044,Scharbeutz,23683,Kreis Ostholstein,Schleswig-Holstein
382443,1055044,Scharbeutz,23684,Kreis Ostholstein,Schleswig-Holstein
1152693,7232115,Scharfbillig,54636,Eifelkreis Bitburg-Prüm,Rheinland-Pfalz
1978259,3355033,Scharnebeck,21379,Landkreis Lüneburg,Niedersachsen
382429,1055037,Schashagen,23730,Kreis Ostholstein,Schleswig-Holstein
533415,6633023,Schauenburg,34270,Landkreis Kassel,Hessen
1021711,9475165,Schauenstein,95197,Landkreis Hof,Bayern
1250991,7340042,Schauerberg,66919,Landkreis Südwestpfalz,Rheinland-Pfalz
959804,9271148,Schaufling,94571,Landkreis Deggendorf,Bayern
1245104,7134076,Schauren,55758,Landkreis Birkenfeld,Rheinland-Pfalz
1269726,7135077,Schauren,56865,Landkreis Cochem-Zell,Rheinland-Pfalz
2186940,9187142,Schechen,83135,Landkreis Rosenheim,Bayern
915451,8136062,Schechingen,73579,Ostalbkreis,Baden-Württemberg
1399081,3159031,Scheden,37127,Landkreis Göttingen,Niedersachsen
2805405,8437101,Scheer,72516,Landkreis Sigmaringen,Baden-Württemberg
357189,3357041,Scheeßel,27383,Landkreis Rotenburg (Wümme),Niedersachsen
403734,8225115,Schefflenz,74850,Neckar-Odenwald-Kreis,Baden-Württemberg
1149233,1059074,Scheggerott,24392,Kreis Schleswig-Flensburg,Schleswig-Holstein
536626,14521510,Scheibenberg,09481,Erzgebirgskreis,Sachsen
1250482,7334027,Scheibenhardt,76779,Landkreis Germersheim,Rheinland-Pfalz
1075998,7233237,Scheid,54611,Landkreis Vulkaneifel,Rheinland-Pfalz
959436,9776125,Scheidegg,88175,Landkreis Lindau,Bayern
2778406,16074082,Scheiditz,07646,Saale-Holzland-Kreis,Thüringen
537204,7141124,Scheidt,56379,Rhein-Lahn-Kreis,Rheinland-Pfalz
356989,9575161,Scheinfeld,91443,Landkreis Neustadt an der Aisch-Bad Windsheim,Bayern
1171883,7232116,Scheitenkorb,54673,Eifelkreis Bitburg-Prüm,Rheinland-Pfalz
2790242,8425108,Schelklingen,89601,Alb-Donau-Kreis,Baden-Württemberg
1182651,3254029,Schellerten,31174,Landkreis Hildesheim,Niedersachsen
310388,1057070,Schellhorn,24211,Kreis Plön,Schleswig-Holstein
1246577,7336091,Schellweiler,66869,Landkreis Kusel,Rheinland-Pfalz
2801350,8426134,Schemmerhofen,88433,Landkreis Biberach,Baden-Württemberg
443485,1056044,Schenefeld,22869,Kreis Pinneberg,Schleswig-Holstein
448772,1061097,Schenefeld,25560,Kreis Steinburg,Schleswig-Holstein
533593,7143066,Schenkelberg,56244,Westerwaldkreis,Rheinland-Pfalz
1334083,12073490,Schenkenberg,17291,Landkreis Uckermark,Brandenburg
1351323,12071337,Schenkendöbern,03172,Landkreis Spree-Neiße,Brandenburg
943739,8325050,Schenkenzell,77773,Landkreis Rottweil,Baden-Württemberg
275086,6632019,Schenklengsfeld,36277,Landkreis Hersfeld-Rotenburg,Hessen
58586,5170036,Schermbeck,46514,Kreis Wesel,Nordrhein-Westfalen
943541,9176160,Schernfeld,85132,Landkreis Eichstätt,Bayern
935176,9772197,Scherstetten,86872,Landkreis Augsburg,Bayern
1077566,9471185,Scheßlitz,96110,Landkreis Bamberg,Bayern
422314,7132098,Scheuerfeld,57584,Landkreis Altenkirchen,Rheinland-Pfalz
1171856,7232117,Scheuern,54673,Eifelkreis Bitburg-Prüm,Rheinland-Pfalz
933797,9181138,Scheuring,86937,Landkreis Landsberg am Lech,Bayern
396553,9186151,Scheyern,85298,Landkreis Pfaffenhofen an der Ilm,Bayern
142697,5766060,Schieder-Schwalenberg,32816,Kreis Lippe,Nordrhein-Westfalen
442931,1060071,Schieren,23795,Kreis Segeberg,Schleswig-Holstein
548508,1058141,Schierensee,24241,Kreis Rendsburg-Eckernförde,Schleswig-Holstein
966623,9375196,Schierling,84069,Landkreis Regensburg,Bayern
1253870,7333067,Schiersfeld,67808,Donnersbergkreis,Rheinland-Pfalz
1253870,7333067,Schiersfeld,67823,Donnersbergkreis,Rheinland-Pfalz
538930,7141125,Schiesheim,65623,Rhein-Lahn-Kreis,Rheinland-Pfalz
2083536,3352050,Schiffdorf,27619,Landkreis Cuxhaven,Niedersachsen
418400,7338025,Schifferstadt,67105,Rhein-Pfalz-Kreis,Rheinland-Pfalz
1187147,10043116,Schiffweiler,66578,Landkreis Neunkirchen,Saarland
1322954,12062440,Schilda,03253,Landkreis Elbe-Elster,Brandenburg
1444902,13074072,Schildetal,19209,Landkreis Nordwestmecklenburg,Mecklenburg-Vorpommern
1256081,7235119,Schillingen,54429,Landkreis Trier-Saarburg,Rheinland-Pfalz
534092,9571198,Schillingsfürst,91583,Landkreis Ansbach,Bayern
310414,1057071,Schillsdorf,24637,Kreis Plön,Schleswig-Holstein
943748,8325051,Schiltach,77761,Landkreis Rottweil,Baden-Württemberg
161915,9771162,Schiltberg,86576,Landkreis Aichach-Friedberg,Bayern
2515178,16061113,Schimberg,37308,Landkreis Eichsfeld,Thüringen
1251112,7340043,Schindhard,66996,Landkreis Südwestpfalz,Rheinland-Pfalz
548493,1058142,Schinkel,24214,Kreis Rendsburg-Eckernförde,Schleswig-Holstein
1464769,1053109,Schiphorst,23847,Kreis Herzogtum Lauenburg,Schleswig-Holstein
1314219,12066285,Schipkau,01968,Landkreis Oberspreewald-Lausitz,Brandenburg
1314219,12066285,Schipkau,01993,Landkreis Oberspreewald-Lausitz,Brandenburg
1314219,12066285,Schipkau,01994,Landkreis Oberspreewald-Lausitz,Brandenburg
1314219,12066285,Schipkau,01998,Landkreis Oberspreewald-Lausitz,Brandenburg
1605086,14625525,Schirgiswalde-Kirschau,02681,Landkreis Bautzen,Sachsen
1059449,9374154,Schirmitz,92718,Landkreis Neustadt an der Waldnaab,Bayern
1022870,9479147,Schirnding,95706,Landkreis Wunsiedel im Fichtelgebirge,Bayern
444738,14730270,Schkeuditz,04435,Landkreis Nordsachsen,Sachsen
2778407,16074116,Schkölen,07619,Saale-Holzland-Kreis,Thüringen
2406261,15088330,Schkopau,06258,Saalekreis,Sachsen-Anhalt
3300397,3158039,Schladen-Werla,38315,Landkreis Wolfenbüttel,Niedersachsen
1258880,7231114,Schladt,54534,Landkreis Bernkastel-Wittlich,Rheinland-Pfalz
1444880,13074073,Schlagsdorf,19217,Landkreis Nordwestmecklenburg,Mecklenburg-Vorpommern
2796468,8116063,Schlaitdorf,72667,Landkreis Esslingen,Baden-Württemberg
1059444,9374155,Schlammersdorf,95519,Landkreis Neustadt an der Waldnaab,Bayern
142753,5766064,Schlangen,33189,Kreis Lippe,Nordrhein-Westfalen
403139,6439014,Schlangenbad,65388,Rheingau-Taunus-Kreis,Hessen
2792117,8117043,Schlat,73114,Landkreis Göppingen,Baden-Württemberg
1384801,12067438,Schlaubetal,15890,Landkreis Oder-Spree,Brandenburg
941706,9189141,Schleching,83259,Landkreis Traunstein,Bayern
1270323,16069041,Schlechtsart,98663,Landkreis Hildburghausen,Thüringen
935260,9173142,Schlehdorf,82439,Landkreis Bad Tölz-Wolfratshausen,Bayern
935260,9173142,Schlehdorf,82444,Landkreis Bad Tölz-Wolfratshausen,Bayern
1255916,7235120,Schleich,54340,Landkreis Trier-Saarburg,Rheinland-Pfalz
1152670,7232118,Schleid,54636,Eifelkreis Bitburg-Prüm,Rheinland-Pfalz
2898843,16063068,Schleid,36419,Wartburgkreis,Thüringen
158147,5366036,Schleiden,53937,Kreis Euskirchen,Nordrhein-Westfalen
1310638,14626490,Schleife - Slepo,02959,Landkreis Görlitz,Sachsen
2778408,16074084,Schleifreisen,07629,Saale-Holzland-Kreis,Thüringen
2179215,16075098,Schleiz,07907,Saale-Orla-Kreis,Thüringen
374281,13073082,Schlemmin,18320,Landkreis Vorpommern-Rügen,Mecklenburg-Vorpommern
1389278,12061428,Schlepzig,15910,Landkreis Dahme-Spreewald,Brandenburg
167439,1057072,Schlesen,24256,Kreis Plön,Schleswig-Holstein
904512,1059075,Schleswig,24837,Kreis Schleswig-Flensburg,Schleswig-Holstein
536629,14521520,Schlettau,09487,Erzgebirgskreis,Sachsen
1263897,16069042,Schleusegrund,98666,Landkreis Hildburghausen,Thüringen
1263897,16069042,Schleusegrund,98667,Landkreis Hildburghausen,Thüringen
1266330,16069043,Schleusingen,98553,Landkreis Hildburghausen,Thüringen
949911,1051102,Schlichting,25779,Kreis Dithmarschen,Schleswig-Holstein
1303815,12062445,Schlieben,04936,Landkreis Elbe-Elster,Brandenburg
233450,8336078,Schliengen,79418,Landkreis Lörrach,Baden-Württemberg
2808302,8436069,Schlier,88281,Landkreis Ravensburg,Baden-Württemberg
2792757,8117044,Schlierbach,73278,Landkreis Göppingen,Baden-Württemberg
1245190,7140135,Schlierschied,55483,Rhein-Hunsrück-Kreis,Rheinland-Pfalz
935959,9182131,Schliersee,83727,Landkreis Miesbach,Bayern
418329,6535015,Schlitz,36110,Vogelsbergkreis,Hessen
2778409,16074085,Schlöben,07646,Saale-Holzland-Kreis,Thüringen
2000633,13071174,Schloen-Dratow,17192,Landkreis Mecklenburgische Seenplatte,Mecklenburg-Vorpommern
2000633,13071174,Schloen-Dratow,17219,Landkreis Mecklenburgische Seenplatte,Mecklenburg-Vorpommern
1244210,7133089,Schloßböckelheim,55596,Landkreis Bad Kreuznach,Rheinland-Pfalz
138170,5754036,Schloß Holte-Stukenbrock,33758,Kreis Gütersloh,Nordrhein-Westfalen
2411292,16068048,Schloßvippach,99195,Landkreis Sömmerda,Thüringen
450217,1061098,Schlotfeld,25551,Kreis Steinburg,Schleswig-Holstein
317469,8315102,Schluchsee,79859,Landkreis Breisgau-Hochschwarzwald,Baden-Württemberg
535941,6435025,Schlüchtern,36381,Main-Kinzig-Kreis,Hessen
1077560,9471220,Schlüsselfeld,96132,Landkreis Bamberg,Bayern
1186693,7340044,Schmalenberg,67718,Landkreis Südwestpfalz,Rheinland-Pfalz
405627,1060072,Schmalensee,24638,Kreis Segeberg,Schleswig-Holstein
423180,1060073,Schmalfeld,24640,Kreis Segeberg,Schleswig-Holstein
2849661,16066063,Schmalkalden,98574,Landkreis Schmalkalden-Meiningen,Thüringen
2849661,16066063,Schmalkalden,98587,Landkreis Schmalkalden-Meiningen,Thüringen
157418,5958040,Schmallenberg,57392,Hochsauerlandkreis,Nordrhein-Westfalen
548517,1058143,Schmalstede,24241,Kreis Rendsburg-Eckernförde,Schleswig-Holstein
1433757,13075125,Schmatzin,17390,Landkreis Vorpommern-Greifswald,Mecklenburg-Vorpommern
935736,1051103,Schmedeswurth,25724,Kreis Dithmarschen,Schleswig-Holstein
1273259,16069044,Schmeheim,98530,Landkreis Hildburghausen,Thüringen
1184564,10044117,Schmelz,66839,Landkreis Saarlouis,Saarland
962201,9376159,Schmidgaden,92546,Landkreis Schwandorf,Bayern
1028563,9371148,Schmidmühlen,92287,Landkreis Amberg-Sulzbach,Bayern
1244292,7134077,Schmidthachenbach,55758,Landkreis Birkenfeld,Rheinland-Pfalz
396001,9771163,Schmiechen,86511,Landkreis Aichach-Friedberg,Bayern
2856467,16071083,Schmiedehausen,99518,Landkreis Weimarer Land,Thüringen
2179216,16075099,Schmieritz,07819,Saale-Orla-Kreis,Thüringen
1471098,1053110,Schmilau,23883,Kreis Herzogtum Lauenburg,Schleswig-Holstein
1471098,1053110,Schmilau,23909,Kreis Herzogtum Lauenburg,Schleswig-Holstein
1471098,1053110,Schmilau,23911,Kreis Herzogtum Lauenburg,Schleswig-Holstein
1244324,7134078,Schmißberg,55765,Landkreis Birkenfeld,Rheinland-Pfalz
1250992,7340224,Schmitshausen,66484,Landkreis Südwestpfalz,Rheinland-Pfalz
1250992,7340224,Schmitshausen,66917,Landkreis Südwestpfalz,Rheinland-Pfalz
1269812,7135078,Schmitt,56825,Landkreis Cochem-Zell,Rheinland-Pfalz
418358,6434009,Schmitten im Taunus,61389,Hochtaunuskreis,Hessen
1244064,7133090,Schmittweiler,67829,Landkreis Bad Kreuznach,Rheinland-Pfalz
1328962,12071341,Schmogrow-Fehrow,03096,Landkreis Spree-Neiße,Brandenburg
2527958,16077043,Schmölln,04626,Landkreis Altenburger Land,Thüringen
1307609,14625530,Schmölln-Putzkau,01877,Landkreis Bautzen,Sachsen
2179217,16075101,Schmorda,07389,Saale-Orla-Kreis,Thüringen
1071016,9472184,Schnabelwaid,91289,Landkreis Bayreuth,Bayern
1821834,3354021,Schnackenburg,29493,Landkreis Lüchow-Dannenberg,Niedersachsen
941616,9189142,Schnaitsee,83530,Landkreis Traunstein,Bayern
365117,9574155,Schnaittach,91220,Landkreis Nürnberger Land,Bayern
1028551,9371150,Schnaittenbach,92253,Landkreis Amberg-Sulzbach,Bayern
1469082,1053111,Schnakenbek,21481,Kreis Herzogtum Lauenburg,Schleswig-Holstein
1149245,1059076,Schnarup-Thumby,24891,Kreis Schleswig-Flensburg,Schleswig-Holstein
2404548,15084442,Schnaudertal,06712,Burgenlandkreis,Sachsen-Anhalt
1253765,7335042,Schneckenhausen,67699,Landkreis Kaiserslautern,Rheinland-Pfalz
1021749,9476171,Schneckenlohe,96277,Landkreis Kronach,Bayern
393498,9676156,Schneeberg,63936,Landkreis Miltenberg,Bayern
419000,14521530,Schneeberg,08289,Erzgebirgskreis,Sachsen
1821917,3354022,Schnega,29465,Landkreis Lüchow-Dannenberg,Niedersachsen
941796,9172131,Schneizlreuth,83458,Landkreis Berchtesgadener Land,Bayern
534089,9571199,Schnelldorf,91625,Landkreis Ansbach,Bayern
1244115,7133204,Schneppenbach,55608,Landkreis Bad Kreuznach,Rheinland-Pfalz
357061,3358019,Schneverdingen,29640,Landkreis Heidekreis,Niedersachsen
1241476,7140138,Schnorbach,55497,Rhein-Hunsrück-Kreis,Rheinland-Pfalz
2800660,8425110,Schnürpflingen,89194,Alb-Donau-Kreis,Baden-Württemberg
1260246,7235122,Schoden,54441,Landkreis Trier-Saarburg,Rheinland-Pfalz
215983,6532018,Schöffengrund,35641,Lahn-Dill-Kreis,Hessen
958961,9272145,Schöfweg,94572,Landkreis Freyung-Grafenau,Bayern
1461195,3251031,Scholen,27251,Landkreis Diepholz,Niedersachsen
336536,9677182,Schollbrunn,97852,Landkreis Main-Spessart,Bayern
336536,9677182,Schollbrunn,97907,Landkreis Main-Spessart,Bayern
1284769,15090485,Schollene,14715,Landkreis Stendal,Sachsen-Anhalt
533993,9671152,Schöllkrippen,63825,Landkreis Aschaffenburg,Bayern
959812,9271149,Schöllnach,94508,Landkreis Deggendorf,Bayern
309944,8235065,Schömberg,75328,Landkreis Calw,Baden-Württemberg
2781604,8417057,Schömberg,72355,Zollernalbkreis,Baden-Württemberg
1260245,7235123,Schömerich,54314,Landkreis Trier-Saarburg,Rheinland-Pfalz
1240838,8326055,Schonach im Schwarzwald,78136,Schwarzwald-Baar-Kreis,Baden-Württemberg
856209,8115044,Schönaich,71101,Landkreis Böblingen,Baden-Württemberg
454182,8226080,Schönau,69250,Rhein-Neckar-Kreis,Baden-Württemberg
957066,9277144,Schönau,84337,Landkreis Rottal-Inn,Bayern
387354,9673163,Schönau a.d.Brend,97659,Landkreis Rhön-Grabfeld,Bayern
941800,9172132,Schönau am Königssee,83471,Landkreis Berchtesgadener Land,Bayern
418649,14626500,Schönau-Berzdorf auf dem Eigen,02899,Landkreis Görlitz,Sachsen
1244186,8336079,Schönau im Schwarzwald,79677,Landkreis Lörrach,Baden-Württemberg
1251114,7340045,Schönau (Pfalz),66996,Landkreis Südwestpfalz,Rheinland-Pfalz
1085811,7233064,Schönbach,54552,Landkreis Vulkaneifel,Rheinland-Pfalz
1311098,14626510,Schönbach,02708,Landkreis Görlitz,Sachsen
1419911,13071130,Schönbeck,17349,Landkreis Mecklenburgische Seenplatte,Mecklenburg-Vorpommern
553521,1058144,Schönbek,24582,Kreis Rendsburg-Eckernförde,Schleswig-Holstein
413533,14524270,Schönberg,08393,Landkreis Zwickau,Sachsen
940871,9183143,Schönberg,84573,Landkreis Mühldorf am Inn,Bayern
958960,9272147,Schönberg,94513,Landkreis Freyung-Grafenau,Bayern
1258420,7231115,Schönberg,54426,Landkreis Bernkastel-Wittlich,Rheinland-Pfalz
1464771,1053112,Schönberg,22929,Kreis Herzogtum Lauenburg,Schleswig-Holstein
1477860,13074074,Schönberg,23923,Landkreis Nordwestmecklenburg,Mecklenburg-Vorpommern
176736,1057073,Schönberg (Holstein),24217,Kreis Plön,Schleswig-Holstein
539702,7141126,Schönborn,56370,Rhein-Lahn-Kreis,Rheinland-Pfalz
1241631,7140139,Schönborn,55469,Rhein-Hunsrück-Kreis,Rheinland-Pfalz
1253978,7333068,Schönborn,67808,Donnersbergkreis,Rheinland-Pfalz
1322953,12062453,Schönborn,03253,Landkreis Elbe-Elster,Brandenburg
453364,8226081,Schönbrunn,69436,Rhein-Neckar-Kreis,Baden-Württemberg
1077553,9471186,Schönbrunn i.Steigerwald,96185,Landkreis Bamberg,Bayern
2403987,15084445,Schönburg,06618,Burgenlandkreis,Sachsen-Anhalt
1256957,7235124,Schöndorf,54316,Landkreis Trier-Saarburg,Rheinland-Pfalz
2179218,16075102,Schöndorf,07924,Saale-Orla-Kreis,Thüringen
933875,9181139,Schondorf am Ammersee,86938,Landkreis Landsberg am Lech,Bayern
384303,9672149,Schondra,97795,Landkreis Bad Kissingen,Bayern
65420,15089305,Schönebeck (Elbe),39217,Salzlandkreis,Sachsen-Anhalt
65420,15089305,Schönebeck (Elbe),39218,Salzlandkreis,Sachsen-Anhalt
416450,7132099,Schöneberg,57638,Landkreis Altenkirchen,Rheinland-Pfalz
1243991,7133091,Schöneberg,55444,Landkreis Bad Kreuznach,Rheinland-Pfalz
535890,6435026,Schöneck,61137,Main-Kinzig-Kreis,Hessen
1108040,7232304,Schönecken,54614,Eifelkreis Bitburg-Prüm,Rheinland-Pfalz
443863,14523370,Schöneck/Vogtl.,08261,Vogtlandkreis,Sachsen
55772,12061433,Schönefeld,12529,Landkreis Dahme-Spreewald,Brandenburg
1352215,12067440,Schöneiche bei Berlin,15566,Landkreis Oder-Spree,Brandenburg
1244181,8336080,Schönenberg,79677,Landkreis Lörrach,Baden-Württemberg
1246453,7336092,Schönenberg-Kübelberg,66901,Landkreis Kusel,Rheinland-Pfalz
1310095,12065276,Schönermark,16775,Landkreis Oberhavel,Brandenburg
1303472,12062461,Schönewalde,04916,Landkreis Elbe-Elster,Brandenburg
1384906,3151026,Schönewörde,29396,Landkreis Gifhorn,Niedersachsen
551157,14627250,Schönfeld,01561,Landkreis Meißen,Sachsen
1334078,12073520,Schönfeld,17291,Landkreis Uckermark,Brandenburg
1427214,13071131,Schönfeld,17111,Landkreis Mecklenburgische Seenplatte,Mecklenburg-Vorpommern
936750,9190148,Schongau,86956,Landkreis Weilheim-Schongau,Bayern
933541,9179147,Schöngeising,82296,Landkreis Fürstenfeldbruck,Bayern
2778410,16074086,Schöngleina,07646,Saale-Holzland-Kreis,Thüringen
2396198,16061084,Schönhagen,37318,Landkreis Eichsfeld,Thüringen
1419917,13071132,Schönhausen,17337,Landkreis Mecklenburgische Seenplatte,Mecklenburg-Vorpommern
1284742,15090500,Schönhausen (Elbe),39524,Landkreis Stendal,Sachsen-Anhalt
418998,14521540,Schönheide,08304,Erzgebirgskreis,Sachsen
553471,1058145,Schönhorst,24220,Kreis Rendsburg-Eckernförde,Schleswig-Holstein
1446648,3154019,Schöningen,38364,Landkreis Helmstedt,Niedersachsen
299457,1057074,Schönkirchen,24232,Kreis Plön,Schleswig-Holstein
961856,9376160,Schönsee,92539,Landkreis Schwandorf,Bayern
2900115,16064058,Schönstedt,99947,Unstrut-Hainich-Kreis,Thüringen
2165049,9187173,Schonstett,83137,Landkreis Rosenheim,Bayern
376881,8126072,Schöntal,74214,Hohenlohekreis,Baden-Württemberg
960512,9372157,Schönthal,93488,Landkreis Cham,Bayern
318748,9678174,Schonungen,97453,Landkreis Schweinfurt,Bayern
1022871,9479150,Schönwald,95173,Landkreis Wunsiedel im Fichtelgebirge,Bayern
1389280,12061435,Schönwald,15910,Landkreis Dahme-Spreewald,Brandenburg
1410895,13075126,Schönwalde,17309,Landkreis Vorpommern-Greifswald,Mecklenburg-Vorpommern
382430,1055038,Schönwalde am Bungsberg,23744,Kreis Ostholstein,Schleswig-Holstein
1252332,12063273,Schönwalde-Glien,14621,Landkreis Havelland,Brandenburg
1242149,8326054,Schönwald im Schwarzwald,78141,Schwarzwald-Baar-Kreis,Baden-Württemberg
445991,14730280,Schönwölkau,04509,Landkreis Nordsachsen,Sachsen
1130284,8336081,Schopfheim,79650,Landkreis Lörrach,Baden-Württemberg
534175,9571200,Schopfloch,91626,Landkreis Ansbach,Bayern
935842,8237061,Schopfloch,72296,Landkreis Freudenstadt,Baden-Württemberg
1186707,7335204,Schopp,67707,Landkreis Kaiserslautern,Rheinland-Pfalz
1432649,3158027,Schöppenstedt,38170,Landkreis Wolfenbüttel,Niedersachsen
162874,5554052,Schöppingen,48624,Kreis Borken,Nordrhein-Westfalen
2778411,16074087,Schöps,07768,Saale-Holzland-Kreis,Thüringen
1311139,14626520,Schöpstal,02829,Landkreis Görlitz,Sachsen
1318334,12060198,Schorfheide,16244,Landkreis Barnim,Brandenburg
401643,8119067,Schorndorf,73614,Rems-Murr-Kreis,Baden-Württemberg
961935,9372158,Schorndorf,93489,Landkreis Cham,Bayern
1248413,7331059,Schornsheim,55288,Landkreis Alzey-Worms,Rheinland-Pfalz
1979187,13072094,Schorssow,17166,Landkreis Rostock,Mecklenburg-Vorpommern
1187787,3455015,Schortens,26419,Landkreis Friesland,Niedersachsen
1451597,13076121,Schossin,19073,Landkreis Ludwigslust-Parchim,Mecklenburg-Vorpommern
1451597,13076121,Schossin,19075,Landkreis Ludwigslust-Parchim,Mecklenburg-Vorpommern
418340,6535016,Schotten,63679,Vogelsbergkreis,Hessen
1303792,12062464,Schraden,04928,Landkreis Elbe-Elster,Brandenburg
943757,8325053,Schramberg,78144,Landkreis Rottweil,Baden-Württemberg
943757,8325053,Schramberg,78713,Landkreis Rottweil,Baden-Württemberg
2406526,15088340,Schraplau,06279,Saalekreis,Sachsen-Anhalt
452216,6634021,Schrecksbach,34637,Schwalm-Eder-Kreis,Hessen
1466067,1053113,Schretstaken,21493,Kreis Herzogtum Lauenburg,Schleswig-Holstein
454178,8226082,Schriesheim,69198,Rhein-Neckar-Kreis,Baden-Württemberg
943731,9185158,Schrobenhausen,86529,Landkreis Neuburg-Schrobenhausen,Bayern
387625,8127075,Schrozberg,74575,Landkreis Schwäbisch Hall,Baden-Württemberg
443081,1051104,Schrum,25782,Kreis Dithmarschen,Schleswig-Holstein
1156162,1059077,Schuby,24837,Kreis Schleswig-Flensburg,Schleswig-Holstein
1156162,1059077,Schuby,24850,Kreis Schleswig-Flensburg,Schleswig-Holstein
1060441,7131074,Schuld,53520,Landkreis Ahrweiler,Rheinland-Pfalz
1467715,1053115,Schulendorf,21516,Kreis Herzogtum Lauenburg,Schleswig-Holstein
548568,1058146,Schülldorf,24790,Kreis Rendsburg-Eckernförde,Schleswig-Holstein
1075997,7233239,Schüller,54586,Landkreis Vulkaneifel,Rheinland-Pfalz
447970,1051105,Schülp,25764,Kreis Dithmarschen,Schleswig-Holstein
1187305,1058147,Schülp bei Nortorf,24589,Kreis Rendsburg-Eckernförde,Schleswig-Holstein
548578,1058148,Schülp bei Rendsburg,24768,Kreis Rendsburg-Eckernförde,Schleswig-Holstein
548578,1058148,Schülp bei Rendsburg,24797,Kreis Rendsburg-Eckernförde,Schleswig-Holstein
548578,1058148,Schülp bei Rendsburg,24813,Kreis Rendsburg-Eckernförde,Schleswig-Holstein
55774,12061444,Schulzendorf,15732,Landkreis Dahme-Spreewald,Brandenburg
416449,7132100,Schürdt,57632,Landkreis Altenkirchen,Rheinland-Pfalz
1463074,1053114,Schürensöhlen,23847,Kreis Herzogtum Lauenburg,Schleswig-Holstein
453015,8317121,Schuttertal,77978,Ortenaukreis,Baden-Württemberg
452993,8317122,Schutterwald,77746,Ortenaukreis,Baden-Württemberg
2012781,3456027,Schüttorf,48465,Landkreis Grafschaft Bentheim,Niedersachsen
1085815,7233065,Schutz,54570,Landkreis Vulkaneifel,Rheinland-Pfalz
421949,7132101,Schutzbach,57520,Landkreis Altenkirchen,Rheinland-Pfalz
394336,13072095,Schwaan,18258,Landkreis Rostock,Mecklenburg-Vorpommern
2531761,16076067,Schwaara,07554,Landkreis Greiz,Thüringen
62720,9565000,Schwabach,91126,,Bayern
936740,9190149,Schwabbruck,86986,Landkreis Weilheim-Schongau,Bayern
1245803,7339051,Schwabenheim an der Selz,55270,Landkreis Mainz-Bingen,Rheinland-Pfalz
934460,9174143,Schwabhausen,85247,Landkreis Dachau,Bayern
2802321,16067059,Schwabhausen,99869,Landkreis Gotha,Thüringen
2792080,8136065,Schwäbisch Gmünd,73072,Ostalbkreis,Baden-Württemberg
2792080,8136065,Schwäbisch Gmünd,73525,Ostalbkreis,Baden-Württemberg
2792080,8136065,Schwäbisch Gmünd,73527,Ostalbkreis,Baden-Württemberg
2792080,8136065,Schwäbisch Gmünd,73529,Ostalbkreis,Baden-Württemberg
2792080,8136065,Schwäbisch Gmünd,73550,Ostalbkreis,Baden-Württemberg
2792080,8136065,Schwäbisch Gmünd,73553,Ostalbkreis,Baden-Württemberg
391370,8127076,Schwäbisch Hall,74523,Landkreis Schwäbisch Hall,Baden-Württemberg
935178,9772200,Schwabmünchen,86830,Landkreis Augsburg,Bayern
936731,9190151,Schwabsoien,86987,Landkreis Weilheim-Schongau,Bayern
1404024,1054116,Schwabstedt,25876,Kreis Nordfriesland,Schleswig-Holstein
1461196,3251032,Schwaförden,27252,Landkreis Diepholz,Niedersachsen
966158,9574156,Schwaig bei Nürnberg,90571,Landkreis Nürnberger Land,Bayern
939356,9180131,Schwaigen,82445,Landkreis Garmisch-Partenkirchen,Bayern
410521,8125086,Schwaigern,74193,Landkreis Heilbronn,Baden-Württemberg
401696,8119068,Schwaikheim,71409,Rems-Murr-Kreis,Baden-Württemberg
1184565,10044118,Schwalbach,66773,Landkreis Saarlouis,Saarland
414833,6436011,Schwalbach am Taunus,65824,Main-Taunus-Kreis,Hessen
1182303,7140140,Schwall,56281,Rhein-Hunsrück-Kreis,Rheinland-Pfalz
2831169,16066064,Schwallungen,98590,Landkreis Schmalkalden-Meiningen,Thüringen
452200,6634022,Schwalmstadt,34613,Schwalm-Eder-Kreis,Hessen
88529,5166024,Schwalmtal,41366,Kreis Viersen,Nordrhein-Westfalen
418332,6535017,Schwalmtal,36318,Vogelsbergkreis,Hessen
452998,8317150,Schwanau,77963,Ortenaukreis,Baden-Württemberg
962181,9376161,Schwandorf,92421,Landkreis Schwandorf,Bayern
1352961,15085285,Schwanebeck,39397,Landkreis Harz,Sachsen-Anhalt
423196,3356009,Schwanewede,28790,Landkreis Osterholz,Niedersachsen
318225,9678175,Schwanfeld,97523,Landkreis Schweinfurt,Bayern
448297,9777169,Schwangau,87645,Landkreis Ostallgäu,Bayern
1451586,13076122,Schwanheide,19258,Landkreis Ludwigslust-Parchim,Mecklenburg-Vorpommern
1251071,7340047,Schwanheim,76848,Landkreis Südwestpfalz,Rheinland-Pfalz
158256,9576132,Schwanstetten,90596,Landkreis Roth,Bayern
2013996,3251033,Schwarme,27327,Landkreis Diepholz,Niedersachsen
1808868,3358020,Schwarmstedt,29690,Landkreis Heidekreis,Niedersachsen
176739,1057076,Schwartbuck,24257,Kreis Plön,Schleswig-Holstein
1424151,13071133,Schwarz,17252,Landkreis Mecklenburgische Seenplatte,Mecklenburg-Vorpommern
2828445,16066065,Schwarza,98547,Landkreis Schmalkalden-Meiningen,Thüringen
403752,8225116,Schwarzach,74869,Neckar-Odenwald-Kreis,Baden-Württemberg
959645,9278187,Schwarzach,94374,Landkreis Straubing-Bogen,Bayern
283685,9675165,Schwarzach am Main,97359,Landkreis Kitzingen,Bayern
962187,9376162,Schwarzach b.Nabburg,92548,Landkreis Schwandorf,Bayern
9246636,16073113,Schwarzatal,98744,Landkreis Saalfeld-Rudolstadt,Thüringen
1314280,12066292,Schwarzbach,01945,Landkreis Oberspreewald-Lausitz,Brandenburg
2804632,16076068,Schwarzbach,07589,Landkreis Greiz,Thüringen
1273286,16073082,Schwarzburg,07427,Landkreis Saalfeld-Rudolstadt,Thüringen
957022,7140141,Schwarzen,55481,Rhein-Hunsrück-Kreis,Rheinland-Pfalz
1059441,9374156,Schwarzenbach,92720,Landkreis Neustadt an der Waldnaab,Bayern
1021714,9475168,Schwarzenbach a.d.Saale,95126,Landkreis Hof,Bayern
1021704,9475169,Schwarzenbach a.Wald,95131,Landkreis Hof,Bayern
1469085,1053116,Schwarzenbek,21493,Kreis Herzogtum Lauenburg,Schleswig-Holstein
419006,14521550,Schwarzenberg/Erzgebirge,08340,Erzgebirgskreis,Sachsen
452201,6634023,Schwarzenborn,34639,Schwalm-Eder-Kreis,Hessen
1258881,7231116,Schwarzenborn,54533,Landkreis Bernkastel-Wittlich,Rheinland-Pfalz
966163,9574157,Schwarzenbruck,90592,Landkreis Nürnberger Land,Bayern
962184,9376163,Schwarzenfeld,92521,Landkreis Schwandorf,Bayern
1244112,7133205,Schwarzerden,55629,Landkreis Bad Kreuznach,Rheinland-Pfalz
1314222,12066296,Schwarzheide,01987,Landkreis Oberspreewald-Lausitz,Brandenburg
962086,9376164,Schwarzhofen,92447,Landkreis Schwandorf,Bayern
2029540,13072096,Schwasdorf,17168,Landkreis Rostock,Mecklenburg-Vorpommern
318305,9678176,Schwebheim,97525,Landkreis Schweinfurt,Bayern
1253797,7335043,Schwedelbach,67685,Landkreis Kaiserslautern,Rheinland-Pfalz
554637,1058150,Schwedeneck,24229,Kreis Rendsburg-Eckernförde,Schleswig-Holstein
1334108,12073532,Schwedt/Oder,16303,Landkreis Uckermark,Brandenburg
1250342,7334028,Schwegenheim,67365,Landkreis Germersheim,Rheinland-Pfalz
1255887,7235125,Schweich,54338,Landkreis Trier-Saarburg,Rheinland-Pfalz
1270324,16069046,Schweickershausen,98663,Landkreis Hildburghausen,Thüringen
1252832,7337071,Schweigen-Rechtenbach,76889,Landkreis Südliche Weinstraße,Rheinland-Pfalz
540064,7141127,Schweighausen,56377,Rhein-Lahn-Kreis,Rheinland-Pfalz
1252825,7337072,Schweighofen,76889,Landkreis Südliche Weinstraße,Rheinland-Pfalz
2012367,3462013,Schweindorf,26556,Landkreis Wittmund,Niedersachsen
62534,9662000,Schweinfurt,97421,,Bayern
62534,9662000,Schweinfurt,97422,,Bayern
62534,9662000,Schweinfurt,97424,,Bayern
1244056,7133092,Schweinschied,67744,Landkreis Bad Kreuznach,Rheinland-Pfalz
1254722,7333069,Schweisweiler,67808,Donnersbergkreis,Rheinland-Pfalz
396557,9186152,Schweitenkirchen,85301,Landkreis Pfaffenhofen an der Ilm,Bayern
1251154,7340048,Schweix,66957,Landkreis Südwestpfalz,Rheinland-Pfalz
162833,5954024,Schwelm,58332,Ennepe-Ruhr-Kreis,Nordrhein-Westfalen
2801101,8426108,Schwendi,88477,Landkreis Biberach,Baden-Württemberg
956999,9773164,Schwenningen,89443,Landkreis Dillingen an der Donau,Bayern
2805755,8437102,Schwenningen,72477,Landkreis Sigmaringen,Baden-Württemberg
310382,1057091,Schwentinental,24222,Kreis Plön,Schleswig-Holstein
310382,1057091,Schwentinental,24223,Kreis Plön,Schleswig-Holstein
1307661,14625550,Schwepnitz,01936,Landkreis Bautzen,Sachsen
1243987,7133093,Schweppenhausen,55444,Landkreis Bad Kreuznach,Rheinland-Pfalz
1245097,7134079,Schwerbach,55624,Landkreis Birkenfeld,Rheinland-Pfalz
62685,13004000,Schwerin,19053,,Mecklenburg-Vorpommern
62685,13004000,Schwerin,19055,,Mecklenburg-Vorpommern
62685,13004000,Schwerin,19057,,Mecklenburg-Vorpommern
62685,13004000,Schwerin,19059,,Mecklenburg-Vorpommern
62685,13004000,Schwerin,19061,,Mecklenburg-Vorpommern
62685,13004000,Schwerin,19063,,Mecklenburg-Vorpommern
1389623,12061448,Schwerin,15755,Landkreis Dahme-Spreewald,Brandenburg
1183255,3256028,Schweringen,27324,Landkreis Nienburg/Weser,Niedersachsen
1183255,3256028,Schweringen,27333,Landkreis Nienburg/Weser,Niedersachsen
2012933,3457019,Schwerinsdorf,26835,Landkreis Leer,Niedersachsen
2411248,16068049,Schwerstedt,99634,Landkreis Sömmerda,Thüringen
158413,5978028,Schwerte,58239,Kreis Unna,Nordrhein-Westfalen
1406819,1054118,Schwesing,25813,Kreis Nordfriesland,Schleswig-Holstein
454165,8226084,Schwetzingen,68723,Rhein-Neckar-Kreis,Baden-Württemberg
405816,8118067,Schwieberdingen,71701,Landkreis Ludwigsburg,Baden-Württemberg
405816,8118067,Schwieberdingen,71706,Landkreis Ludwigsburg,Baden-Württemberg
1388876,12061450,Schwielochsee,15913,Landkreis Dahme-Spreewald,Brandenburg
365821,12069590,Schwielowsee,14548,Landkreis Potsdam-Mittelmark,Brandenburg
1250041,3360019,Schwienau,29593,Landkreis Uelzen,Niedersachsen
933971,9181140,Schwifting,86940,Landkreis Landsberg am Lech,Bayern
940828,9183144,Schwindegg,84419,Landkreis Mühldorf am Inn,Bayern
1108065,7232305,Schwirzheim,54597,Eifelkreis Bitburg-Prüm,Rheinland-Pfalz
422763,1060074,Schwissel,23795,Kreis Segeberg,Schleswig-Holstein
2815708,16061085,Schwobfeld,37318,Landkreis Eichsfeld,Thüringen
1244314,7134080,Schwollen,55767,Landkreis Birkenfeld,Rheinland-Pfalz
2787816,8336082,Schwörstadt,79739,Landkreis Lörrach,Baden-Württemberg
1363632,3151027,Schwülper,38179,Landkreis Gifhorn,Niedersachsen
534536,14628360,Sebnitz,01855,Landkreis Sächsische Schweiz-Osterzgebirge,Sachsen
533263,7143292,Seck,56479,Westerwaldkreis,Rheinland-Pfalz
403735,8225091,Seckach,74743,Neckar-Odenwald-Kreis,Baden-Württemberg
367065,12069596,Seddiner See,14554,Landkreis Potsdam-Mittelmark,Brandenburg
452976,8317126,Seebach,77889,Ortenaukreis,Baden-Württemberg
1268935,16063071,Seebach,99846,Wartburgkreis,Thüringen
1332651,12063274,Seeblick,14715,Landkreis Havelland,Brandenburg
1399087,3159032,Seeburg,37136,Landkreis Göttingen,Niedersachsen
156381,1060075,Seedorf,23823,Kreis Segeberg,Schleswig-Holstein
1079030,3357042,Seedorf,27404,Landkreis Rotenburg (Wümme),Niedersachsen
1476160,1053117,Seedorf,23883,Kreis Herzogtum Lauenburg,Schleswig-Holstein
556100,1058151,Seefeld,25557,Kreis Rendsburg-Eckernförde,Schleswig-Holstein
932388,9188132,Seefeld,82229,Landkreis Starnberg,Bayern
448306,9777170,Seeg,87637,Landkreis Ostallgäu,Bayern
2408187,15087386,Seegebiet Mansfelder Land,06317,Landkreis Mansfeld-Südharz,Sachsen-Anhalt
1284745,15090520,Seehausen,39615,Landkreis Stendal,Sachsen-Anhalt
939382,9180132,Seehausen am Staffelsee,82418,Landkreis Garmisch-Partenkirchen,Bayern
452414,6432022,Seeheim-Jugenheim,64342,Landkreis Darmstadt-Dieburg,Hessen
1444904,13074075,Seehof,19069,Landkreis Nordwestmecklenburg,Mecklenburg-Vorpommern
2801351,8426109,Seekirch,88422,Landkreis Biberach,Baden-Württemberg
390044,15089307,Seeland,06449,Salzlandkreis,Sachsen-Anhalt
390044,15089307,Seeland,06464,Salzlandkreis,Sachsen-Anhalt
390044,15089307,Seeland,06466,Salzlandkreis,Sachsen-Anhalt
390044,15089307,Seeland,06467,Salzlandkreis,Sachsen-Anhalt
390044,15089307,Seeland,06469,Salzlandkreis,Sachsen-Anhalt
453012,8317127,Seelbach,77960,Ortenaukreis,Baden-Württemberg
540055,7141128,Seelbach,56377,Rhein-Lahn-Kreis,Rheinland-Pfalz
420578,7132102,Seelbach bei Hamm (Sieg),57577,Landkreis Altenkirchen,Rheinland-Pfalz
415719,7132103,Seelbach (Westerwald),57632,Landkreis Altenkirchen,Rheinland-Pfalz
1253979,7333203,Seelen,67744,Donnersbergkreis,Rheinland-Pfalz
2790912,16076069,Seelingstädt,07580,Landkreis Greiz,Thüringen
414698,14522530,Seelitz,09306,Landkreis Mittelsachsen,Sachsen
1332928,12064448,Seelow,15306,Landkreis Märkisch-Oderland,Brandenburg
382498,3241015,Seelze,30926,Region Hannover,Niedersachsen
941626,9189143,Seeon-Seebruck,83358,Landkreis Traunstein,Bayern
941626,9189143,Seeon-Seebruck,83370,Landkreis Traunstein,Bayern
941626,9189143,Seeon-Seebruck,83376,Landkreis Traunstein,Bayern
1244167,7133094,Seesbach,55629,Landkreis Bad Kreuznach,Rheinland-Pfalz
1421450,3153012,Seesen,38723,Landkreis Goslar,Niedersachsen
936913,9190152,Seeshaupt,82402,Landkreis Weilheim-Schongau,Bayern
443298,1056033,Seester,25370,Kreis Pinneberg,Schleswig-Holstein
443192,1056045,Seestermühe,25371,Kreis Pinneberg,Schleswig-Holstein
1402989,1054119,Seeth,25840,Kreis Nordfriesland,Schleswig-Holstein
1402989,1054119,Seeth,25878,Kreis Nordfriesland,Schleswig-Holstein
443439,1056046,Seeth-Ekholt,25337,Kreis Pinneberg,Schleswig-Holstein
252889,3353031,Seevetal,21217,Landkreis Harburg,Niedersachsen
252889,3353031,Seevetal,21218,Landkreis Harburg,Niedersachsen
252889,3353031,Seevetal,21220,Landkreis Harburg,Niedersachsen
935835,8237073,Seewald,72297,Landkreis Freudenstadt,Baden-Württemberg
1152686,7232119,Seffern,54636,Eifelkreis Bitburg-Prüm,Rheinland-Pfalz
1152689,7232120,Sefferweich,54636,Eifelkreis Bitburg-Prüm,Rheinland-Pfalz
1176600,3257034,Seggebruch,31691,Landkreis Schaumburg,Niedersachsen
282305,9675166,Segnitz,97340,Landkreis Kitzingen,Bayern
550778,1058152,Sehestedt,24814,Kreis Rendsburg-Eckernförde,Schleswig-Holstein
1432643,3158028,Sehlde,38279,Landkreis Wolfenbüttel,Niedersachsen
1259136,7231117,Sehlem,54518,Landkreis Bernkastel-Wittlich,Rheinland-Pfalz
1437553,13073083,Sehlen,18528,Landkreis Vorpommern-Rügen,Mecklenburg-Vorpommern
536636,14521560,Sehmatal,09465,Erzgebirgskreis,Sachsen
1184254,3241016,Sehnde,31319,Region Hannover,Niedersachsen
1243985,7133095,Seibersbach,55444,Landkreis Bad Kreuznach,Rheinland-Pfalz
415718,7132104,Seifen,57632,Landkreis Altenkirchen,Rheinland-Pfalz
422230,14521570,Seiffen/Erzgebirge,09548,Erzgebirgskreis,Sachsen
418708,14626530,Seifhennersdorf,02782,Landkreis Görlitz,Sachsen
1140551,7232306,Seinsfeld,54655,Eifelkreis Bitburg-Prüm,Rheinland-Pfalz
282307,9675167,Seinsheim,97342,Landkreis Kitzingen,Bayern
2179219,16075103,Seisla,07389,Saale-Orla-Kreis,Thüringen
2457057,16074089,Seitenroda,07768,Saale-Holzland-Kreis,Thüringen
1231974,8327055,Seitingen-Oberflacht,78606,Landkreis Tuttlingen,Baden-Württemberg
1108046,7232307,Seiwerath,54597,Eifelkreis Bitburg-Prüm,Rheinland-Pfalz
1022879,9479152,Selb,95100,Landkreis Wunsiedel im Fichtelgebirge,Bayern
421223,7132105,Selbach (Sieg),57537,Landkreis Altenkirchen,Rheinland-Pfalz
1021705,9475171,Selbitz,95152,Landkreis Hof,Bayern
1246582,7336094,Selchenbach,66871,Landkreis Kusel,Rheinland-Pfalz
289960,1057077,Selent,24238,Kreis Plön,Schleswig-Holstein
158040,5370024,Selfkant,52538,Kreis Heinsberg,Nordrhein-Westfalen
659751,6438013,Seligenstadt,63500,Landkreis Offenbach,Hessen
1157531,1059078,Selk,24884,Kreis Schleswig-Flensburg,Schleswig-Holstein
1332184,15085287,Selke-Aue,06458,Landkreis Harz,Sachsen-Anhalt
1108072,7232308,Sellerich,54608,Eifelkreis Bitburg-Prüm,Rheinland-Pfalz
1437794,13073084,Sellin,18586,Landkreis Vorpommern-Rügen,Mecklenburg-Vorpommern
158455,5978032,Selm,59379,Kreis Unna,Nordrhein-Westfalen
1477861,13074076,Selmsdorf,23923,Landkreis Nordwestmecklenburg,Mecklenburg-Vorpommern
393336,13072097,Selpin,18195,Landkreis Rostock,Mecklenburg-Vorpommern
1023213,3357043,Selsingen,27446,Landkreis Rotenburg (Wümme),Niedersachsen
324312,6533014,Selters (Taunus),65618,Landkreis Limburg-Weilburg,Hessen
533594,7143067,Selters (Westerwald),56242,Westerwaldkreis,Rheinland-Pfalz
1245827,7339053,Selzen,55278,Landkreis Mainz-Bingen,Rheinland-Pfalz
1250335,7335205,Sembach,67681,Landkreis Kaiserslautern,Rheinland-Pfalz
372361,13073085,Semlow,18334,Landkreis Vorpommern-Rügen,Mecklenburg-Vorpommern
157741,5558044,Senden,48308,Kreis Coesfeld,Nordrhein-Westfalen
941091,9775152,Senden,89250,Landkreis Neu-Ulm,Bayern
152287,5570040,Sendenhorst,48324,Kreis Warendorf,Nordrhein-Westfalen
1314216,12066304,Senftenberg,01945,Landkreis Oberspreewald-Lausitz,Brandenburg
1314216,12066304,Senftenberg,01968,Landkreis Oberspreewald-Lausitz,Brandenburg
1314216,12066304,Senftenberg,01996,Landkreis Oberspreewald-Lausitz,Brandenburg
1028807,9373159,Sengenthal,92369,Landkreis Neumarkt in der Oberpfalz,Bayern
1113759,7232309,Sengerich,54619,Eifelkreis Bitburg-Prüm,Rheinland-Pfalz
1259316,7135079,Senheim,56820,Landkreis Cochem-Zell,Rheinland-Pfalz
318304,9678178,Sennfeld,97526,Landkreis Schweinfurt,Bayern
1060411,7131075,Senscheid,53520,Landkreis Ahrweiler,Rheinland-Pfalz
1245130,7134081,Sensweiler,55758,Landkreis Birkenfeld,Rheinland-Pfalz
2778412,16074091,Serba,07616,Saale-Holzland-Kreis,Thüringen
1256029,7235126,Serrig,54455,Landkreis Trier-Saarburg,Rheinland-Pfalz
405822,8118068,Sersheim,74372,Landkreis Ludwigsburg,Baden-Württemberg
532376,7143068,Sessenbach,56237,Westerwaldkreis,Rheinland-Pfalz
533595,7143069,Sessenhausen,56244,Westerwaldkreis,Rheinland-Pfalz
956860,9473165,Seßlach,96145,Landkreis Coburg,Bayern
422855,1060076,Seth,23845,Kreis Segeberg,Schleswig-Holstein
2791019,8425112,Setzingen,89129,Alb-Donau-Kreis,Baden-Württemberg
1028806,9373160,Seubersdorf in der Oberpfalz,92358,Landkreis Neumarkt in der Oberpfalz,Bayern
1016393,9573126,Seukendorf,90556,Landkreis Fürth,Bayern
1399089,3159033,Seulingen,37136,Landkreis Göttingen,Niedersachsen
1171864,7232121,Sevenig bei Neuerburg,54673,Eifelkreis Bitburg-Prüm,Rheinland-Pfalz
1113725,7232310,Sevenig (Our),54617,Eifelkreis Bitburg-Prüm,Rheinland-Pfalz
1112860,8316039,Sexau,79350,Landkreis Emmendingen,Baden-Württemberg
1071013,9472188,Seybothenreuth,95517,Landkreis Bayreuth,Bayern
6680435,3254045,Sibbesse,31079,Landkreis Hildesheim,Niedersachsen
2813153,16061086,Sickerode,37308,Landkreis Eichsfeld,Thüringen
1432655,3158030,Sickte,38173,Landkreis Wolfenbüttel,Niedersachsen
1252554,7337073,Siebeldingen,76833,Landkreis Südliche Weinstraße,Rheinland-Pfalz
548056,7137099,Siebenbach,56729,Landkreis Mayen-Koblenz,Rheinland-Pfalz
1463073,1053118,Siebenbäumen,23847,Kreis Herzogtum Lauenburg,Schleswig-Holstein
1467511,1053119,Siebeneichen,21514,Kreis Herzogtum Lauenburg,Schleswig-Holstein
1427907,13071135,Siedenbollentin,17089,Landkreis Mecklenburgische Seenplatte,Mecklenburg-Vorpommern
1427216,13071136,Siedenbrünzow,17111,Landkreis Mecklenburgische Seenplatte,Mecklenburg-Vorpommern
2014019,3251034,Siedenburg,27254,Landkreis Diepholz,Niedersachsen
1248625,7331060,Siefersheim,55599,Landkreis Alzey-Worms,Rheinland-Pfalz
215967,6532019,Siegbach,35768,Lahn-Dill-Kreis,Hessen
173121,5382060,Siegburg,53721,Rhein-Sieg-Kreis,Nordrhein-Westfalen
410527,8125087,Siegelsbach,74936,Landkreis Heilbronn,Baden-Württemberg
163256,5970040,Siegen,57072,Kreis Siegen-Wittgenstein,Nordrhein-Westfalen
163256,5970040,Siegen,57074,Kreis Siegen-Wittgenstein,Nordrhein-Westfalen
163256,5970040,Siegen,57076,Kreis Siegen-Wittgenstein,Nordrhein-Westfalen
163256,5970040,Siegen,57078,Kreis Siegen-Wittgenstein,Nordrhein-Westfalen
163256,5970040,Siegen,57080,Kreis Siegen-Wittgenstein,Nordrhein-Westfalen
956668,9273172,Siegenburg,93354,Landkreis Kelheim,Bayern
941746,9189145,Siegsdorf,83313,Landkreis Traunstein,Bayern
1384838,12067458,Siehdichum,15890,Landkreis Oder-Spree,Brandenburg
454193,1062069,Siek,22962,Kreis Stormarn,Schleswig-Holstein
161896,9771165,Sielenbach,86577,Landkreis Aichach-Friedberg,Bayern
9682243,13074094,Siemz-Niendorf,23923,Landkreis Nordwestmecklenburg,Mecklenburg-Vorpommern
1245075,7134082,Sien,55758,Landkreis Birkenfeld,Rheinland-Pfalz
1245071,7134083,Sienhachenbach,55758,Landkreis Birkenfeld,Rheinland-Pfalz
382434,1055039,Sierksdorf,23730,Kreis Ostholstein,Schleswig-Holstein
1463293,1053120,Sierksrade,23847,Kreis Herzogtum Lauenburg,Schleswig-Holstein
1060414,7131076,Sierscheid,53520,Landkreis Ahrweiler,Rheinland-Pfalz
535133,7143070,Siershahn,56427,Westerwaldkreis,Rheinland-Pfalz
1244322,7134084,Siesbach,55767,Landkreis Birkenfeld,Rheinland-Pfalz
1424136,13071137,Sietow,17209,Landkreis Mecklenburgische Seenplatte,Mecklenburg-Vorpommern
1302374,12068409,Sieversdorf-Hohenofen,16845,Landkreis Ostprignitz-Ruppin,Brandenburg
422750,1060077,Sievershütten,24641,Kreis Segeberg,Schleswig-Holstein
1149294,1059159,Sieverstedt,24885,Kreis Schleswig-Flensburg,Schleswig-Holstein
449879,13076125,Siggelkow,19376,Landkreis Ludwigslust-Parchim,Mecklenburg-Vorpommern
2805406,8437104,Sigmaringen,72488,Landkreis Sigmaringen,Baden-Württemberg
2805407,8437105,Sigmaringendorf,72517,Landkreis Sigmaringen,Baden-Württemberg
959420,9776126,Sigmarszell,88138,Landkreis Lindau,Bayern
1156158,1059079,Silberstedt,24887,Kreis Schleswig-Flensburg,Schleswig-Holstein
2778415,16074092,Silbitz,07613,Saale-Holzland-Kreis,Thüringen
1252775,7337074,Silz,76857,Landkreis Südliche Weinstraße,Rheinland-Pfalz
1424140,13071138,Silz,17214,Landkreis Mecklenburgische Seenplatte,Mecklenburg-Vorpommern
450062,1061100,Silzen,25551,Kreis Steinburg,Schleswig-Holstein
957049,9277145,Simbach,84359,Landkreis Rottal-Inn,Bayern
959909,9279135,Simbach,94436,Landkreis Dingolfing-Landau,Bayern
35117,9574158,Simmelsdorf,91245,Landkreis Nürnberger Land,Bayern
158021,5334028,Simmerath,52152,Städteregion Aachen,Nordrhein-Westfalen
453850,7143071,Simmern,56337,Westerwaldkreis,Rheinland-Pfalz
1241644,7140144,Simmern/Hunsrück,55469,Rhein-Hunsrück-Kreis,Rheinland-Pfalz
1174401,8235066,Simmersfeld,72226,Landkreis Calw,Baden-Württemberg
356740,9575163,Simmershofen,97215,Landkreis Neustadt an der Aisch-Bad Windsheim,Bayern
1244121,7133096,Simmertal,55618,Landkreis Bad Kreuznach,Rheinland-Pfalz
933497,8235067,Simmozheim,75397,Landkreis Calw,Baden-Württemberg
1402820,1054120,Simonsberg,25813,Kreis Nordfriesland,Schleswig-Holstein
73663,8316042,Simonswald,79263,Landkreis Emmendingen,Baden-Württemberg
73663,8316042,Simonswald,79271,Landkreis Emmendingen,Baden-Württemberg
722092,8115045,Sindelfingen,71063,Landkreis Böblingen,Baden-Württemberg
722092,8115045,Sindelfingen,71065,Landkreis Böblingen,Baden-Württemberg
722092,8115045,Sindelfingen,71067,Landkreis Böblingen,Baden-Württemberg
722092,8115045,Sindelfingen,71069,Landkreis Böblingen,Baden-Württemberg
936937,9190153,Sindelsdorf,82404,Landkreis Weilheim-Schongau,Bayern
2785095,8335075,Singen (Hohentwiel),78224,Landkreis Konstanz,Baden-Württemberg
540059,7141129,Singhofen,56379,Rhein-Lahn-Kreis,Rheinland-Pfalz
215974,6532020,Sinn,35764,Lahn-Dill-Kreis,Hessen
535942,6435027,Sinntal,36391,Main-Kinzig-Kreis,Hessen
453372,8226085,Sinsheim,74889,Rhein-Neckar-Kreis,Baden-Württemberg
1171859,7232122,Sinspelt,54675,Eifelkreis Bitburg-Prüm,Rheinland-Pfalz
907182,8216049,Sinzheim,76547,Landkreis Rastatt,Baden-Württemberg
571655,7131077,Sinzig,53489,Landkreis Ahrweiler,Rheinland-Pfalz
964622,9375199,Sinzing,93161,Landkreis Regensburg,Bayern
1254715,7333071,Sippersfeld,67729,Donnersbergkreis,Rheinland-Pfalz
2784816,8435053,Sipplingen,78354,Bodenseekreis,Baden-Württemberg
1469172,1053121,Sirksfelde,23898,Kreis Herzogtum Lauenburg,Schleswig-Holstein
1079028,3357044,Sittensen,27419,Landkreis Rotenburg (Wümme),Niedersachsen
1253872,7333072,Sitters,67823,Donnersbergkreis,Rheinland-Pfalz
1273292,16073084,Sitzendorf,07429,Landkreis Saalfeld-Rudolstadt,Thüringen
2186943,9187174,Söchtenau,83139,Landkreis Rosenheim,Bayern
1246732,3355034,Soderstorf,21388,Landkreis Lüneburg,Niedersachsen
153481,5974040,Soest,59494,Kreis Soest,Nordrhein-Westfalen
1744936,3454047,Sögel,49751,Landkreis Emsland,Niedersachsen
1309657,14625560,Sohland an der Spree,02689,Landkreis Bautzen,Sachsen
1168903,3254032,Söhlde,31185,Landkreis Hildesheim,Niedersachsen
1245187,7140145,Sohren,55487,Rhein-Hunsrück-Kreis,Rheinland-Pfalz
1115035,6633024,Söhrewald,34320,Landkreis Kassel,Hessen
1245185,7140146,Sohrschied,55487,Rhein-Hunsrück-Kreis,Rheinland-Pfalz
1946232,8315107,Sölden,79294,Landkreis Breisgau-Hochschwarzwald,Baden-Württemberg
62699,5122000,Solingen,42651,,Nordrhein-Westfalen
62699,5122000,Solingen,42653,,Nordrhein-Westfalen
62699,5122000,Solingen,42655,,Nordrhein-Westfalen
62699,5122000,Solingen,42657,,Nordrhein-Westfalen
62699,5122000,Solingen,42659,,Nordrhein-Westfalen
62699,5122000,Solingen,42697,,Nordrhein-Westfalen
62699,5122000,Solingen,42699,,Nordrhein-Westfalen
62699,5122000,Solingen,42719,,Nordrhein-Westfalen
2179220,16075105,Solkwitz,07381,Saale-Orla-Kreis,Thüringen
1156130,1059162,Sollerup,24852,Kreis Schleswig-Flensburg,Schleswig-Holstein
6683583,3154027,Söllingen,38387,Landkreis Helmstedt,Niedersachsen
2400613,16062049,Sollstedt,99759,Landkreis Nordhausen,Thüringen
1415323,1054123,Sollwitt,25884,Kreis Nordfriesland,Schleswig-Holstein
215980,6532021,Solms,35606,Lahn-Dill-Kreis,Hessen
1015145,9577168,Solnhofen,91807,Landkreis Weißenburg-Gunzenhausen,Bayern
1809016,3358021,Soltau,29614,Landkreis Heidekreis,Niedersachsen
1460229,3360020,Soltendieck,29594,Landkreis Uelzen,Niedersachsen
283686,9675169,Sommerach,97334,Landkreis Kitzingen,Bayern
1256954,7235129,Sommerau,54317,Landkreis Trier-Saarburg,Rheinland-Pfalz
2410104,16068051,Sömmerda,99610,Landkreis Sömmerda,Thüringen
2410104,16068051,Sömmerda,99625,Landkreis Sömmerda,Thüringen
163736,9679187,Sommerhausen,97286,Landkreis Würzburg,Bayern
534000,9671153,Sommerkahl,63825,Landkreis Aschaffenburg,Bayern
447196,1061101,Sommerland,25358,Kreis Steinburg,Schleswig-Holstein
1244209,7133098,Sommerloch,55595,Landkreis Bad Kreuznach,Rheinland-Pfalz
1286637,15083485,Sommersdorf,39365,Landkreis Börde,Sachsen-Anhalt
1427225,13071139,Sommersdorf,17111,Landkreis Mecklenburgische Seenplatte,Mecklenburg-Vorpommern
162637,9679188,Sonderhofen,97255,Landkreis Würzburg,Bayern
2389105,16065067,Sondershausen,99706,Kyffhäuserkreis,Thüringen
386921,9673167,Sondheim v.d.Rhön,97647,Landkreis Rhön-Grabfeld,Bayern
1273177,16072018,Sonneberg,96515,Landkreis Sonneberg,Thüringen
2818248,16067063,Sonneborn,99869,Landkreis Gotha,Thüringen
1416729,1054121,Sönnebüll,25821,Kreis Nordfriesland,Schleswig-Holstein
956867,9473166,Sonnefeld,96242,Landkreis Coburg,Bayern
958095,9275148,Sonnen,94164,Landkreis Passau,Bayern
1310086,12065301,Sonnenberg,16775,Landkreis Oberhavel,Brandenburg
1244317,7134085,Sonnenberg-Winnenberg,55767,Landkreis Birkenfeld,Rheinland-Pfalz
2772602,8415091,Sonnenbühl,72820,Landkreis Reutlingen,Baden-Württemberg
2807326,16061117,Sonnenstein,37345,Landkreis Eichsfeld,Thüringen
1322956,12062469,Sonnewalde,03249,Landkreis Elbe-Elster,Brandenburg
1245118,7134086,Sonnschied,55758,Landkreis Birkenfeld,Rheinland-Pfalz
58616,5170040,Sonsbeck,47665,Kreis Wesel,Nordrhein-Westfalen
958230,9778196,Sontheim,87776,Landkreis Unterallgäu,Bayern
2791734,8135031,Sontheim an der Brenz,89567,Landkreis Heidenheim,Baden-Württemberg
156999,9780139,Sonthofen,87527,Landkreis Oberallgäu,Bayern
549429,6636011,Sontra,36205,Werra-Meißner-Kreis,Hessen
548606,1058154,Sophienhamm,24806,Kreis Rendsburg-Eckernförde,Schleswig-Holstein
548519,1058153,Sören,24241,Kreis Rendsburg-Eckernförde,Schleswig-Holstein
1245310,7339054,Sörgenloch,55270,Landkreis Mainz-Bingen,Rheinland-Pfalz
418873,7132106,Sörth,57636,Landkreis Altenkirchen,Rheinland-Pfalz
1149246,1059161,Sörup,24966,Kreis Schleswig-Flensburg,Schleswig-Holstein
1269740,7135080,Sosberg,56858,Landkreis Cochem-Zell,Rheinland-Pfalz
965603,3357045,Sottrum,27367,Landkreis Rotenburg (Wümme),Niedersachsen
2186941,9187176,Soyen,83564,Landkreis Rosenheim,Bayern
1244222,7133099,Spabrücken,55595,Landkreis Bad Kreuznach,Rheinland-Pfalz
2007859,3454048,Spahnharrenstätte,49751,Landkreis Emsland,Niedersachsen
1231960,8327046,Spaichingen,78549,Landkreis Tuttlingen,Baden-Württemberg
1244225,7133100,Spall,55595,Landkreis Bad Kreuznach,Rheinland-Pfalz
158420,9576147,Spalt,91174,Landkreis Roth,Bayern
1162785,7232311,Spangdahlem,54529,Eifelkreis Bitburg-Prüm,Rheinland-Pfalz
452202,6634024,Spangenberg,34286,Schwalm-Eder-Kreis,Hessen
1432555,13075127,Spantekow,17391,Landkreis Vorpommern-Greifswald,Mecklenburg-Vorpommern
1432555,13075127,Spantekow,17392,Landkreis Vorpommern-Greifswald,Mecklenburg-Vorpommern
1016506,9572154,Spardorf,91080,Landkreis Erlangen-Höchstadt,Bayern
1021687,9475174,Sparneck,95234,Landkreis Hof,Bayern
939383,9180133,Spatzenhausen,82418,Landkreis Garmisch-Partenkirchen,Bayern
939383,9180133,Spatzenhausen,82447,Landkreis Garmisch-Partenkirchen,Bayern
544550,7137223,Spay,56322,Landkreis Mayen-Koblenz,Rheinland-Pfalz
453367,8226086,Spechbach,74937,Rhein-Neckar-Kreis,Baden-Württemberg
1162788,7232123,Speicher,54662,Eifelkreis Bitburg-Prüm,Rheinland-Pfalz
1071011,9472190,Speichersdorf,95469,Landkreis Bayreuth,Bayern
1059439,9374157,Speinshart,92676,Landkreis Neustadt an der Waldnaab,Bayern
1817105,3454049,Spelle,48480,Landkreis Emsland,Niedersachsen
147440,5758032,Spenge,32139,Kreis Herford,Nordrhein-Westfalen
1204725,7140147,Spesenroth,56288,Rhein-Hunsrück-Kreis,Rheinland-Pfalz
1050572,7131208,Spessart,56746,Landkreis Ahrweiler,Rheinland-Pfalz
62352,7318000,Speyer,67346,,Rheinland-Pfalz
958967,9272149,Spiegelau,94518,Landkreis Freyung-Grafenau,Bayern
400922,8119069,Spiegelberg,71579,Rems-Murr-Kreis,Baden-Württemberg
1187507,3462014,Spiekeroog,26474,Landkreis Wittmund,Niedersachsen
1187144,10043117,Spiesen-Elversberg,66583,Landkreis Neunkirchen,Saarland
1248411,7331061,Spiesheim,55288,Landkreis Alzey-Worms,Rheinland-Pfalz
1251069,7340049,Spirkelbach,76848,Landkreis Südwestpfalz,Rheinland-Pfalz
372337,13073086,Splietsdorf,18513,Landkreis Vorpommern-Rügen,Mecklenburg-Vorpommern
1244218,7133101,Sponheim,55595,Landkreis Bad Kreuznach,Rheinland-Pfalz
1419842,13071140,Sponholz,17039,Landkreis Mecklenburgische Seenplatte,Mecklenburg-Vorpommern
449917,13076126,Spornitz,19372,Landkreis Ludwigslust-Parchim,Mecklenburg-Vorpommern
915420,8136066,Spraitbach,73565,Ostalbkreis,Baden-Württemberg
915420,8136066,Spraitbach,73568,Ostalbkreis,Baden-Württemberg
915420,8136066,Spraitbach,73577,Ostalbkreis,Baden-Württemberg
1416964,1054124,Sprakebüll,25917,Kreis Nordfriesland,Schleswig-Holstein
1392733,3151028,Sprakensehl,29365,Landkreis Gifhorn,Niedersachsen
1384810,12067469,Spreenhagen,15528,Landkreis Oder-Spree,Brandenburg
1309580,14625570,Spreetal - Sprjewiny Doł,02979,Landkreis Bautzen,Sachsen
1388874,12061470,Spreewaldheide,15913,Landkreis Dahme-Spreewald,Brandenburg
1322562,12071372,Spremberg,03130,Landkreis Spree-Neiße,Brandenburg
1239649,7339056,Sprendlingen,55576,Landkreis Mainz-Bingen,Rheinland-Pfalz
396873,3241017,Springe,31832,Region Hannover,Niedersachsen
162829,5954028,Sprockhövel,45549,Ennepe-Ruhr-Kreis,Nordrhein-Westfalen
2411281,16068052,Sprötau,99610,Landkreis Sömmerda,Thüringen
394346,13072098,Stäbelow,18198,Landkreis Rostock,Mecklenburg-Vorpommern
444799,3359038,Stade,21680,Landkreis Stade,Niedersachsen
444799,3359038,Stade,21682,Landkreis Stade,Niedersachsen
444799,3359038,Stade,21683,Landkreis Stade,Niedersachsen
444799,3359038,Stade,21684,Landkreis Stade,Niedersachsen
1239662,7339057,Stadecken-Elsheim,55271,Landkreis Mainz-Bingen,Rheinland-Pfalz
1077533,9471189,Stadelhofen,96187,Landkreis Bamberg,Bayern
548644,3461009,Stadland,26935,Landkreis Wesermarsch,Niedersachsen
548644,3461009,Stadland,26936,Landkreis Wesermarsch,Niedersachsen
548644,3461009,Stadland,26937,Landkreis Wesermarsch,Niedersachsen
961855,9376167,Stadlern,92549,Landkreis Schwandorf,Bayern
225496,6534018,Stadtallendorf,35260,Landkreis Marburg-Biedenkopf,Hessen
406928,9772202,Stadtbergen,86391,Landkreis Augsburg,Bayern
1176598,3257035,Stadthagen,31655,Landkreis Schaumburg,Niedersachsen
1177164,16070048,Stadtilm,99326,Ilm-Kreis,Thüringen
1075992,7233240,Stadtkyll,54589,Landkreis Vulkaneifel,Rheinland-Pfalz
318749,9678181,Stadtlauringen,97488,Landkreis Schweinfurt,Bayern
162876,5554056,Stadtlohn,48703,Kreis Borken,Nordrhein-Westfalen
1184616,3255034,Stadtoldendorf,37627,Landkreis Holzminden,Niedersachsen
394510,9676158,Stadtprozelten,97909,Landkreis Miltenberg,Bayern
2778420,16074094,Stadtroda,07646,Saale-Holzland-Kreis,Thüringen
1022770,9477156,Stadtsteinach,95346,Landkreis Kulmbach,Bayern
1416963,1054125,Stadum,25917,Kreis Nordfriesland,Schleswig-Holstein
1461191,3251035,Staffhorst,27254,Landkreis Diepholz,Niedersachsen
548585,1058155,Stafstedt,24816,Kreis Rendsburg-Eckernförde,Schleswig-Holstein
1253987,7333073,Stahlberg,67808,Donnersbergkreis,Rheinland-Pfalz
453851,7143072,Stahlhofen,56412,Westerwaldkreis,Rheinland-Pfalz
535019,7143293,Stahlhofen am Wiesensee,56459,Westerwaldkreis,Rheinland-Pfalz
446688,12069604,Stahnsdorf,14532,Landkreis Potsdam-Mittelmark,Brandenburg
2800661,8425138,Staig,89195,Alb-Donau-Kreis,Baden-Württemberg
176738,1057078,Stakendorf,24217,Kreis Plön,Schleswig-Holstein
959648,9278189,Stallwang,94375,Landkreis Straubing-Bogen,Bayern
1021712,9475175,Stammbach,95236,Landkreis Hof,Bayern
942039,9171130,Stammham,84533,Landkreis Altötting,Bayern
943538,9176161,Stammham,85092,Landkreis Eichstätt,Bayern
943538,9176161,Stammham,85134,Landkreis Eichstätt,Bayern
961931,9372161,Stamsried,93491,Landkreis Cham,Bayern
1254397,7333074,Standenbühl,67816,Donnersbergkreis,Rheinland-Pfalz
1145089,1059163,Stangheck,24395,Kreis Schleswig-Flensburg,Schleswig-Holstein
8111540,1059188,Stapel,25879,Kreis Schleswig-Flensburg,Schleswig-Holstein
454246,1062071,Stapelfeld,22145,Kreis Stormarn,Schleswig-Holstein
2778489,16077044,Starkenberg,04617,Landkreis Altenburger Land,Thüringen
1261709,7231120,Starkenburg,56843,Landkreis Bernkastel-Wittlich,Rheinland-Pfalz
932485,9188139,Starnberg,82319,Landkreis Starnberg,Bayern
2778913,8416050,Starzach,72181,Landkreis Tübingen,Baden-Württemberg
82601,15089310,Staßfurt,39418,Salzlandkreis,Sachsen-Anhalt
82601,15089310,Staßfurt,39443,Salzlandkreis,Sachsen-Anhalt
82601,15089310,Staßfurt,39446,Salzlandkreis,Sachsen-Anhalt
549806,14627260,Stauchitz,01594,Landkreis Meißen,Sachsen
941731,9189146,Staudach-Egerndach,83224,Landkreis Traunstein,Bayern
1244155,7133102,Staudernheim,55568,Landkreis Bad Kreuznach,Rheinland-Pfalz
535134,7143073,Staudt,56424,Westerwaldkreis,Rheinland-Pfalz
418610,6531017,Staufenberg,35460,Landkreis Gießen,Hessen
1460890,3159034,Staufenberg,34355,Landkreis Göttingen,Niedersachsen
93594,8315108,Staufen im Breisgau,79219,Landkreis Breisgau-Hochschwarzwald,Baden-Württemberg
1419836,13071141,Staven,17039,Landkreis Mecklenburgische Seenplatte,Mecklenburg-Vorpommern
1427696,13071142,Stavenhagen,17153,Landkreis Mecklenburgische Seenplatte,Mecklenburg-Vorpommern
1748602,3454050,Stavern,49777,Landkreis Emsland,Niedersachsen
1226183,8337097,St. Blasien,79837,Landkreis Waldshut,Baden-Württemberg
444328,7138069,Stebach,56276,Landkreis Neuwied,Rheinland-Pfalz
1310089,12065310,Stechlin,16775,Landkreis Oberhavel,Brandenburg
1334493,12063293,Stechow-Ferchesar,14715,Landkreis Havelland,Brandenburg
1416965,1054126,Stedesand,25920,Kreis Nordfriesland,Schleswig-Holstein
2012458,3462015,Stedesdorf,26427,Landkreis Wittmund,Niedersachsen
556139,1058156,Steenfeld,25557,Kreis Rendsburg-Eckernförde,Schleswig-Holstein
1076002,7233241,Steffeln,54597,Landkreis Vulkaneifel,Rheinland-Pfalz
225486,6534019,Steffenberg,35239,Landkreis Marburg-Biedenkopf,Hessen
394326,13072099,Steffenshagen,18209,Landkreis Rostock,Mecklenburg-Vorpommern
1077557,9471191,Stegaurach,96135,Landkreis Bamberg,Bayern
74462,8315109,Stegen,79252,Landkreis Breisgau-Hochschwarzwald,Baden-Württemberg
417026,14524280,St. Egidien,09356,Landkreis Zwickau,Sachsen
2396127,15088355,Steigra,06268,Saalekreis,Sachsen-Anhalt
1183251,3256029,Steimbke,31634,Landkreis Nienburg/Weser,Niedersachsen
445738,7138070,Steimel,57614,Landkreis Neuwied,Rheinland-Pfalz
288258,1057079,Stein,24235,Kreis Plön,Schleswig-Holstein
1016405,9573127,Stein,90547,Landkreis Fürth,Bayern
1307650,14625580,Steina,01920,Landkreis Bautzen,Sachsen
453014,8317129,Steinach,77790,Ortenaukreis,Baden-Württemberg
959659,9278190,Steinach,94377,Landkreis Straubing-Bogen,Bayern
1273180,16072019,Steinach,96523,Landkreis Sonneberg,Thüringen
1084418,7340050,Steinalben,66851,Landkreis Südwestpfalz,Rheinland-Pfalz
1526889,3352051,Steinau,21775,Landkreis Cuxhaven,Niedersachsen
535938,6435028,Steinau an der Straße,36396,Main-Kinzig-Kreis,Hessen
1241474,7140148,Steinbach,56291,Rhein-Hunsrück-Kreis,Rheinland-Pfalz
2813805,16061089,Steinbach,37308,Landkreis Eichsfeld,Thüringen
1267644,7333075,Steinbach am Donnersberg,67808,Donnersbergkreis,Rheinland-Pfalz
1246488,7336096,Steinbach am Glan,66909,Landkreis Kusel,Rheinland-Pfalz
1021755,9476175,Steinbach am Wald,96361,Landkreis Kronach,Bayern
2818530,16066069,Steinbach-Hallenberg,98587,Landkreis Schmalkalden-Meiningen,Thüringen
417371,6434010,Steinbach (Taunus),61449,Hochtaunuskreis,Hessen
444396,14523380,Steinberg,08237,Vogtlandkreis,Sachsen
1145087,1059164,Steinberg,24972,Kreis Schleswig-Flensburg,Schleswig-Holstein
962124,9376168,Steinberg am See,92449,Landkreis Schwandorf,Bayern
2799876,1059186,Steinbergkirche,24972,Kreis Schleswig-Flensburg,Schleswig-Holstein
1248630,7331062,Stein-Bockenheim,55599,Landkreis Alzey-Worms,Rheinland-Pfalz
1140559,7232313,Steinborn,54655,Eifelkreis Bitburg-Prüm,Rheinland-Pfalz
455447,1062091,Steinburg,22964,Kreis Stormarn,Schleswig-Holstein
396002,9771168,Steindorf,82297,Landkreis Aichach-Friedberg,Bayern
453176,7143294,Steinebach an der Wied,57629,Westerwaldkreis,Rheinland-Pfalz
421918,7132107,Steinebach/Sieg,57520,Landkreis Altenkirchen,Rheinland-Pfalz
1085796,7233067,Steineberg,54552,Landkreis Vulkaneifel,Rheinland-Pfalz
534489,7143074,Steinefrenz,56414,Westerwaldkreis,Rheinland-Pfalz
533596,7143075,Steinen,56244,Westerwaldkreis,Rheinland-Pfalz
1130275,8336084,Steinen,79585,Landkreis Lörrach,Baden-Württemberg
856189,8115046,Steinenbronn,71144,Landkreis Böblingen,Baden-Württemberg
421922,7132108,Steineroth,57518,Landkreis Altenkirchen,Rheinland-Pfalz
349415,9677186,Steinfeld,97854,Landkreis Main-Spessart,Bayern
1149242,1059080,Steinfeld,24888,Kreis Schleswig-Flensburg,Schleswig-Holstein
1252833,7337076,Steinfeld,76889,Landkreis Südliche Weinstraße,Rheinland-Pfalz
1398853,3460008,Steinfeld,49439,Landkreis Vechta,Niedersachsen
155787,5566084,Steinfurt,48565,Kreis Steinfurt,Nordrhein-Westfalen
936773,9190154,Steingaden,86989,Landkreis Weilheim-Schongau,Bayern
138730,5754040,Steinhagen,33803,Kreis Gütersloh,Nordrhein-Westfalen
374143,13073087,Steinhagen,18442,Landkreis Vorpommern-Rügen,Mecklenburg-Vorpommern
1959690,13072101,Steinhagen,18246,Landkreis Rostock,Mecklenburg-Vorpommern
2801249,8426113,Steinhausen an der Rottum,88416,Landkreis Biberach,Baden-Württemberg
110471,5762032,Steinheim,32839,Kreis Höxter,Nordrhein-Westfalen
2791804,8135032,Steinheim am Albuch,73566,Landkreis Heidenheim,Baden-Württemberg
2791804,8135032,Steinheim am Albuch,89555,Landkreis Heidenheim,Baden-Württemberg
405287,8118070,Steinheim an der Murr,71711,Landkreis Ludwigsburg,Baden-Württemberg
2396184,16061091,Steinheuterode,37318,Landkreis Eichsfeld,Thüringen
1384806,12067473,Steinhöfel,15518,Landkreis Oder-Spree,Brandenburg
929926,9175137,Steinhöring,85643,Landkreis Ebersberg,Bayern
1392623,3151029,Steinhorst,29367,Landkreis Gifhorn,Niedersachsen
1463290,1053122,Steinhorst,23847,Kreis Herzogtum Lauenburg,Schleswig-Holstein
1307626,14625590,Steinigtwolmsdorf,01904,Landkreis Bautzen,Sachsen
1085797,7233068,Steiningen,54552,Landkreis Vulkaneifel,Rheinland-Pfalz
444924,3359039,Steinkirchen,21720,Landkreis Stade,Niedersachsen
934764,9177138,Steinkirchen,84439,Landkreis Erding,Bayern
907221,8216052,Steinmauern,76479,Landkreis Rastatt,Baden-Württemberg
533264,7143295,Stein-Neukirch,56479,Westerwaldkreis,Rheinland-Pfalz
1389400,12061471,Steinreich,15938,Landkreis Dahme-Spreewald,Brandenburg
537205,7141130,Steinsberg,56379,Rhein-Lahn-Kreis,Rheinland-Pfalz
534079,9571205,Steinsfeld,91628,Landkreis Ansbach,Bayern
1250499,7334030,Steinweiler,76872,Landkreis Germersheim,Rheinland-Pfalz
1253803,7335044,Steinwenden,66879,Landkreis Kaiserslautern,Rheinland-Pfalz
1021748,9476177,Steinwiesen,96349,Landkreis Kronach,Bayern
453177,7143296,Stein-Wingert,57629,Westerwaldkreis,Rheinland-Pfalz
1236171,8335077,Steißlingen,78256,Landkreis Konstanz,Baden-Württemberg
252884,3353032,Stelle,21435,Landkreis Harburg,Niedersachsen
415686,1051107,Stelle-Wittenwurth,25795,Kreis Dithmarschen,Schleswig-Holstein
191521,7335045,Stelzenberg,67705,Landkreis Kaiserslautern,Rheinland-Pfalz
357987,3357046,Stemmen,27389,Landkreis Rotenburg (Wümme),Niedersachsen
1675746,3251036,Stemshorn,49448,Landkreis Diepholz,Niedersachsen
145304,5770044,Stemwede,32351,Kreis Minden-Lübbecke,Nordrhein-Westfalen
1284750,15090535,Stendal,39576,Landkreis Stendal,Sachsen-Anhalt
3768777,13074093,Stepenitztal,23936,Landkreis Nordwestmecklenburg,Mecklenburg-Vorpommern
2186942,9187177,Stephanskirchen,83071,Landkreis Rosenheim,Bayern
959823,9271151,Stephansposching,94569,Landkreis Deggendorf,Bayern
1476158,1053123,Sterley,23883,Kreis Herzogtum Lauenburg,Schleswig-Holstein
449942,13076128,Sternberg,19406,Landkreis Ludwigslust-Parchim,Mecklenburg-Vorpommern
119785,8236061,Sternenfels,75447,Enzkreis,Baden-Württemberg
1145096,1059167,Sterup,24996,Kreis Schleswig-Flensburg,Schleswig-Holstein
957140,9778199,Stetten,87778,Landkreis Unterallgäu,Bayern
1254064,7333076,Stetten,67294,Donnersbergkreis,Rheinland-Pfalz
2784015,8435054,Stetten,88719,Bodenseekreis,Baden-Württemberg
2851522,8437107,Stetten am kalten Markt,72510,Landkreis Sigmaringen,Baden-Württemberg
388842,9674201,Stettfeld,96188,Landkreis Haßberge,Bayern
222354,3256030,Steyerberg,31595,Landkreis Nienburg/Weser,Niedersachsen
2778417,16074093,St. Gangloff,07629,Saale-Holzland-Kreis,Thüringen
1242296,8326052,St. Georgen im Schwarzwald,78112,Schwarzwald-Baar-Kreis,Baden-Württemberg
959864,9776127,Stiefenhofen,88167,Landkreis Lindau,Bayern
390789,8127104,Stimpfach,74597,Landkreis Schwäbisch Hall,Baden-Württemberg
1180884,3352052,Stinstedt,21772,Landkreis Cuxhaven,Niedersachsen
442917,1060079,Stipsdorf,23795,Kreis Segeberg,Schleswig-Holstein
1245102,7134087,Stipshausen,55758,Landkreis Birkenfeld,Rheinland-Pfalz
2773184,8415093,St. Johann,72813,Landkreis Reutlingen,Baden-Württemberg
453402,8226103,St. Leon-Rot,68789,Rhein-Neckar-Kreis,Baden-Württemberg
308238,8315094,St. Märgen,79274,Landkreis Breisgau-Hochschwarzwald,Baden-Württemberg
1236173,8335079,Stockach,78333,Landkreis Konstanz,Baden-Württemberg
382447,1055040,Stockelsdorf,23617,Kreis Ostholstein,Schleswig-Holstein
1152708,7232124,Stockem,54646,Eifelkreis Bitburg-Prüm,Rheinland-Pfalz
451717,7143297,Stockhausen-Illfurth,56472,Westerwaldkreis,Rheinland-Pfalz
386932,9673170,Stockheim,97640,Landkreis Rhön-Grabfeld,Bayern
1021761,9476178,Stockheim,96342,Landkreis Kronach,Bayern
1183245,3256031,Stöckse,31638,Landkreis Nienburg/Weser,Niedersachsen
405626,1060080,Stocksee,24326,Kreis Segeberg,Schleswig-Holstein
443926,6433013,Stockstadt,64589,Kreis Groß-Gerau,Hessen
534354,9671155,Stockstadt am Main,63811,Landkreis Aschaffenburg,Bayern
535020,7143298,Stockum-Püschen,56459,Westerwaldkreis,Rheinland-Pfalz
915560,8136068,Stödtlen,73495,Ostalbkreis,Baden-Württemberg
1460246,3360022,Stoetze,29597,Landkreis Uelzen,Niedersachsen
157996,5334032,Stolberg,52222,Städteregion Aachen,Nordrhein-Westfalen
157996,5334032,Stolberg,52223,Städteregion Aachen,Nordrhein-Westfalen
157996,5334032,Stolberg,52224,Städteregion Aachen,Nordrhein-Westfalen
1149335,1059081,Stolk,24890,Kreis Schleswig-Flensburg,Schleswig-Holstein
536019,14521590,Stollberg/Erzgebirge,09366,Erzgebirgskreis,Sachsen
310416,1057080,Stolpe,24601,Kreis Plön,Schleswig-Holstein
449895,13076129,Stolpe,19372,Landkreis Ludwigslust-Parchim,Mecklenburg-Vorpommern
1432534,13075128,Stolpe an der Peene,17391,Landkreis Vorpommern-Greifswald,Mecklenburg-Vorpommern
1433098,13075129,Stolpe auf Usedom,17406,Landkreis Vorpommern-Greifswald,Mecklenburg-Vorpommern
534528,14628380,Stolpen,01833,Landkreis Sächsische Schweiz-Osterzgebirge,Sachsen
1145352,1059168,Stoltebüll,24409,Kreis Schleswig-Flensburg,Schleswig-Holstein
189482,1057081,Stoltenberg,24256,Kreis Plön,Schleswig-Holstein
1183244,3256032,Stolzenau,31592,Landkreis Nienburg/Weser,Niedersachsen
1302370,12068413,Storbeck-Frankendorf,16818,Landkreis Ostprignitz-Ruppin,Brandenburg
448713,1061102,Stördorf,25554,Kreis Steinburg,Schleswig-Holstein
450220,1061103,Störkathen,25548,Kreis Steinburg,Schleswig-Holstein
1384845,12067481,Storkow (Mark),15859,Landkreis Oder-Spree,Brandenburg
1059458,9374158,Störnstein,92721,Landkreis Neustadt an der Waldnaab,Bayern
2404087,15084470,Stößen,06667,Burgenlandkreis,Sachsen-Anhalt
448120,9777171,Stötten a.Auerberg,87675,Landkreis Ostallgäu,Bayern
447639,9777172,Stöttwang,87677,Landkreis Ostallgäu,Bayern
1950429,8315095,St. Peter,79271,Landkreis Breisgau-Hochschwarzwald,Baden-Württemberg
168000,5154052,Straelen,47638,Kreis Kleve,Nordrhein-Westfalen
387467,9673171,Strahlungen,97618,Landkreis Rhön-Grabfeld,Bayern
1451547,13076130,Stralendorf,19073,Landkreis Ludwigslust-Parchim,Mecklenburg-Vorpommern
26225,13073088,Stralsund,18435,Landkreis Vorpommern-Rügen,Mecklenburg-Vorpommern
26225,13073088,Stralsund,18437,Landkreis Vorpommern-Rügen,Mecklenburg-Vorpommern
26225,13073088,Stralsund,18439,Landkreis Vorpommern-Rügen,Mecklenburg-Vorpommern
554638,1058157,Strande,24229,Kreis Rendsburg-Eckernförde,Schleswig-Holstein
1410799,13075130,Strasburg (Uckermark),17335,Landkreis Vorpommern-Greifswald,Mecklenburg-Vorpommern
2797574,8417063,Straßberg,72479,Zollernalbkreis,Baden-Württemberg
444708,7138071,Straßenhaus,56587,Landkreis Neuwied,Rheinland-Pfalz
959666,9278192,Straßkirchen,94342,Landkreis Straubing-Bogen,Bayern
929726,9184144,Straßlach-Dingharting,82064,Landkreis München,Bayern
57975,8236072,Straubenhardt,75334,Enzkreis,Baden-Württemberg
62636,9263000,Straubing,94315,,Bayern
1270362,16069049,Straufhain,98646,Landkreis Hildburghausen,Thüringen
1388879,12061476,Straupitz (Spreewald),15913,Landkreis Dahme-Spreewald,Brandenburg
1332939,12064472,Strausberg,15344,Landkreis Märkisch-Oderland,Brandenburg
2411249,16068053,Straußfurt,99634,Landkreis Sömmerda,Thüringen
551074,14627270,Strehla,01616,Landkreis Meißen,Sachsen
453178,7143299,Streithausen,57629,Westerwaldkreis,Rheinland-Pfalz
1113757,7232315,Strickscheid,54597,Eifelkreis Bitburg-Prüm,Rheinland-Pfalz
411425,14522540,Striegistal,09661,Landkreis Mittelsachsen,Sachsen
1451595,13076131,Strohkirchen,19230,Landkreis Ludwigslust-Parchim,Mecklenburg-Vorpommern
1085803,7233070,Strohn,54558,Landkreis Vulkaneifel,Rheinland-Pfalz
1243984,7133103,Stromberg,55442,Landkreis Bad Kreuznach,Rheinland-Pfalz
1085798,7233071,Strotzbüsch,54552,Landkreis Vulkaneifel,Rheinland-Pfalz
447963,1051108,Strübbel,25792,Kreis Dithmarschen,Schleswig-Holstein
1415599,1054128,Struckum,25821,Kreis Nordfriesland,Schleswig-Holstein
442916,1060081,Strukdorf,23815,Kreis Segeberg,Schleswig-Holstein
1077562,9471195,Strullendorf,96129,Landkreis Bamberg,Bayern
534524,14628390,Struppen,01796,Landkreis Sächsische Schweiz-Osterzgebirge,Sachsen
540472,7141131,Strüth,56357,Rhein-Lahn-Kreis,Rheinland-Pfalz
422749,1060082,Struvenhütten,24643,Kreis Segeberg,Schleswig-Holstein
1149343,1059082,Struxdorf,24891,Kreis Schleswig-Flensburg,Schleswig-Holstein
1463292,1053124,Stubben,23847,Kreis Herzogtum Lauenburg,Schleswig-Holstein
393344,13072102,Stubbendorf,18195,Landkreis Rostock,Mecklenburg-Vorpommern
957060,9277147,Stubenberg,94166,Landkreis Rottal-Inn,Bayern
1302361,12068417,Stüdenitz-Schönermark,16845,Landkreis Ostprignitz-Ruppin,Brandenburg
1424158,13071143,Stuer,17209,Landkreis Mecklenburgische Seenplatte,Mecklenburg-Vorpommern
2785268,8337106,Stühlingen,79780,Landkreis Waldshut,Baden-Württemberg
20681,3251037,Stuhr,28816,Landkreis Diepholz,Niedersachsen
962183,9376169,Stulln,92551,Landkreis Schwandorf,Bayern
416403,7132109,Stürzelbach,57614,Landkreis Altenkirchen,Rheinland-Pfalz
659821,8215109,Stutensee,76297,Landkreis Karlsruhe,Baden-Württemberg
2793104,8111000,Stuttgart,70173,,Baden-Württemberg
2793104,8111000,Stuttgart,70174,,Baden-Württemberg
2793104,8111000,Stuttgart,70176,,Baden-Württemberg
2793104,8111000,Stuttgart,70178,,Baden-Württemberg
2793104,8111000,Stuttgart,70180,,Baden-Württemberg
2793104,8111000,Stuttgart,70182,,Baden-Württemberg
2793104,8111000,Stuttgart,70184,,Baden-Württemberg
2793104,8111000,Stuttgart,70186,,Baden-Württemberg
2793104,8111000,Stuttgart,70188,,Baden-Württemberg
2793104,8111000,Stuttgart,70190,,Baden-Württemberg
2793104,8111000,Stuttgart,70191,,Baden-Württemberg
2793104,8111000,Stuttgart,70192,,Baden-Württemberg
2793104,8111000,Stuttgart,70193,,Baden-Württemberg
2793104,8111000,Stuttgart,70195,,Baden-Württemberg
2793104,8111000,Stuttgart,70197,,Baden-Württemberg
2793104,8111000,Stuttgart,70199,,Baden-Württemberg
2793104,8111000,Stuttgart,70327,,Baden-Württemberg
2793104,8111000,Stuttgart,70329,,Baden-Württemberg
2793104,8111000,Stuttgart,70372,,Baden-Württemberg
2793104,8111000,Stuttgart,70374,,Baden-Württemberg
2793104,8111000,Stuttgart,70376,,Baden-Württemberg
2793104,8111000,Stuttgart,70378,,Baden-Württemberg
2793104,8111000,Stuttgart,70435,,Baden-Württemberg
2793104,8111000,Stuttgart,70437,,Baden-Württemberg
2793104,8111000,Stuttgart,70439,,Baden-Württemberg
2793104,8111000,Stuttgart,70469,,Baden-Württemberg
2793104,8111000,Stuttgart,70499,,Baden-Württemberg
2793104,8111000,Stuttgart,70563,,Baden-Württemberg
2793104,8111000,Stuttgart,70565,,Baden-Württemberg
2793104,8111000,Stuttgart,70567,,Baden-Württemberg
2793104,8111000,Stuttgart,70569,,Baden-Württemberg
2793104,8111000,Stuttgart,70597,,Baden-Württemberg
2793104,8111000,Stuttgart,70599,,Baden-Württemberg
2793104,8111000,Stuttgart,70619,,Baden-Württemberg
2793104,8111000,Stuttgart,70629,,Baden-Württemberg
418999,14521600,Stützengrün,08328,Erzgebirgskreis,Sachsen
422848,1060084,Stuvenborn,24641,Kreis Segeberg,Schleswig-Holstein
898634,3452023,Südbrookmerland,26624,Landkreis Aurich,Niedersachsen
898634,3452023,Südbrookmerland,26759,Landkreis Aurich,Niedersachsen
2902868,16064074,Südeichsfeld,99976,Unstrut-Hainich-Kreis,Thüringen
2902868,16064074,Südeichsfeld,99988,Unstrut-Hainich-Kreis,Thüringen
447255,1061104,Süderau,25361,Kreis Steinburg,Schleswig-Holstein
1149240,1059083,Süderbrarup,24392,Kreis Schleswig-Flensburg,Schleswig-Holstein
1460233,3360023,Suderburg,29556,Landkreis Uelzen,Niedersachsen
447964,1051109,Süderdeich,25764,Kreis Dithmarschen,Schleswig-Holstein
966769,1051139,Süderdorf,25782,Kreis Dithmarschen,Schleswig-Holstein
1428587,1054129,Süderende,25938,Kreis Nordfriesland,Schleswig-Holstein
1149337,1059084,Süderfahrenstedt,24890,Kreis Schleswig-Flensburg,Schleswig-Holstein
1709452,3355035,Südergellersen,21394,Landkreis Lüneburg,Niedersachsen
1284746,15090546,Tangerhütte,39517,Landkreis Stendal,Sachsen-Anhalt
1156125,1059169,Süderhackstedt,24852,Kreis Schleswig-Flensburg,Schleswig-Holstein
1156125,1059169,Süderhackstedt,24992,Kreis Schleswig-Flensburg,Schleswig-Holstein
939489,1051110,Süderhastedt,25727,Kreis Dithmarschen,Schleswig-Holstein
962282,1051141,Süderheistedt,25779,Kreis Dithmarschen,Schleswig-Holstein
1403981,1054130,Süderhöft,25876,Kreis Nordfriesland,Schleswig-Holstein
372322,13073089,Süderholz,18516,Landkreis Vorpommern-Rügen,Mecklenburg-Vorpommern
1418485,1054131,Süderlügum,25923,Kreis Nordfriesland,Schleswig-Holstein
1405170,1054132,Südermarsch,25813,Kreis Nordfriesland,Schleswig-Holstein
1405170,1054132,Südermarsch,25840,Kreis Nordfriesland,Schleswig-Holstein
2398912,15087412,Südharz,06536,Landkreis Mansfeld-Südharz,Sachsen-Anhalt
4447328,3351026,Südheide,29303,Landkreis Celle,Niedersachsen
4447328,3351026,Südheide,29320,Landkreis Celle,Niedersachsen
4447328,3351026,Südheide,29345,Landkreis Celle,Niedersachsen
2414809,15082377,Südliches Anhalt,06369,Landkreis Anhalt-Bitterfeld,Sachsen-Anhalt
2414809,15082377,Südliches Anhalt,06386,Landkreis Anhalt-Bitterfeld,Sachsen-Anhalt
2414809,15082377,Südliches Anhalt,06388,Landkreis Anhalt-Bitterfeld,Sachsen-Anhalt
162731,5554060,Südlohn,46354,Kreis Borken,Nordrhein-Westfalen
9683134,13071176,Südmüritz,17207,Landkreis Mecklenburgische Seenplatte,Mecklenburg-Vorpommern
1461202,3251038,Sudwalde,27257,Landkreis Diepholz,Niedersachsen
356750,9575165,Sugenheim,91438,Landkreis Neustadt an der Aisch-Bad Windsheim,Bayern
356750,9575165,Sugenheim,91484,Landkreis Neustadt an der Aisch-Bad Windsheim,Bayern
62450,16054000,Suhl,98527,,Thüringen
62450,16054000,Suhl,98528,,Thüringen
62450,16054000,Suhl,98529,,Thüringen
1460232,3360024,Suhlendorf,29562,Landkreis Uelzen,Niedersachsen
449929,13076133,Sukow,19079,Landkreis Ludwigslust-Parchim,Mecklenburg-Vorpommern
2020636,13072103,Sukow-Levitzow,17168,Landkreis Rostock,Mecklenburg-Vorpommern
422730,1060085,Sülfeld,23845,Kreis Segeberg,Schleswig-Holstein
422730,1060085,Sülfeld,23867,Kreis Segeberg,Schleswig-Holstein
1250475,3251040,Sulingen,27232,Landkreis Diepholz,Niedersachsen
1152681,7232125,Sülm,54636,Eifelkreis Bitburg-Prüm,Rheinland-Pfalz
1451594,13076134,Sülstorf,19077,Landkreis Ludwigslust-Parchim,Mecklenburg-Vorpommern
2458466,16074095,Sulza,07751,Saale-Holzland-Kreis,Thüringen
943740,8325057,Sulz am Neckar,72172,Landkreis Rottweil,Baden-Württemberg
540065,7141132,Sulzbach,56379,Rhein-Lahn-Kreis,Rheinland-Pfalz
1245105,7134088,Sulzbach,55758,Landkreis Birkenfeld,Rheinland-Pfalz
395352,9676160,Sulzbach am Main,63834,Landkreis Miltenberg,Bayern
404652,8119075,Sulzbach an der Murr,71560,Rems-Murr-Kreis,Baden-Württemberg
391361,8127079,Sulzbach-Laufen,74429,Landkreis Schwäbisch Hall,Baden-Württemberg
1028552,9371151,Sulzbach-Rosenberg,92237,Landkreis Amberg-Sulzbach,Bayern
1184877,10041518,Sulzbach/Saar,66280,Regionalverband Saarbrücken,Saarland
1253783,7335046,Sulzbachtal,67734,Landkreis Kaiserslautern,Rheinland-Pfalz
414856,6436012,Sulzbach (Taunus),65843,Main-Taunus-Kreis,Hessen
957730,9780140,Sulzberg,87477,Landkreis Oberallgäu,Bayern
271658,8315111,Sulzburg,79295,Landkreis Breisgau-Hochschwarzwald,Baden-Württemberg
387528,9673172,Sulzdorf a.d.Lederhecke,97528,Landkreis Rhön-Grabfeld,Bayern
934455,9174146,Sulzemoos,85254,Landkreis Dachau,Bayern
934455,9174146,Sulzemoos,85259,Landkreis Dachau,Bayern
75589,15083490,Sülzetal,39171,Landkreis Börde,Sachsen-Anhalt
387531,9673173,Sulzfeld,97633,Landkreis Rhön-Grabfeld,Bayern
659838,8215082,Sulzfeld,75056,Landkreis Karlsruhe,Baden-Württemberg
2247389,16066073,Sülzfeld,98617,Landkreis Schmalkalden-Meiningen,Thüringen
282347,9675170,Sulzfeld am Main,97320,Landkreis Kitzingen,Bayern
318259,9678183,Sulzheim,97529,Landkreis Schweinfurt,Bayern
1248403,7331063,Sulzheim,55286,Landkreis Alzey-Worms,Rheinland-Pfalz
383590,9672155,Sulzthal,97717,Landkreis Bad Kissingen,Bayern
966628,9375201,Sünching,93104,Landkreis Regensburg,Bayern
157395,5958044,Sundern,59846,Hochsauerlandkreis,Nordrhein-Westfalen
371524,13073090,Sundhagen,18519,Landkreis Vorpommern-Rügen,Mecklenburg-Vorpommern
2903169,16064061,Sundhausen,99947,Unstrut-Hainich-Kreis,Thüringen
1446665,3154021,Süpplingen,38373,Landkreis Helmstedt,Niedersachsen
1446658,3154022,Süpplingenburg,38376,Landkreis Helmstedt,Niedersachsen
941744,9189148,Surberg,83362,Landkreis Traunstein,Bayern
1474251,3454051,Surwold,26903,Landkreis Emsland,Niedersachsen
382407,1055041,Süsel,23701,Kreis Ostholstein,Schleswig-Holstein
2792112,8117049,Süßen,73079,Landkreis Göppingen,Baden-Württemberg
2010636,3454052,Sustrum,49762,Landkreis Emsland,Niedersachsen
1169363,3257036,Suthfeld,31555,Landkreis Schaumburg,Niedersachsen
172208,5382064,Swisttal,53913,Rhein-Sieg-Kreis,Nordrhein-Westfalen
1318358,12060250,Sydower Fließ,16230,Landkreis Barnim,Brandenburg
20680,3251041,Syke,28857,Landkreis Diepholz,Niedersachsen
1147134,1054168,Sylt,25980,Kreis Nordfriesland,Schleswig-Holstein
956147,9773170,Syrgenstein,89428,Landkreis Dillingen an der Donau,Bayern
1149333,1059086,Taarstedt,24893,Kreis Schleswig-Flensburg,Schleswig-Holstein
1256021,7235131,Taben-Rodt,54441,Landkreis Trier-Saarburg,Rheinland-Pfalz
941603,9189149,Tacherting,83342,Landkreis Traunstein,Bayern
941675,9189150,Taching am See,83373,Landkreis Traunstein,Bayern
548604,1058158,Tackesdorf,24797,Kreis Rendsburg-Eckernförde,Schleswig-Holstein
548604,1058158,Tackesdorf,25585,Kreis Rendsburg-Eckernförde,Schleswig-Holstein
915421,8136070,Täferrot,73527,Ostalbkreis,Baden-Württemberg
962641,9779217,Tagmersheim,86704,Landkreis Donau-Ries,Bayern
410496,8125094,Talheim,74388,Landkreis Heilbronn,Baden-Württemberg
1231985,8327048,Talheim,78607,Landkreis Tuttlingen,Baden-Württemberg
1466111,1053125,Talkau,21493,Kreis Herzogtum Lauenburg,Schleswig-Holstein
1258418,7231122,Talling,54426,Landkreis Bernkastel-Wittlich,Rheinland-Pfalz
2801687,16067065,Tambach-Dietharz,99897,Landkreis Gotha,Thüringen
405808,8118071,Tamm,71732,Landkreis Ludwigsburg,Baden-Württemberg
1284746,15090546,Tangerhütte,39579,Landkreis Stendal,Sachsen-Anhalt
1284739,15090550,Tangermünde,39590,Landkreis Stendal,Sachsen-Anhalt
443706,1056047,Tangstedt,25499,Kreis Pinneberg,Schleswig-Holstein
444300,1062076,Tangstedt,22889,Kreis Stormarn,Schleswig-Holstein
957064,9277148,Tann,84367,Landkreis Rottal-Inn,Bayern
2179222,16075132,Tanna,07922,Saale-Orla-Kreis,Thüringen
536591,14521610,Tannenberg,09468,Erzgebirgskreis,Sachsen
1059455,9374159,Tännesberg,92723,Landkreis Neustadt an der Waldnaab,Bayern
915559,8136071,Tannhausen,73497,Ostalbkreis,Baden-Württemberg
2801212,8426117,Tannheim,88459,Landkreis Biberach,Baden-Württemberg
454866,6631023,Tann (Rhön),36142,Landkreis Fulda,Hessen
1334100,12073565,Tantow,16307,Landkreis Uckermark,Brandenburg
962450,9779218,Tapfheim,86660,Landkreis Donau-Ries,Bayern
1355681,3151030,Tappenbeck,38479,Landkreis Gifhorn,Niedersachsen
548593,1058159,Tappendorf,24594,Kreis Rendsburg-Eckernförde,Schleswig-Holstein
406332,1060086,Tarbek,24619,Kreis Segeberg,Schleswig-Holstein
965609,3357047,Tarmstedt,27412,Landkreis Rotenburg (Wümme),Niedersachsen
1963383,13072104,Tarnow,18249,Landkreis Rostock,Mecklenburg-Vorpommern
1149295,1059171,Tarp,24963,Kreis Schleswig-Flensburg,Schleswig-Holstein
310412,1057083,Tasdorf,24536,Kreis Plön,Schleswig-Holstein
2395916,16061094,Tastungen,37339,Landkreis Eichsfeld,Thüringen
1395342,1054134,Tating,25881,Kreis Nordfriesland,Schleswig-Holstein
401806,8128115,Tauberbischofsheim,97941,Main-Tauber-Kreis,Baden-Württemberg
162672,9679192,Tauberrettersheim,97285,Landkreis Würzburg,Bayern
445118,14730300,Taucha,04425,Landkreis Nordsachsen,Sachsen
1384802,12067493,Tauche,15848,Landkreis Oder-Spree,Brandenburg
1322806,12071384,Tauer,03185,Landkreis Spree-Neiße,Brandenburg
536184,9184145,Taufkirchen,82024,Landkreis München,Bayern
934755,9177139,Taufkirchen,84416,Landkreis Erding,Bayern
940961,9183145,Taufkirchen,84574,Landkreis Mühldorf am Inn,Bayern
412432,6439015,Taunusstein,65232,Rheingau-Taunus-Kreis,Hessen
414482,14522550,Taura,09249,Landkreis Mittelsachsen,Sachsen
2778422,16074096,Tautenburg,07778,Saale-Holzland-Kreis,Thüringen
2778426,16074097,Tautendorf,07646,Saale-Holzland-Kreis,Thüringen
2778429,16074098,Tautenhain,07639,Saale-Holzland-Kreis,Thüringen
1255964,7235132,Tawern,54456,Landkreis Trier-Saarburg,Rheinland-Pfalz
548512,1058160,Techelsdorf,24220,Kreis Rendsburg-Eckernförde,Schleswig-Holstein
449911,13076135,Techentin,19399,Landkreis Ludwigslust-Parchim,Mecklenburg-Vorpommern
155574,5566088,Tecklenburg,49545,Kreis Steinfurt,Nordrhein-Westfalen
2179223,16075109,Tegau,07907,Saale-Orla-Kreis,Thüringen
964615,9375204,Tegernheim,93105,Landkreis Regensburg,Bayern
935954,9182132,Tegernsee,83684,Landkreis Miesbach,Bayern
1322804,12071386,Teichland,03185,Landkreis Spree-Neiße,Brandenburg
2792898,16076074,Teichwitz,07570,Landkreis Greiz,Thüringen
941760,9172134,Teisendorf,83317,Landkreis Berchtesgadener Land,Bayern
941760,9172134,Teisendorf,83364,Landkreis Berchtesgadener Land,Bayern
942025,9171131,Teising,84576,Landkreis Altötting,Bayern
959153,9276143,Teisnach,94244,Landkreis Regen,Bayern
2393877,16061114,Teistungen,37339,Landkreis Eichsfeld,Thüringen
1451558,13076136,Teldau,19273,Landkreis Ludwigslust-Parchim,Mecklenburg-Vorpommern
152290,5570044,Telgte,48291,Kreis Warendorf,Nordrhein-Westfalen
1269730,7135081,Tellig,56858,Landkreis Cochem-Zell,Rheinland-Pfalz
966778,1051114,Tellingstedt,25782,Kreis Dithmarschen,Schleswig-Holstein
447979,12069616,Teltow,14513,Landkreis Potsdam-Mittelmark,Brandenburg
1255969,7235133,Temmels,54441,Landkreis Trier-Saarburg,Rheinland-Pfalz
1334111,12073569,Temmen-Ringenwalde,17268,Landkreis Uckermark,Brandenburg
1302396,12068425,Temnitzquell,16818,Landkreis Ostprignitz-Ruppin,Brandenburg
1302382,12068426,Temnitztal,16845,Landkreis Ostprignitz-Ruppin,Brandenburg
1334098,12073572,Templin,17268,Landkreis Uckermark,Brandenburg
2785260,8335080,Tengen,78250,Landkreis Konstanz,Baden-Württemberg
1124271,8316043,Teningen,79312,Landkreis Emmendingen,Baden-Württemberg
1124271,8316043,Teningen,79331,Landkreis Emmendingen,Baden-Württemberg
423041,1051138,Tensbüttel-Röst,25767,Kreis Dithmarschen,Schleswig-Holstein
406356,1060087,Tensfeld,23824,Kreis Segeberg,Schleswig-Holstein
1253982,7333077,Teschenmoschel,67806,Donnersbergkreis,Rheinland-Pfalz
279236,3353033,Tespe,21395,Landkreis Harburg,Niedersachsen
393342,13072105,Tessin,18195,Landkreis Rostock,Mecklenburg-Vorpommern
1451513,13076138,Tessin b. Boizenburg,19258,Landkreis Ludwigslust-Parchim,Mecklenburg-Vorpommern
1481613,13074077,Testorf-Steinfort,23936,Landkreis Nordwestmecklenburg,Mecklenburg-Vorpommern
1397063,1054135,Tetenbüll,25882,Kreis Nordfriesland,Schleswig-Holstein
1157801,1059087,Tetenhusen,24817,Kreis Schleswig-Flensburg,Schleswig-Holstein
1996944,13072106,Teterow,17166,Landkreis Rostock,Mecklenburg-Vorpommern
1021747,9476179,Tettau,96355,Landkreis Kronach,Bayern
1314272,12066316,Tettau,01945,Landkreis Oberspreewald-Lausitz,Brandenburg
958098,9275149,Tettenweis,94167,Landkreis Passau,Bayern
2783824,8435057,Tettnang,88069,Bodenseekreis,Baden-Württemberg
2783824,8435057,Tettnang,88079,Bodenseekreis,Baden-Württemberg
962125,9376170,Teublitz,93158,Landkreis Schwandorf,Bayern
2405054,15084490,Teuchern,06682,Burgenlandkreis,Sachsen-Anhalt
956655,9273175,Teugn,93356,Landkreis Kelheim,Bayern
961858,9376171,Teunz,92552,Landkreis Schwandorf,Bayern
1389622,12061492,Teupitz,15755,Landkreis Dahme-Spreewald,Brandenburg
1021743,9476180,Teuschnitz,96358,Landkreis Kronach,Bayern
2406635,15088365,Teutschenthal,06179,Saalekreis,Sachsen-Anhalt
556107,1058161,Thaden,25557,Kreis Rendsburg-Eckernförde,Schleswig-Holstein
933961,9181142,Thaining,86943,Landkreis Landsberg am Lech,Bayern
1332263,15085330,Thale,06502,Landkreis Harz,Sachsen-Anhalt
1251031,7340051,Thaleischweiler-Fröschen,66987,Landkreis Südwestpfalz,Rheinland-Pfalz
1258415,7231123,Thalfang,54424,Landkreis Bernkastel-Wittlich,Rheinland-Pfalz
443255,7138072,Thalhausen,56584,Landkreis Neuwied,Rheinland-Pfalz
536010,14521620,Thalheim/Erzgebirge,09380,Erzgebirgskreis,Sachsen
1246587,7336097,Thallichtenberg,66871,Landkreis Kusel,Rheinland-Pfalz
422920,14729380,Thallwitz,04808,Landkreis Leipzig,Sachsen
964617,9375205,Thalmassing,93107,Landkreis Regensburg,Bayern
158565,9576148,Thalmässing,91177,Landkreis Roth,Bayern
2396265,16061096,Thalwenden,37318,Landkreis Eichsfeld,Thüringen
1444918,13074078,Thandorf,19217,Landkreis Nordwestmecklenburg,Mecklenburg-Vorpommern
963832,9774185,Thannhausen,86470,Landkreis Günzburg,Bayern
961857,9376172,Thanstein,92554,Landkreis Schwandorf,Bayern
455470,14628400,Tharandt,01737,Landkreis Sächsische Schweiz-Osterzgebirge,Sachsen
1292742,3361013,Thedinghausen,27321,Landkreis Verden,Niedersachsen
1015104,9577172,Theilenhofen,91741,Landkreis Weißenburg-Gunzenhausen,Bayern
163739,9679193,Theilheim,97288,Landkreis Würzburg,Bayern
1246591,7336098,Theisbergstegen,66871,Landkreis Kusel,Rheinland-Pfalz
1059450,9374160,Theisseil,92637,Landkreis Neustadt an der Waldnaab,Bayern
393343,13072107,Thelkow,18195,Landkreis Rostock,Mecklenburg-Vorpommern
1273308,16069051,Themar,98660,Landkreis Hildburghausen,Thüringen
387769,9674180,Theres,97531,Landkreis Haßberge,Bayern
536631,14521630,Thermalbad Wiesenbad,09488,Erzgebirgskreis,Sachsen
444320,14523410,Theuma,08541,Vogtlandkreis,Sachsen
5818676,14627290,Thiendorf,01561,Landkreis Meißen,Sachsen
445865,9772207,Thierhaupten,86672,Landkreis Augsburg,Bayern
2778431,16074099,Thierschneck,07774,Saale-Holzland-Kreis,Thüringen
1022891,9479158,Thiersheim,95707,Landkreis Wunsiedel im Fichtelgebirge,Bayern
1022875,9479159,Thierstein,95199,Landkreis Wunsiedel im Fichtelgebirge,Bayern
1184606,10046118,Tholey,66636,Landkreis St. Wendel,Saarland
1387434,3355036,Thomasburg,21401,Landkreis Lüneburg,Niedersachsen
1256944,7235135,Thomm,54317,Landkreis Trier-Saarburg,Rheinland-Pfalz
2778490,16077047,Thonhausen,04626,Landkreis Altenburger Land,Thüringen
1182306,7140149,Thörlingen,56291,Rhein-Hunsrück-Kreis,Rheinland-Pfalz
1255911,7235134,Thörnich,54340,Landkreis Trier-Saarburg,Rheinland-Pfalz
2006849,3454053,Thuine,49832,Landkreis Emsland,Niedersachsen
393350,13072108,Thulendorf,18184,Landkreis Rostock,Mecklenburg-Vorpommern
536587,14521640,Thum,09419,Erzgebirgskreis,Sachsen
557141,1058162,Thumby,24351,Kreis Rendsburg-Eckernförde,Schleswig-Holstein
383673,9672157,Thundorf i.UFr.,97711,Landkreis Bad Kissingen,Bayern
335434,9677189,Thüngen,97289,Landkreis Main-Spessart,Bayern
181163,9679194,Thüngersheim,97291,Landkreis Würzburg,Bayern
544237,7137101,Thür,56743,Landkreis Mayen-Koblenz,Rheinland-Pfalz
1996948,13072109,Thürkow,17168,Landkreis Rostock,Mecklenburg-Vorpommern
958947,9272150,Thurmansbang,94169,Landkreis Freyung-Grafenau,Bayern
1022773,9477157,Thurnau,95349,Landkreis Kulmbach,Bayern
958138,9275150,Thyrnau,94136,Landkreis Passau,Bayern
1330072,3151031,Tiddische,38473,Landkreis Gifhorn,Niedersachsen
191256,9274182,Tiefenbach,84184,Landkreis Landshut,Bayern
958103,9275151,Tiefenbach,94113,Landkreis Passau,Bayern
960509,9372163,Tiefenbach,93464,Landkreis Cham,Bayern
1241652,7140150,Tiefenbach,55471,Rhein-Hunsrück-Kreis,Rheinland-Pfalz
2801352,8426118,Tiefenbach,88422,Landkreis Biberach,Baden-Württemberg
307959,8236062,Tiefenbronn,75233,Enzkreis,Baden-Württemberg
1244014,7133104,Tiefenthal,55546,Landkreis Bad Kreuznach,Rheinland-Pfalz
1249750,7332044,Tiefenthal,67311,Landkreis Bad Dürkheim,Rheinland-Pfalz
1157806,1059088,Tielen,24803,Kreis Schleswig-Flensburg,Schleswig-Holstein
966681,1051117,Tielenhemme,25794,Kreis Dithmarschen,Schleswig-Holstein
548560,1058163,Timmaspe,24644,Kreis Rendsburg-Eckernförde,Schleswig-Holstein
382444,1055042,Timmendorfer Strand,23669,Kreis Ostholstein,Schleswig-Holstein
1417216,1054136,Tinningstedt,25917,Kreis Nordfriesland,Schleswig-Holstein
444319,14523420,Tirpersdorf,08606,Vogtlandkreis,Sachsen
968889,9377154,Tirschenreuth,95643,Landkreis Tirschenreuth,Bayern
2778433,16074101,Tissa,07646,Saale-Holzland-Kreis,Thüringen
1079023,3357048,Tiste,27419,Landkreis Rotenburg (Wümme),Niedersachsen
319155,8315113,Titisee-Neustadt,79822,Landkreis Breisgau-Hochschwarzwald,Baden-Württemberg
943549,9176164,Titting,85135,Landkreis Eichstätt,Bayern
958096,9275152,Tittling,94104,Landkreis Passau,Bayern
941656,9189152,Tittmoning,84529,Landkreis Traunstein,Bayern
158411,5358056,Titz,52445,Kreis Düren,Nordrhein-Westfalen
9683254,13076169,Toddin,19230,Landkreis Ludwigslust-Parchim,Mecklenburg-Vorpommern
548597,1058164,Todenbüttel,24819,Kreis Rendsburg-Eckernförde,Schleswig-Holstein
453748,1062078,Todendorf,22965,Kreis Stormarn,Schleswig-Holstein
1245166,7140151,Todenroth,55481,Rhein-Hunsrück-Kreis,Rheinland-Pfalz
422847,1060088,Todesfelde,23826,Kreis Segeberg,Schleswig-Holstein
162454,9771169,Todtenweis,86447,Landkreis Aichach-Friedberg,Bayern
1240395,8337108,Todtmoos,79682,Landkreis Waldshut,Baden-Württemberg
1130286,8336087,Todtnau,79674,Landkreis Lörrach,Baden-Württemberg
941948,9171132,Töging am Inn,84513,Landkreis Altötting,Bayern
1149344,1059090,Tolk,24894,Kreis Schleswig-Flensburg,Schleswig-Holstein
2179225,16075114,Tömmelsdorf,07819,Saale-Orla-Kreis,Thüringen
88735,5166028,Tönisvorst,47918,Kreis Viersen,Nordrhein-Westfalen
2817260,16067067,Tonna,99958,Landkreis Gotha,Thüringen
2857018,16071087,Tonndorf,99438,Landkreis Weimarer Land,Thüringen
1106363,1054138,Tönning,25832,Kreis Nordfriesland,Schleswig-Holstein
1021699,9475181,Töpen,95183,Landkreis Hof,Bayern
2388861,16065074,Topfstedt,99718,Kyffhäuserkreis,Thüringen
335213,3353034,Toppenstedt,21442,Landkreis Harburg,Niedersachsen
534447,14730310,Torgau,04860,Landkreis Nordsachsen,Sachsen
534447,14730310,Torgau,04861,Landkreis Nordsachsen,Sachsen
1410801,13075131,Torgelow,17358,Landkreis Vorpommern-Greifswald,Mecklenburg-Vorpommern
1424298,13071144,Torgelow am See,17192,Landkreis Mecklenburgische Seenplatte,Mecklenburg-Vorpommern
443339,1056048,Tornesch,25436,Kreis Pinneberg,Schleswig-Holstein
337744,3353035,Tostedt,21255,Landkreis Harburg,Niedersachsen
1376693,3355037,Tosterglope,21371,Landkreis Lüneburg,Niedersachsen
2903170,16064062,Tottleben,99947,Unstrut-Hainich-Kreis,Thüringen
1261698,7231124,Traben-Trarbach,56841,Landkreis Bernkastel-Wittlich,Rheinland-Pfalz
1059446,9374148,Trabitz,92724,Landkreis Neustadt an der Waldnaab,Bayern
956657,9273177,Train,93358,Landkreis Kelheim,Bayern
1244036,7133105,Traisen,55595,Landkreis Bad Kreuznach,Rheinland-Pfalz
960528,9372164,Traitsching,93455,Landkreis Cham,Bayern
449904,13076140,Tramm,19089,Landkreis Ludwigslust-Parchim,Mecklenburg-Vorpommern
1466180,1053126,Tramm,21516,Kreis Herzogtum Lauenburg,Schleswig-Holstein
405631,1060089,Trappenkamp,24610,Kreis Segeberg,Schleswig-Holstein
387527,9673174,Trappstadt,97633,Landkreis Rhön-Grabfeld,Bayern
1256024,7235136,Trassem,54441,Landkreis Trier-Saarburg,Rheinland-Pfalz
1432807,13075133,Trassenheide,17449,Landkreis Vorpommern-Greifswald,Mecklenburg-Vorpommern
941741,9189154,Traunreut,83301,Landkreis Traunstein,Bayern
941741,9189154,Traunreut,83368,Landkreis Traunstein,Bayern
941741,9189154,Traunreut,83371,Landkreis Traunstein,Bayern
941741,9189154,Traunreut,83374,Landkreis Traunstein,Bayern
941745,9189155,Traunstein,83278,Landkreis Traunstein,Bayern
962200,9376173,Trausnitz,92555,Landkreis Schwandorf,Bayern
357054,9575166,Trautskirchen,90619,Landkreis Neustadt an der Aisch-Bad Windsheim,Bayern
532322,1062092,Travenbrück,23843,Kreis Stormarn,Schleswig-Holstein
404324,1060090,Travenhorst,23827,Kreis Segeberg,Schleswig-Holstein
422842,1060091,Traventhal,23795,Kreis Segeberg,Schleswig-Holstein
422433,12072426,Trebbin,14959,Landkreis Teltow-Fläming,Brandenburg
1821884,3354023,Trebel,29494,Landkreis Lüchow-Dannenberg,Niedersachsen
2714344,16077048,Treben,04617,Landkreis Altenburger Land,Thüringen
1310640,14626560,Trebendorf - Trjebin,02959,Landkreis Görlitz,Sachsen
1022774,9477158,Trebgast,95367,Landkreis Kulmbach,Bayern
2388838,16065075,Trebra,99718,Kyffhäuserkreis,Thüringen
422916,14729400,Trebsen/Mulde,04687,Landkreis Leipzig,Sachsen
444513,6433014,Trebur,65468,Kreis Groß-Gerau,Hessen
1245249,7339058,Trechtingshausen,55413,Landkreis Mainz-Bingen,Rheinland-Pfalz
960507,9372165,Treffelstein,93492,Landkreis Cham,Bayern
1268968,16063076,Treffurt,99830,Wartburgkreis,Thüringen
1156151,1059092,Treia,24896,Kreis Schleswig-Flensburg,Schleswig-Holstein
1266510,7135082,Treis-Karden,56253,Landkreis Cochem-Zell,Rheinland-Pfalz
453743,1062081,Tremsbüttel,22967,Kreis Stormarn,Schleswig-Holstein
1112223,6633025,Trendelburg,34388,Landkreis Kassel,Hessen
935396,1051118,Trennewurth,25693,Kreis Dithmarschen,Schleswig-Holstein
1438067,13073092,Trent,18569,Landkreis Vorpommern-Rügen,Mecklenburg-Vorpommern
1332908,12064480,Treplin,15236,Landkreis Märkisch-Oderland,Brandenburg
1015144,9577173,Treuchtlingen,91757,Landkreis Weißenburg-Gunzenhausen,Bayern
446586,14523430,Treuen,08233,Vogtlandkreis,Sachsen
369857,12069632,Treuenbrietzen,14929,Landkreis Potsdam-Mittelmark,Brandenburg
1242237,8326060,Triberg im Schwarzwald,78098,Schwarzwald-Baar-Kreis,Baden-Württemberg
372880,13073093,Tribsees,18465,Landkreis Vorpommern-Rügen,Mecklenburg-Vorpommern
444884,14523440,Triebel,08606,Vogtlandkreis,Sachsen
335469,9677154,Triefenstein,97855,Landkreis Main-Spessart,Bayern
172679,7211000,Trier,54290,,Rheinland-Pfalz
172679,7211000,Trier,54292,,Rheinland-Pfalz
172679,7211000,Trier,54293,,Rheinland-Pfalz
172679,7211000,Trier,54294,,Rheinland-Pfalz
172679,7211000,Trier,54295,,Rheinland-Pfalz
172679,7211000,Trier,54296,,Rheinland-Pfalz
1060420,7131079,Trierscheid,53520,Landkreis Ahrweiler,Rheinland-Pfalz
1255905,7235137,Trierweiler,54311,Landkreis Trier-Saarburg,Rheinland-Pfalz
957043,9277149,Triftern,84371,Landkreis Rottal-Inn,Bayern
1289794,12070393,Triglitz,16949,Landkreis Prignitz,Brandenburg
543133,7137102,Trimbs,56753,Landkreis Mayen-Koblenz,Rheinland-Pfalz
1152699,7232126,Trimport,54636,Eifelkreis Bitburg-Prüm,Rheinland-Pfalz
374283,13073094,Trinwillershagen,18320,Landkreis Vorpommern-Rügen,Mecklenburg-Vorpommern
191523,7335047,Trippstadt,67705,Landkreis Kaiserslautern,Rheinland-Pfalz
2179224,16075116,Triptis,07819,Saale-Orla-Kreis,Thüringen
419144,1062082,Trittau,22946,Kreis Stormarn,Schleswig-Holstein
417367,7235207,Trittenheim,54349,Landkreis Trier-Saarburg,Rheinland-Pfalz
1322946,12062492,Tröbitz,03253,Landkreis Elbe-Elster,Brandenburg
2778439,16074103,Tröbnitz,07646,Saale-Holzland-Kreis,Thüringen
2818337,16067068,Tröchtelborn,99869,Landkreis Gotha,Thüringen
2773430,8415073,Trochtelfingen,72818,Landkreis Reutlingen,Baden-Württemberg
2778434,16074102,Trockenborn-Wolfersdorf,07646,Saale-Holzland-Kreis,Thüringen
1021710,9475182,Trogen,95183,Landkreis Hof,Bayern
55060,5382068,Troisdorf,53840,Rhein-Sieg-Kreis,Nordrhein-Westfalen
55060,5382068,Troisdorf,53842,Rhein-Sieg-Kreis,Nordrhein-Westfalen
55060,5382068,Troisdorf,53844,Rhein-Sieg-Kreis,Nordrhein-Westfalen
1419843,13071145,Trollenhagen,17039,Landkreis Mecklenburgische Seenplatte,Mecklenburg-Vorpommern
189455,1057082,Tröndel,24321,Kreis Plön,Schleswig-Holstein
446700,14730320,Trossin,04880,Landkreis Nordsachsen,Sachsen
1231952,8327049,Trossingen,78647,Landkreis Tuttlingen,Baden-Württemberg
1022881,9479161,Tröstau,95709,Landkreis Wunsiedel im Fichtelgebirge,Bayern
941651,9189157,Trostberg,83308,Landkreis Traunstein,Bayern
1251150,7340052,Trulben,66957,Landkreis Südwestpfalz,Rheinland-Pfalz
958247,9778202,Trunkelsberg,87779,Landkreis Unterallgäu,Bayern
1322600,12071392,Tschernitz,03130,Landkreis Spree-Neiße,Brandenburg
1021758,9476182,Tschirn,96367,Landkreis Kronach,Bayern
2778914,8416041,Tübingen,72070,Landkreis Tübingen,Baden-Württemberg
2778914,8416041,Tübingen,72072,Landkreis Tübingen,Baden-Württemberg
2778914,8416041,Tübingen,72074,Landkreis Tübingen,Baden-Württemberg
2778914,8416041,Tübingen,72076,Landkreis Tübingen,Baden-Württemberg
1016397,9573129,Tuchenbach,90587,Landkreis Fürth,Bayern
1329929,3151032,Tülau,38474,Landkreis Gifhorn,Niedersachsen
1395344,1054140,Tümlauer Koog,25881,Kreis Nordfriesland,Schleswig-Holstein
1244180,8336089,Tunau,79677,Landkreis Lörrach,Baden-Württemberg
1242134,8326061,Tuningen,78609,Schwarzwald-Baar-Kreis,Baden-Württemberg
2186944,9187179,Tuntenhausen,83104,Landkreis Rosenheim,Bayern
933546,9179149,Türkenfeld,82299,Landkreis Fürstenfeldbruck,Bayern
958165,9778203,Türkheim,86842,Landkreis Unterallgäu,Bayern
1322808,12071401,Turnow-Preilack,03185,Landkreis Spree-Neiße,Brandenburg
957770,9778204,Tussenhausen,86874,Landkreis Unterallgäu,Bayern
942026,9171133,Tüßling,84577,Landkreis Altötting,Bayern
1427541,13075134,Tutow,17129,Landkreis Vorpommern-Greifswald,Mecklenburg-Vorpommern
548492,1058165,Tüttendorf,24214,Kreis Rendsburg-Eckernförde,Schleswig-Holstein
2818338,16067071,Tüttleben,99869,Landkreis Gotha,Thüringen
1231962,8327050,Tuttlingen,78532,Landkreis Tuttlingen,Baden-Württemberg
932435,9188141,Tutzing,82327,Landkreis Starnberg,Bayern
1427899,13071146,Tützpatz,17091,Landkreis Mecklenburgische Seenplatte,Mecklenburg-Vorpommern
1149340,1059097,Twedt,24894,Kreis Schleswig-Flensburg,Schleswig-Holstein
1815278,3454054,Twist,49767,Landkreis Emsland,Niedersachsen
198579,6635018,Twistetal,34477,Landkreis Waldeck-Frankenberg,Hessen
1461201,3251042,Twistringen,27239,Landkreis Diepholz,Niedersachsen
942116,9171134,Tyrlaching,84558,Landkreis Altötting,Bayern
157488,5370028,Übach-Palenberg,52531,Kreis Heinsberg,Nordrhein-Westfalen
1171893,7232127,Übereisenbach,54689,Eifelkreis Bitburg-Prüm,Rheinland-Pfalz
1184560,10044119,Überherrn,66802,Landkreis Saarlouis,Saarland
2784807,8435059,Überlingen,88662,Bodenseekreis,Baden-Württemberg
941735,9189159,Übersee,83236,Landkreis Traunstein,Bayern
659813,8215084,Ubstadt-Weiher,76698,Landkreis Karlsruhe,Baden-Württemberg
1183258,3256033,Uchte,31600,Landkreis Nienburg/Weser,Niedersachsen
318747,9678186,Üchtelhausen,97532,Landkreis Schweinfurt,Bayern
1334089,12073578,Uckerfelde,17291,Landkreis Uckermark,Brandenburg
1433095,13075135,Ückeritz,17459,Landkreis Vorpommern-Greifswald,Mecklenburg-Vorpommern
1334081,12073579,Uckerland,17337,Landkreis Uckermark,Brandenburg
1248406,7331064,Udenheim,55288,Landkreis Alzey-Worms,Rheinland-Pfalz
2815165,16061097,Uder,37318,Landkreis Eichsfeld,Thüringen
1085794,7233075,Üdersdorf,54552,Landkreis Vulkaneifel,Rheinland-Pfalz
2411319,16068055,Udestedt,99198,Landkreis Sömmerda,Thüringen
1085812,7233074,Udler,54552,Landkreis Vulkaneifel,Rheinland-Pfalz
1303774,12062500,Uebigau-Wahrenbrück,04895,Landkreis Elbe-Elster,Brandenburg
1303774,12062500,Uebigau-Wahrenbrück,04924,Landkreis Elbe-Elster,Brandenburg
1303774,12062500,Uebigau-Wahrenbrück,04938,Landkreis Elbe-Elster,Brandenburg
1408058,13075136,Ueckermünde,17373,Landkreis Vorpommern-Greifswald,Mecklenburg-Vorpommern
167970,5154056,Uedem,47589,Kreis Kleve,Nordrhein-Westfalen
451740,9575167,Uehlfeld,91486,Landkreis Neustadt an der Aisch-Bad Windsheim,Bayern
1432641,3158031,Uehrde,38170,Landkreis Wolfenbüttel,Niedersachsen
1451550,13076141,Uelitz,19077,Landkreis Ludwigslust-Parchim,Mecklenburg-Vorpommern
1149342,1059093,Uelsby,24860,Kreis Schleswig-Flensburg,Schleswig-Holstein
2012532,3456023,Uelsen,49843,Landkreis Grafschaft Bentheim,Niedersachsen
1245843,7339059,Uelversheim,55278,Landkreis Mainz-Bingen,Rheinland-Pfalz
1402821,1054141,Uelvesbüll,25889,Kreis Nordfriesland,Schleswig-Holstein
1246442,3360025,Uelzen,29525,Landkreis Uelzen,Niedersachsen
1075160,7233242,Uersfeld,56767,Landkreis Vulkaneifel,Rheinland-Pfalz
1075149,7233243,Ueß,56767,Landkreis Vulkaneifel,Rheinland-Pfalz
53584,1056049,Uetersen,25436,Kreis Pinneberg,Schleswig-Holstein
180679,9679196,Uettingen,97292,Landkreis Würzburg,Bayern
1177827,3241018,Uetze,31311,Region Hannover,Niedersachsen
356764,9575168,Uffenheim,97215,Landkreis Neustadt an der Aisch-Bad Windsheim,Bayern
937777,9180134,Uffing am Staffelsee,82449,Landkreis Garmisch-Partenkirchen,Bayern
2792711,8117051,Uhingen,73066,Landkreis Göppingen,Baden-Württemberg
2784654,8435066,Uhldingen-Mühlhofen,88690,Bodenseekreis,Baden-Württemberg
1204719,7140153,Uhler,56290,Rhein-Hunsrück-Kreis,Rheinland-Pfalz
2785693,8337128,Ühlingen-Birkendorf,79777,Landkreis Waldshut,Baden-Württemberg
1273351,16073109,Uhlstädt-Kirchhasel,07407,Landkreis Saalfeld-Rudolstadt,Thüringen
62495,8421000,Ulm,89073,,Baden-Württemberg
62495,8421000,Ulm,89075,,Baden-Württemberg
62495,8421000,Ulm,89077,,Baden-Württemberg
62495,8421000,Ulm,89079,,Baden-Württemberg
62495,8421000,Ulm,89081,,Baden-Württemberg
62495,8421000,Ulm,89160,,Baden-Württemberg
1269805,7135083,Ulmen,56766,Landkreis Cochem-Zell,Rheinland-Pfalz
1246620,7336099,Ulmet,66887,Landkreis Kusel,Rheinland-Pfalz
418339,6535018,Ulrichstein,35327,Vogelsbergkreis,Hessen
1149229,1059094,Ulsnis,24897,Kreis Schleswig-Flensburg,Schleswig-Holstein
1955551,8315115,Umkirch,79224,Landkreis Breisgau-Hochschwarzwald,Baden-Württemberg
1438076,13073095,Ummanz,18569,Landkreis Vorpommern-Rügen,Mecklenburg-Vorpommern
1286645,15083505,Ummendorf,39365,Landkreis Börde,Sachsen-Anhalt
2801324,8426120,Ummendorf,88444,Landkreis Biberach,Baden-Württemberg
1381735,3151033,Ummern,29369,Landkreis Gifhorn,Niedersachsen
1270322,16069052,Ummerstadt,98663,Landkreis Hildburghausen,Thüringen
2857020,16071089,Umpferstedt,99441,Landkreis Weimarer Land,Thüringen
309522,3353036,Undeloh,21274,Landkreis Harburg,Niedersachsen
309522,3353036,Undeloh,29640,Landkreis Harburg,Niedersachsen
1245830,7339060,Undenheim,55278,Landkreis Mainz-Bingen,Rheinland-Pfalz
958674,9778205,Ungerhausen,87781,Landkreis Unterallgäu,Bayern
443473,7138073,Unkel,53572,Landkreis Neuwied,Rheinland-Pfalz
1253878,7333078,Unkenbach,67823,Donnersbergkreis,Rheinland-Pfalz
2802286,8426121,Unlingen,88527,Landkreis Biberach,Baden-Württemberg
158445,5978036,Unna,59423,Kreis Unna,Nordrhein-Westfalen
158445,5978036,Unna,59425,Kreis Unna,Nordrhein-Westfalen
158445,5978036,Unna,59427,Kreis Unna,Nordrhein-Westfalen
451718,7143300,Unnau,57648,Westerwaldkreis,Rheinland-Pfalz
387411,9673175,Unsleben,97618,Landkreis Rhön-Grabfeld,Bayern
9251594,16064076,Unstrut-Hainich,99991,Unstrut-Hainich-Kreis,Thüringen
2896624,16064071,Unstruttal,99996,Unstrut-Hainich-Kreis,Thüringen
937895,9180135,Unterammergau,82497,Landkreis Garmisch-Partenkirchen,Bayern
2778442,16074104,Unterbodnitz,07646,Saale-Holzland-Kreis,Thüringen
1268857,16063078,Unterbreizbach,36414,Wartburgkreis,Thüringen
936649,9181143,Unterdießen,86944,Landkreis Landsberg am Lech,Bayern
957070,9277151,Unterdietfurt,84339,Landkreis Rottal-Inn,Bayern
957118,9778207,Unteregg,87782,Landkreis Unterallgäu,Bayern
410470,8125096,Untereisesheim,74257,Landkreis Heilbronn,Baden-Württemberg
2862751,8116068,Unterensingen,72669,Landkreis Esslingen,Baden-Württemberg
2168251,9184147,Unterföhring,85774,Landkreis München,Bayern
958109,9275153,Untergriesbach,94107,Landkreis Passau,Bayern
410487,8125098,Untergruppenbach,74199,Landkreis Heilbronn,Baden-Württemberg
497335,9184148,Unterhaching,82008,Landkreis München,Bayern
1246776,7336100,Unterjeckenbach,67746,Landkreis Kusel,Rheinland-Pfalz
1242305,8326065,Unterkirnach,78089,Schwarzwald-Baar-Kreis,Baden-Württemberg
1080499,9474168,Unterleinleiter,91364,Landkreis Forchheim,Bayern
2803466,8425123,Untermarchtal,89617,Alb-Donau-Kreis,Baden-Württemberg
2247390,16066076,Untermaßfeld,98617,Landkreis Schmalkalden-Meiningen,Thüringen
935161,9772209,Untermeitingen,86836,Landkreis Augsburg,Bayern
388837,9674210,Untermerzbach,96190,Landkreis Haßberge,Bayern
389474,8127086,Untermünkheim,74547,Landkreis Schwäbisch Hall,Baden-Württemberg
942034,9171135,Unterneukirchen,84579,Landkreis Altötting,Bayern
182346,9679201,Unterpleichfeld,97294,Landkreis Würzburg,Bayern
309945,8235073,Unterreichenbach,75399,Landkreis Calw,Baden-Württemberg
940784,9183147,Unterreit,83567,Landkreis Mühldorf am Inn,Bayern
941085,9775161,Unterroth,89299,Landkreis Neu-Ulm,Bayern
334267,9184149,Unterschleißheim,85716,Landkreis München,Bayern
915549,8136075,Unterschneidheim,73485,Ostalbkreis,Baden-Württemberg
534396,9571208,Unterschwaningen,91743,Landkreis Ansbach,Bayern
453852,7143077,Untershausen,56412,Westerwaldkreis,Rheinland-Pfalz
956871,9473170,Untersiemau,96253,Landkreis Coburg,Bayern
1389283,12061510,Unterspreewald,15910,Landkreis Dahme-Spreewald,Brandenburg
2803402,8425124,Unterstadion,89619,Alb-Donau-Kreis,Baden-Württemberg
1022767,9477159,Untersteinach,95369,Landkreis Kulmbach,Bayern
448111,9777175,Unterthingau,87647,Landkreis Ostallgäu,Bayern
2828874,8425125,Unterwachingen,89597,Alb-Donau-Kreis,Baden-Württemberg
2808135,8436077,Unterwaldhausen,88379,Landkreis Ravensburg,Baden-Württemberg
1273284,16073094,Unterweißbach,98744,Landkreis Saalfeld-Rudolstadt,Thüringen
1273354,16073111,Unterwellenborn,07333,Landkreis Saalfeld-Rudolstadt,Thüringen
941705,9189160,Unterwössen,83246,Landkreis Traunstein,Bayern
448040,9777176,Untrasried,87496,Landkreis Ostallgäu,Bayern
1245170,7140154,Unzenberg,55483,Rhein-Hunsrück-Kreis,Rheinland-Pfalz
1481614,13074079,Upahl,23936,Landkreis Nordwestmecklenburg,Mecklenburg-Vorpommern
898638,3452024,Upgant-Schott,26529,Landkreis Aurich,Niedersachsen
1420391,1054142,Uphusum,25923,Kreis Nordfriesland,Schleswig-Holstein
1187438,3457020,Uplengen,26670,Landkreis Leer,Niedersachsen
1171881,7232128,Uppershausen,54673,Eifelkreis Bitburg-Prüm,Rheinland-Pfalz
401642,8119076,Urbach,73655,Rems-Murr-Kreis,Baden-Württemberg
401642,8119076,Urbach,73660,Rems-Murr-Kreis,Baden-Württemberg
445744,7138074,Urbach,56317,Landkreis Neuwied,Rheinland-Pfalz
2399486,16062054,Urbach,99765,Landkreis Nordhausen,Thüringen
547363,7137224,Urbar,56182,Landkreis Mayen-Koblenz,Rheinland-Pfalz
1190013,7140155,Urbar,55430,Rhein-Hunsrück-Kreis,Rheinland-Pfalz
2903171,16064064,Urleben,99955,Unstrut-Hainich-Kreis,Thüringen
417342,7135084,Urmersbach,56761,Landkreis Cochem-Zell,Rheinland-Pfalz
548981,7137225,Urmitz,56220,Landkreis Mayen-Koblenz,Rheinland-Pfalz
962701,9774116,Ursberg,86513,Landkreis Günzburg,Bayern
1269810,7135085,Urschmitt,56825,Landkreis Cochem-Zell,Rheinland-Pfalz
1028537,9371154,Ursensollen,92289,Landkreis Amberg-Sulzbach,Bayern
335456,9677193,Urspringen,97857,Landkreis Main-Spessart,Bayern
1258371,7231125,Ürzig,54539,Landkreis Bernkastel-Wittlich,Rheinland-Pfalz
1140560,7232129,Usch,54655,Eifelkreis Bitburg-Prüm,Rheinland-Pfalz
1433091,13075137,Usedom,17406,Landkreis Vorpommern-Greifswald,Mecklenburg-Vorpommern
1593440,13071147,Userin,17237,Landkreis Mecklenburgische Seenplatte,Mecklenburg-Vorpommern
418438,6434011,Usingen,61250,Hochtaunuskreis,Hessen
1397829,3155012,Uslar,37170,Landkreis Northeim,Niedersachsen
452578,9772211,Ustersbach,86514,Landkreis Augsburg,Bayern
2012368,3462016,Utarp,26556,Landkreis Wittmund,Niedersachsen
1444915,13074080,Utecht,19217,Landkreis Nordwestmecklenburg,Mecklenburg-Vorpommern
2828448,16066079,Utendorf,98617,Landkreis Schmalkalden-Meiningen,Thüringen
1428596,1054143,Utersum,25938,Kreis Nordfriesland,Schleswig-Holstein
1171867,7232102,Utscheid,54675,Eifelkreis Bitburg-Prüm,Rheinland-Pfalz
1016527,9572158,Uttenreuth,91080,Landkreis Erlangen-Höchstadt,Bayern
2802287,8426124,Uttenweiler,88524,Landkreis Biberach,Baden-Württemberg
1113747,7232333,Üttfeld,54619,Eifelkreis Bitburg-Prüm,Rheinland-Pfalz
933877,9181144,Utting am Ammersee,86919,Landkreis Landsberg am Lech,Bayern
1427219,13071148,Utzedel,17111,Landkreis Mecklenburgische Seenplatte,Mecklenburg-Vorpommern
1130301,8336090,Utzenfeld,79694,Landkreis Lörrach,Baden-Württemberg
1182316,7140156,Utzenhain,56291,Rhein-Hunsrück-Kreis,Rheinland-Pfalz
1085805,7233077,Utzerath,54552,Landkreis Vulkaneifel,Rheinland-Pfalz
331064,7233076,Üxheim,54579,Landkreis Vulkaneifel,Rheinland-Pfalz
448608,1061105,Vaale,25572,Kreis Steinburg,Schleswig-Holstein
448608,1061105,Vaale,25594,Kreis Steinburg,Schleswig-Holstein
448544,1061106,Vaalermoor,25594,Kreis Steinburg,Schleswig-Holstein
2889819,16063082,Vacha,36404,Wartburgkreis,Thüringen
2828451,16066081,Vachdorf,98617,Landkreis Schmalkalden-Meiningen,Thüringen
941748,9189161,Vachendorf,83377,Landkreis Traunstein,Bayern
1432660,3158032,Vahlberg,38170,Landkreis Wolfenbüttel,Niedersachsen
2013294,3255035,Vahlbruch,37647,Landkreis Holzminden,Niedersachsen
357091,3357049,Vahlde,27389,Landkreis Rotenburg (Wümme),Niedersachsen
405820,8118073,Vaihingen an der Enz,71665,Landkreis Ludwigsburg,Baden-Württemberg
547364,7137226,Vallendar,56179,Landkreis Mayen-Koblenz,Rheinland-Pfalz
935955,9182133,Valley,83626,Landkreis Miesbach,Bayern
1259301,7135086,Valwig,56812,Landkreis Cochem-Zell,Rheinland-Pfalz
1187380,3455026,Varel,26316,Landkreis Friesland,Niedersachsen
1675314,3251043,Varrel,27259,Landkreis Diepholz,Niedersachsen
1944343,3355038,Vastorf,21397,Landkreis Lüneburg,Niedersachsen
929822,9175132,Vaterstetten,85591,Landkreis Ebersberg,Bayern
929822,9175132,Vaterstetten,85598,Landkreis Ebersberg,Bayern
929822,9175132,Vaterstetten,85599,Landkreis Ebersberg,Bayern
929822,9175132,Vaterstetten,85622,Landkreis Ebersberg,Bayern
929822,9175132,Vaterstetten,85646,Landkreis Ebersberg,Bayern
337335,3157007,Vechelde,38159,Landkreis Peine,Niedersachsen
1336408,3460009,Vechta,49377,Landkreis Vechta,Niedersachsen
1444911,13074081,Veelböken,19205,Landkreis Nordwestmecklenburg,Mecklenburg-Vorpommern
1263899,16069053,Veilsdorf,98669,Landkreis Hildburghausen,Thüringen
1016401,9573130,Veitsbronn,90587,Landkreis Fürth,Bayern
183778,9679202,Veitshöchheim,97209,Landkreis Würzburg,Bayern
1245140,7134089,Veitsrodt,55758,Landkreis Birkenfeld,Rheinland-Pfalz
56679,5158032,Velbert,42549,Kreis Mettmann,Nordrhein-Westfalen
56679,5158032,Velbert,42551,Kreis Mettmann,Nordrhein-Westfalen
56679,5158032,Velbert,42553,Kreis Mettmann,Nordrhein-Westfalen
56679,5158032,Velbert,42555,Kreis Mettmann,Nordrhein-Westfalen
1028815,9373167,Velburg,92355,Landkreis Neumarkt in der Oberpfalz,Bayern
191728,9274183,Velden,84149,Landkreis Landshut,Bayern
966160,9574160,Velden,91235,Landkreis Nürnberger Land,Bayern
1258368,7231126,Veldenz,54472,Landkreis Bernkastel-Wittlich,Rheinland-Pfalz
162729,5554064,Velen,46342,Kreis Borken,Nordrhein-Westfalen
374155,13073096,Velgast,18469,Landkreis Vorpommern-Rügen,Mecklenburg-Vorpommern
1451529,13076142,Vellahn,19260,Landkreis Ludwigslust-Parchim,Mecklenburg-Vorpommern
390785,8127089,Vellberg,74541,Landkreis Schwäbisch Hall,Baden-Württemberg
532030,6633026,Vellmar,34246,Landkreis Kassel,Hessen
1446655,3154024,Velpke,38458,Landkreis Helmstedt,Niedersachsen
1310082,12065332,Velten,16727,Landkreis Oberhavel,Brandenburg
1432630,3158033,Veltheim,38173,Landkreis Wolfenbüttel,Niedersachsen
1248408,7331065,Vendersheim,55578,Landkreis Alzey-Worms,Rheinland-Pfalz
1252452,7337077,Venningen,67482,Landkreis Südliche Weinstraße,Rheinland-Pfalz
1444914,13074082,Ventschow,19417,Landkreis Nordwestmecklenburg,Mecklenburg-Vorpommern
1427211,13071150,Verchen,17111,Landkreis Mecklenburgische Seenplatte,Mecklenburg-Vorpommern
1183486,3361012,Verden (Aller),27283,Landkreis Verden,Niedersachsen
2805408,8437114,Veringenstadt,72519,Landkreis Sigmaringen,Baden-Württemberg
138118,5754044,Verl,33415,Kreis Gütersloh,Nordrhein-Westfalen
138699,5754048,Versmold,33775,Kreis Gütersloh,Nordrhein-Westfalen
1016536,9572159,Vestenbergsgreuth,91487,Landkreis Erlangen-Höchstadt,Bayern
1322900,12066320,Vetschau/Spreewald,03226,Landkreis Oberspreewald-Lausitz,Brandenburg
443574,7138075,Vettelschoß,53560,Landkreis Neuwied,Rheinland-Pfalz
163313,5358060,Vettweiß,52391,Kreis Düren,Nordrhein-Westfalen
959163,9276144,Viechtach,94234,Landkreis Regen,Bayern
1451539,13076143,Vielank,19303,Landkreis Ludwigslust-Parchim,Mecklenburg-Vorpommern
533597,7143078,Vielbach,56244,Westerwaldkreis,Rheinland-Pfalz
1302381,12068437,Vielitzsee,16835,Landkreis Ostprignitz-Ruppin,Brandenburg
1079029,3357050,Vierden,27419,Landkreis Rotenburg (Wümme),Niedersachsen
1410890,13075138,Viereck,17309,Landkreis Vorpommern-Greifswald,Mecklenburg-Vorpommern
1077528,9471207,Viereth-Trunstadt,96191,Landkreis Bamberg,Bayern
1256079,7235140,Vierherrenborn,54314,Landkreis Trier-Saarburg,Rheinland-Pfalz
335209,3353037,Vierhöfen,21444,Landkreis Harburg,Niedersachsen
934478,9174150,Vierkirchen,85256,Landkreis Dachau,Bayern
1310798,14626570,Vierkirchen,02894,Landkreis Görlitz,Sachsen
1332901,12064482,Vierlinden,15306,Landkreis Märkisch-Oderland,Brandenburg
537051,6431020,Viernheim,68519,Kreis Bergstraße,Hessen
88531,5166032,Viersen,41747,Kreis Viersen,Nordrhein-Westfalen
88531,5166032,Viersen,41748,Kreis Viersen,Nordrhein-Westfalen
88531,5166032,Viersen,41749,Kreis Viersen,Nordrhein-Westfalen
88531,5166032,Viersen,41751,Kreis Viersen,Nordrhein-Westfalen
933953,9181133,Vilgertshofen,86946,Landkreis Landsberg am Lech,Bayern
956858,9773179,Villenbach,86637,Landkreis Dillingen an der Donau,Bayern
943743,8325060,Villingendorf,78667,Landkreis Rottweil,Baden-Württemberg
1242298,8326074,Villingen-Schwenningen,78048,Schwarzwald-Baar-Kreis,Baden-Württemberg
1242298,8326074,Villingen-Schwenningen,78050,Schwarzwald-Baar-Kreis,Baden-Württemberg
1242298,8326074,Villingen-Schwenningen,78052,Schwarzwald-Baar-Kreis,Baden-Württemberg
1242298,8326074,Villingen-Schwenningen,78054,Schwarzwald-Baar-Kreis,Baden-Württemberg
1242298,8326074,Villingen-Schwenningen,78056,Schwarzwald-Baar-Kreis,Baden-Württemberg
324311,6533015,Villmar,65606,Landkreis Limburg-Weilburg,Hessen
192229,9274184,Vilsbiburg,84137,Landkreis Landshut,Bayern
1028549,9371156,Vilseck,92249,Landkreis Amberg-Sulzbach,Bayern
191420,9274185,Vilsheim,84186,Landkreis Landshut,Bayern
958090,9275154,Vilshofen an der Donau,94474,Landkreis Passau,Bayern
1251153,7340053,Vinningen,66957,Landkreis Südwestpfalz,Rheinland-Pfalz
1406978,1054144,Viöl,25884,Kreis Nordfriesland,Schleswig-Holstein
548057,7137105,Virneburg,56729,Landkreis Mayen-Koblenz,Rheinland-Pfalz
1398825,3460010,Visbek,49429,Landkreis Vechta,Niedersachsen
965606,3357051,Visselhövede,27374,Landkreis Rotenburg (Wümme),Niedersachsen
147279,5758036,Vlotho,32602,Kreis Herford,Nordrhein-Westfalen
58640,5170044,Voerde (Niederrhein),46562,Kreis Wesel,Nordrhein-Westfalen
1384832,12067508,Vogelsang,15890,Landkreis Oder-Spree,Brandenburg
1408060,13075139,Vogelsang-Warsin,17375,Landkreis Vorpommern-Greifswald,Mecklenburg-Vorpommern
2411282,16068056,Vogelsberg,99610,Landkreis Sömmerda,Thüringen
1392134,3355039,Vögelsen,21360,Landkreis Lüneburg,Niedersachsen
2808303,8436078,Vogt,88267,Landkreis Ravensburg,Baden-Württemberg
2190047,9187181,Vogtareuth,83569,Landkreis Rosenheim,Bayern
2902654,16064075,Vogtei,99986,Unstrut-Hainich-Kreis,Thüringen
70147,8315133,Vogtsburg im Kaiserstuhl,79235,Landkreis Breisgau-Hochschwarzwald,Baden-Württemberg
380987,9186158,Vohburg an der Donau,85088,Landkreis Pfaffenhofen an der Ilm,Bayern
1059462,9374162,Vohenstrauß,92648,Landkreis Neustadt an der Waldnaab,Bayern
198601,6635019,Vöhl,34516,Landkreis Waldeck-Frankenberg,Hessen
1242238,8326068,Vöhrenbach,78147,Schwarzwald-Baar-Kreis,Baden-Württemberg
941075,9775162,Vöhringen,89269,Landkreis Neu-Ulm,Bayern
943750,8325061,Vöhringen,72189,Landkreis Rottweil,Baden-Württemberg
1419913,13071153,Voigtsdorf,17349,Landkreis Mecklenburgische Seenplatte,Mecklenburg-Vorpommern
284500,9675174,Volkach,97332,Landkreis Kitzingen,Bayern
956645,9273178,Volkenschwand,84106,Landkreis Kelheim,Bayern
2813359,16061098,Volkerode,37308,Landkreis Eichsfeld,Thüringen
1252769,7337078,Völkersweiler,76857,Landkreis Südliche Weinstraße,Rheinland-Pfalz
1104512,8335081,Volkertshausen,78269,Landkreis Konstanz,Baden-Württemberg
418883,7132110,Volkerzen,57612,Landkreis Altenkirchen,Rheinland-Pfalz
544238,7137106,Volkesfeld,56745,Landkreis Mayen-Koblenz,Rheinland-Pfalz
1184868,10041519,Völklingen,66333,Regionalverband Saarbrücken,Saarland
2179226,16075119,Volkmannsdorf,07924,Saale-Orla-Kreis,Thüringen
162251,6635020,Volkmarsen,34471,Landkreis Waldeck-Frankenberg,Hessen
904475,3356010,Vollersode,27729,Landkreis Osterholz,Niedersachsen
2857021,16071093,Vollersroda,99438,Landkreis Weimarer Land,Thüringen
1107719,1054145,Vollerwiek,25836,Kreis Nordfriesland,Schleswig-Holstein
1245133,7134090,Vollmersbach,55758,Landkreis Birkenfeld,Rheinland-Pfalz
2778492,16077049,Vollmershain,04626,Landkreis Altenburger Land,Thüringen
1250498,7334031,Vollmersweiler,76744,Landkreis Germersheim,Rheinland-Pfalz
1424295,13071154,Vollrathsruhe,17194,Landkreis Mecklenburgische Seenplatte,Mecklenburg-Vorpommern
1416730,1054146,Vollstedt,25821,Kreis Nordfriesland,Schleswig-Holstein
1286634,15083515,Völpke,39393,Landkreis Börde,Sachsen-Anhalt
1427540,13075140,Völschow,17129,Landkreis Vorpommern-Greifswald,Mecklenburg-Vorpommern
935386,1051119,Volsemenhusen,25693,Kreis Dithmarschen,Schleswig-Holstein
1817131,3459032,Voltlage,49599,Landkreis Osnabrück,Niedersachsen
1244009,7133106,Volxheim,55546,Landkreis Bad Kreuznach,Rheinland-Pfalz
1059467,9374163,Vorbach,95519,Landkreis Neustadt an der Waldnaab,Bayern
1963818,13072110,Vorbeck,18258,Landkreis Rostock,Mecklenburg-Vorpommern
1252816,7337079,Vorderweidenthal,76889,Landkreis Südliche Weinstraße,Rheinland-Pfalz
1363572,3151034,Vordorf,38533,Landkreis Gifhorn,Niedersachsen
966152,9574161,Vorra,91247,Landkreis Nürnberger Land,Bayern
1970198,8316045,Vörstetten,79279,Landkreis Emmendingen,Baden-Württemberg
965597,3357052,Vorwerk,27412,Landkreis Rotenburg (Wümme),Niedersachsen
162864,5554068,Vreden,48691,Kreis Borken,Nordrhein-Westfalen
2007768,3454055,Vrees,49757,Landkreis Emsland,Niedersachsen
554539,1058166,Waabs,24369,Kreis Rendsburg-Eckernförde,Schleswig-Holstein
1399077,3159035,Waake,37136,Landkreis Göttingen,Niedersachsen
935960,9182134,Waakirchen,83666,Landkreis Miesbach,Bayern
421412,9777177,Waal,86875,Landkreis Ostallgäu,Bayern
452217,6634025,Wabern,34590,Schwalm-Eder-Kreis,Hessen
1307201,14625600,Wachau,01454,Landkreis Bautzen,Sachsen
1248705,7331066,Wachenheim,67591,Landkreis Alzey-Worms,Rheinland-Pfalz
1249959,7332046,Wachenheim an der Weinstraße,67157,Landkreis Bad Dürkheim,Rheinland-Pfalz
1016511,9572160,Wachenroth,96193,Landkreis Erlangen-Höchstadt,Bayern
2400609,16061101,Wachstedt,37359,Landkreis Eichsfeld,Thüringen
172185,5382072,Wachtberg,53343,Rhein-Sieg-Kreis,Nordrhein-Westfalen
168001,5154060,Wachtendonk,47669,Kreis Kleve,Nordrhein-Westfalen
535934,6435029,Wächtersbach,63607,Main-Kinzig-Kreis,Hessen
448707,1061107,Wacken,25596,Kreis Steinburg,Schleswig-Holstein
954993,13075141,Wackerow,17498,Landkreis Vorpommern-Greifswald,Mecklenburg-Vorpommern
935236,9173145,Wackersberg,83646,Landkreis Bad Tölz-Wolfratshausen,Bayern
962185,9376175,Wackersdorf,92442,Landkreis Schwandorf,Bayern
1822765,3354024,Waddeweitz,29496,Landkreis Lüchow-Dannenberg,Niedersachsen
1184399,10042116,Wadern,66687,Landkreis Merzig-Wadern,Saarland
151327,5570048,Wadersloh,59329,Kreis Warendorf,Nordrhein-Westfalen
1184562,10044120,Wadgassen,66787,Landkreis Saarlouis,Saarland
960532,9372168,Waffenbrunn,93494,Landkreis Cham,Bayern
1403076,3251044,Wagenfeld,49419,Landkreis Diepholz,Niedersachsen
1269811,7135087,Wagenhausen,56826,Landkreis Cochem-Zell,Rheinland-Pfalz
1384590,3151035,Wagenhoff,38559,Landkreis Gifhorn,Niedersachsen
1149238,1059095,Wagersrott,24392,Kreis Schleswig-Flensburg,Schleswig-Holstein
659808,8215106,Waghäusel,68753,Landkreis Karlsruhe,Baden-Württemberg
941680,9189162,Waging am See,83329,Landkreis Traunstein,Bayern
1241627,7140158,Wahlbach,55494,Rhein-Hunsrück-Kreis,Rheinland-Pfalz
1245181,7140159,Wahlenau,55491,Rhein-Hunsrück-Kreis,Rheinland-Pfalz
2813779,16061102,Wahlhausen,37318,Landkreis Eichsfeld,Thüringen
1248569,7331067,Wahlheim,55234,Landkreis Alzey-Worms,Rheinland-Pfalz
453179,7143301,Wahlrod,57614,Westerwaldkreis,Rheinland-Pfalz
422875,1060092,Wahlstedt,23812,Kreis Segeberg,Schleswig-Holstein
310399,1057084,Wahlstorf,24211,Kreis Plön,Schleswig-Holstein
1246482,7336101,Wahnwegen,66909,Landkreis Kusel,Rheinland-Pfalz
1384907,3151036,Wahrenholz,29399,Landkreis Gifhorn,Niedersachsen
401697,8119079,Waiblingen,71332,Rems-Murr-Kreis,Baden-Württemberg
401697,8119079,Waiblingen,71334,Rems-Murr-Kreis,Baden-Württemberg
401697,8119079,Waiblingen,71336,Rems-Murr-Kreis,Baden-Württemberg
453370,8226091,Waibstadt,74915,Rhein-Neckar-Kreis,Baden-Württemberg
1059443,9374164,Waidhaus,92726,Landkreis Neustadt an der Waldnaab,Bayern
943708,9185166,Waidhofen,86579,Landkreis Neuburg-Schrobenhausen,Bayern
533265,7143302,Waigandshain,56477,Westerwaldkreis,Rheinland-Pfalz
325518,9678190,Waigolshausen,97534,Landkreis Schweinfurt,Bayern
2801102,8426125,Wain,88489,Landkreis Biberach,Baden-Württemberg
2801102,8426125,Wain,89165,Landkreis Biberach,Baden-Württemberg
1070987,9472197,Waischenfeld,91344,Landkreis Bayreuth,Bayern
422814,1060093,Wakendorf I,23845,Kreis Segeberg,Schleswig-Holstein
422677,1060094,Wakendorf II,24558,Kreis Segeberg,Schleswig-Holstein
1474192,3454056,Walchum,26907,Landkreis Emsland,Niedersachsen
448308,9777179,Wald,87616,Landkreis Ostallgäu,Bayern
961328,9372169,Wald,93192,Landkreis Cham,Bayern
2805978,8437118,Wald,88639,Landkreis Sigmaringen,Baden-Württemberg
935843,8237074,Waldachtal,72178,Landkreis Freudenstadt,Baden-Württemberg
1239642,7339062,Waldalgesheim,55425,Landkreis Mainz-Bingen,Rheinland-Pfalz
379884,9671156,Waldaschaff,63857,Landkreis Aschaffenburg,Bayern
1244215,7133107,Waldböckelheim,55596,Landkreis Bad Kreuznach,Rheinland-Pfalz
444277,7138076,Waldbreitbach,56588,Landkreis Neuwied,Rheinland-Pfalz
173874,5374044,Waldbröl,51545,Oberbergischer Kreis,Nordrhein-Westfalen
308274,8215110,Waldbronn,76337,Landkreis Karlsruhe,Baden-Württemberg
180684,9679204,Waldbrunn,97295,Landkreis Würzburg,Bayern
324300,6533016,Waldbrunn,65620,Landkreis Limburg-Weilburg,Hessen
403738,8225118,Waldbrunn,69429,Neckar-Odenwald-Kreis,Baden-Württemberg
2808304,8436079,Waldburg,88289,Landkreis Ravensburg,Baden-Württemberg
180682,9679205,Waldbüttelbrunn,97297,Landkreis Würzburg,Bayern
2778322,8415087,Walddorfhäslach,72141,Landkreis Reutlingen,Baden-Württemberg
199138,6635021,Waldeck,34513,Landkreis Waldeck-Frankenberg,Hessen
2778444,16074105,Waldeck,07646,Saale-Holzland-Kreis,Thüringen
413548,6439016,Waldems,65529,Rheingau-Taunus-Kreis,Hessen
856200,8115048,Waldenbuch,71111,Landkreis Böblingen,Baden-Württemberg
377329,8126085,Waldenburg,74638,Hohenlohekreis,Baden-Württemberg
413531,14524290,Waldenburg,08396,Landkreis Zwickau,Sachsen
961330,9372170,Walderbach,93194,Landkreis Cham,Bayern
975282,9377157,Waldershof,95679,Landkreis Tirschenreuth,Bayern
544551,7137227,Waldesch,56323,Landkreis Mayen-Koblenz,Rheinland-Pfalz
158038,5370032,Waldfeucht,52525,Kreis Heinsberg,Nordrhein-Westfalen
1251045,7340054,Waldfischbach-Burgalben,67714,Landkreis Südwestpfalz,Rheinland-Pfalz
1253881,7333079,Waldgrehweiler,67822,Donnersbergkreis,Rheinland-Pfalz
1252765,7337080,Waldhambach,76857,Landkreis Südliche Weinstraße,Rheinland-Pfalz
401845,14522570,Waldheim,04736,Landkreis Mittelsachsen,Sachsen
1171854,7232130,Waldhof-Falkenstein,54673,Eifelkreis Bitburg-Prüm,Rheinland-Pfalz
1316260,14626580,Waldhufen,02906,Landkreis Görlitz,Sachsen
549422,6636012,Waldkappel,37284,Werra-Meißner-Kreis,Hessen
1112861,8316056,Waldkirch,79183,Landkreis Emmendingen,Baden-Württemberg
958971,9272151,Waldkirchen,94065,Landkreis Freyung-Grafenau,Bayern
941067,9183148,Waldkraiburg,84478,Landkreis Mühldorf am Inn,Bayern
1243982,7133108,Waldlaubersheim,55444,Landkreis Bad Kreuznach,Rheinland-Pfalz
1248684,7335048,Waldleiningen,67693,Landkreis Kaiserslautern,Rheinland-Pfalz
537060,6431021,Wald-Michelbach,69483,Kreis Bergstraße,Hessen
1246448,7336102,Waldmohr,66914,Landkreis Kusel,Rheinland-Pfalz
533266,7143303,Waldmühlen,56479,Westerwaldkreis,Rheinland-Pfalz
960511,9372171,Waldmünchen,93449,Landkreis Cham,Bayern
1022831,7131081,Waldorf,53498,Landkreis Ahrweiler,Rheinland-Pfalz
1256942,7235141,Waldrach,54320,Landkreis Trier-Saarburg,Rheinland-Pfalz
1252772,7337081,Waldrohrbach,76857,Landkreis Südliche Weinstraße,Rheinland-Pfalz
968887,9377158,Waldsassen,95652,Landkreis Tirschenreuth,Bayern
422702,7338026,Waldsee,67165,Rhein-Pfalz-Kreis,Rheinland-Pfalz
2785737,8337126,Waldshut-Tiengen,79761,Landkreis Waldshut,Baden-Württemberg
1332919,12064484,Waldsieversdorf,15377,Landkreis Märkisch-Oderland,Brandenburg
215985,6532022,Waldsolms,35647,Lahn-Dill-Kreis,Hessen
964468,9774191,Waldstetten,89367,Landkreis Günzburg,Bayern
2792084,8136079,Waldstetten,73550,Ostalbkreis,Baden-Württemberg
1059429,9374165,Waldthurn,92727,Landkreis Neustadt an der Waldnaab,Bayern
1256082,7235142,Waldweiler,54429,Landkreis Trier-Saarburg,Rheinland-Pfalz
1269717,7135088,Walhausen,56865,Landkreis Cochem-Zell,Rheinland-Pfalz
405306,8118074,Walheim,74399,Landkreis Ludwigsburg,Baden-Württemberg
9682197,13072111,Walkendorf,17179,Landkreis Rostock,Mecklenburg-Vorpommern
6683592,3159036,Walkenried,37445,Landkreis Göttingen,Niedersachsen
935168,9772214,Walkertshofen,86877,Landkreis Augsburg,Bayern
1465817,1053127,Walksfelde,23896,Kreis Herzogtum Lauenburg,Schleswig-Holstein
453404,8226095,Walldorf,69190,Rhein-Neckar-Kreis,Baden-Württemberg
403727,8225109,Walldürn,63928,Neckar-Odenwald-Kreis,Baden-Württemberg
403727,8225109,Walldürn,74731,Neckar-Odenwald-Kreis,Baden-Württemberg
964249,1051120,Wallen,25788,Kreis Dithmarschen,Schleswig-Holstein
1085818,7233079,Wallenborn,54570,Landkreis Vulkaneifel,Rheinland-Pfalz
1163510,7232131,Wallendorf,54675,Eifelkreis Bitburg-Prüm,Rheinland-Pfalz
1021750,9476184,Wallenfels,96346,Landkreis Kronach,Bayern
1823270,3459033,Wallenhorst,49134,Landkreis Osnabrück,Niedersachsen
1184569,10044121,Wallerfangen,66798,Landkreis Saarlouis,Saarland
959814,9271152,Wallerfing,94574,Landkreis Deggendorf,Bayern
959898,9279137,Wallersdorf,94522,Landkreis Dingolfing-Landau,Bayern
1108052,7232318,Wallersheim,54597,Eifelkreis Bitburg-Prüm,Rheinland-Pfalz
962603,9779224,Wallerstein,86757,Landkreis Donau-Ries,Bayern
1248401,7331068,Wallertheim,55578,Landkreis Alzey-Worms,Rheinland-Pfalz
939344,9180136,Wallgau,82499,Landkreis Garmisch-Partenkirchen,Bayern
1250988,7340225,Wallhalben,66917,Landkreis Südwestpfalz,Rheinland-Pfalz
388756,8127091,Wallhausen,74599,Landkreis Schwäbisch Hall,Baden-Württemberg
1244223,7133109,Wallhausen,55595,Landkreis Bad Kreuznach,Rheinland-Pfalz
2397425,15087440,Wallhausen,06528,Landkreis Mansfeld-Südharz,Sachsen-Anhalt
422313,7132111,Wallmenroth,57584,Landkreis Altenkirchen,Rheinland-Pfalz
534490,7143304,Wallmerod,56414,Westerwaldkreis,Rheinland-Pfalz
1156035,1059173,Wallsbüll,24980,Kreis Schleswig-Flensburg,Schleswig-Holstein
1258876,7231127,Wallscheid,54531,Landkreis Bernkastel-Wittlich,Rheinland-Pfalz
1285572,15081545,Wallstawe,29413,Altmarkkreis Salzwedel,Sachsen-Anhalt
941754,6439017,Walluf,65396,Rheingau-Taunus-Kreis,Hessen
1424397,13071155,Walow,17209,Landkreis Mecklenburgische Seenplatte,Mecklenburg-Vorpommern
2778447,16074106,Walpernhain,07613,Saale-Holzland-Kreis,Thüringen
934756,9177142,Walpertskirchen,85469,Landkreis Erding,Bayern
2411250,16068057,Walschleben,99189,Landkreis Sömmerda,Thüringen
330894,7233080,Walsdorf,54578,Landkreis Vulkaneifel,Rheinland-Pfalz
1077532,9471208,Walsdorf,96194,Landkreis Bamberg,Bayern
1252377,7340226,Walshausen,66484,Landkreis Südwestpfalz,Rheinland-Pfalz
1252553,7337082,Walsheim,76833,Landkreis Südliche Weinstraße,Rheinland-Pfalz
1302362,12068452,Walsleben,16818,Landkreis Ostprignitz-Ruppin,Brandenburg
1808966,3358024,Walsrode,29664,Landkreis Heidekreis,Niedersachsen
1808966,3358024,Walsrode,29699,Landkreis Heidekreis,Niedersachsen
962703,9774192,Waltenhausen,86480,Landkreis Günzburg,Bayern
957741,9780143,Waltenhofen,87448,Landkreis Oberallgäu,Bayern
416408,7132112,Walterschen,57632,Landkreis Altenkirchen,Rheinland-Pfalz
2778449,16074107,Waltersdorf,07646,Saale-Holzland-Kreis,Thüringen
2801707,16067072,Waltershausen,99880,Landkreis Gotha,Thüringen
943555,9176165,Walting,85137,Landkreis Eichstätt,Bayern
63510,5562036,Waltrop,45731,Kreis Recklinghausen,Nordrhein-Westfalen
156058,8215089,Walzbachtal,75045,Landkreis Karlsruhe,Baden-Württemberg
1156126,1059174,Wanderup,24997,Kreis Schleswig-Flensburg,Schleswig-Holstein
1335915,12060269,Wandlitz,16348,Landkreis Barnim,Brandenburg
549420,6636013,Wanfried,37281,Werra-Meißner-Kreis,Hessen
29829,9178155,Wang,85368,Landkreis Freising,Bayern
1467718,1053128,Wangelau,21483,Kreis Herzogtum Lauenburg,Schleswig-Holstein
2014101,3255036,Wangelnstedt,37627,Landkreis Holzminden,Niedersachsen
382425,1055043,Wangels,23758,Kreis Ostholstein,Schleswig-Holstein
2825846,8117055,Wangen,73117,Landkreis Göppingen,Baden-Württemberg
2808305,8436081,Wangen im Allgäu,88239,Landkreis Ravensburg,Baden-Württemberg
1187768,3455020,Wangerland,26434,Landkreis Friesland,Niedersachsen
1187506,3455021,Wangerooge,26486,Landkreis Friesland,Niedersachsen
310415,1057085,Wankendorf,24601,Kreis Plön,Schleswig-Holstein
1180093,3352055,Wanna,21776,Landkreis Cuxhaven,Niedersachsen
2772827,8415080,Wannweil,72827,Landkreis Reutlingen,Baden-Württemberg
1286627,15083531,Wanzleben-Börde,39164,Landkreis Börde,Sachsen-Anhalt
556096,1058167,Wapelfeld,24594,Kreis Rendsburg-Eckernförde,Schleswig-Holstein
1446637,3154025,Warberg,38378,Landkreis Helmstedt,Niedersachsen
1891491,5762036,Warburg,34414,Kreis Höxter,Nordrhein-Westfalen
1185589,3458013,Wardenburg,26203,Landkreis Oldenburg,Niedersachsen
548548,1058168,Warder,24646,Kreis Rendsburg-Eckernförde,Schleswig-Holstein
1971867,13072112,Wardow,18299,Landkreis Rostock,Mecklenburg-Vorpommern
152291,5570052,Warendorf,48231,Kreis Warendorf,Nordrhein-Westfalen
1424311,13071156,Waren (Müritz),17192,Landkreis Mecklenburgische Seenplatte,Mecklenburg-Vorpommern
1444892,13074084,Warin,19417,Landkreis Nordwestmecklenburg,Mecklenburg-Vorpommern
1451538,13076145,Warlitz,19230,Landkreis Ludwigslust-Parchim,Mecklenburg-Vorpommern
1451591,13076146,Warlow,19288,Landkreis Ludwigslust-Parchim,Mecklenburg-Vorpommern
1071008,9472198,Warmensteinach,95485,Landkreis Bayreuth,Bayern
1183270,3256034,Warmsen,31606,Landkreis Nienburg/Weser,Niedersachsen
1243989,7133110,Warmsroth,55442,Landkreis Bad Kreuznach,Rheinland-Pfalz
310396,1057086,Warnau,24250,Kreis Plön,Schleswig-Holstein
935947,9182136,Warngau,83627,Landkreis Miesbach,Bayern
2027765,13072113,Warnkenhagen,17168,Landkreis Rostock,Mecklenburg-Vorpommern
1479871,13074085,Warnow,23936,Landkreis Nordwestmecklenburg,Mecklenburg-Vorpommern
1479871,13074085,Warnow,23948,Landkreis Nordwestmecklenburg,Mecklenburg-Vorpommern
1963384,13072114,Warnow,18249,Landkreis Rostock,Mecklenburg-Vorpommern
1183249,3256035,Warpe,27333,Landkreis Nienburg/Weser,Niedersachsen
1427220,13071157,Warrenzin,17111,Landkreis Mecklenburgische Seenplatte,Mecklenburg-Vorpommern
448771,1061108,Warringholz,25560,Kreis Steinburg,Schleswig-Holstein
1451506,13076147,Warsow,19075,Landkreis Ludwigslust-Parchim,Mecklenburg-Vorpommern
153401,5974044,Warstein,59581,Kreis Soest,Nordrhein-Westfalen
418334,6535019,Wartenberg,36367,Vogelsbergkreis,Hessen
934742,9177143,Wartenberg,85456,Landkreis Erding,Bayern
1254708,7333080,Wartenberg-Rohrbach,67681,Donnersbergkreis,Rheinland-Pfalz
2801353,8426128,Warthausen,88447,Landkreis Biberach,Baden-Württemberg
384268,9672161,Wartmannsroth,97797,Landkreis Bad Kissingen,Bayern
445788,1051121,Warwerort,25761,Kreis Dithmarschen,Schleswig-Holstein
957877,1058169,Wasbek,24647,Kreis Rendsburg-Eckernförde,Schleswig-Holstein
1357688,3151037,Wasbüttel,38553,Landkreis Gifhorn,Niedersachsen
2825743,8117053,Wäschenbeuren,73116,Landkreis Göppingen,Baden-Württemberg
2825743,8117053,Wäschenbeuren,73547,Landkreis Göppingen,Baden-Württemberg
537206,7141133,Wasenbach,56370,Rhein-Lahn-Kreis,Rheinland-Pfalz
1050564,7131209,Wassenach,56653,Landkreis Ahrweiler,Rheinland-Pfalz
158023,5370036,Wassenberg,41849,Kreis Heinsberg,Nordrhein-Westfalen
2186945,9187182,Wasserburg am Inn,83512,Landkreis Rosenheim,Bayern
812181,9776128,Wasserburg (Bodensee),88142,Landkreis Lindau,Bayern
1255965,7235143,Wasserliesch,54332,Landkreis Trier-Saarburg,Rheinland-Pfalz
318735,9678192,Wasserlosen,97535,Landkreis Schweinfurt,Bayern
2388888,16065077,Wasserthaleben,99718,Kyffhäuserkreis,Thüringen
534397,9571214,Wassertrüdingen,91717,Landkreis Ansbach,Bayern
2820020,16066086,Wasungen,98634,Landkreis Schmalkalden-Meiningen,Thüringen
1796302,3351021,Wathlingen,29339,Landkreis Celle,Niedersachsen
553512,1058170,Wattenbek,24582,Kreis Rendsburg-Eckernförde,Schleswig-Holstein
1077542,9471209,Wattendorf,96196,Landkreis Bamberg,Bayern
1249751,7332047,Wattenheim,67319,Landkreis Bad Dürkheim,Rheinland-Pfalz
1108038,7232320,Watzerath,54595,Eifelkreis Bitburg-Prüm,Rheinland-Pfalz
1108063,7232321,Wawern,54612,Eifelkreis Bitburg-Prüm,Rheinland-Pfalz
1255972,7235144,Wawern,54441,Landkreis Trier-Saarburg,Rheinland-Pfalz
1113738,7232322,Waxweiler,54649,Eifelkreis Bitburg-Prüm,Rheinland-Pfalz
962645,9779226,Wechingen,86759,Landkreis Donau-Ries,Bayern
413430,14522580,Wechselburg,09306,Landkreis Mittelsachsen,Sachsen
423185,1060095,Weddelbrook,24576,Kreis Segeberg,Schleswig-Holstein
413440,1051122,Weddingstedt,25795,Kreis Dithmarschen,Schleswig-Holstein
3370039,1056050,Wedel,22880,Kreis Pinneberg,Schleswig-Holstein
1177823,3241019,Wedemark,30900,Region Hannover,Niedersachsen
1746116,13074092,Wedendorfersee,19217,Landkreis Nordwestmecklenburg,Mecklenburg-Vorpommern
442914,1060096,Weede,23795,Kreis Segeberg,Schleswig-Holstein
1255862,3457021,Weener,26826,Landkreis Leer,Niedersachsen
1149283,1059176,Wees,24999,Kreis Schleswig-Flensburg,Schleswig-Holstein
1156026,1059177,Weesby,24994,Kreis Schleswig-Flensburg,Schleswig-Holstein
167976,5154064,Weeze,47652,Kreis Kleve,Nordrhein-Westfalen
1286628,15083535,Wefensleben,39365,Landkreis Börde,Sachsen-Anhalt
51167,5370040,Wegberg,41844,Kreis Heinsberg,Nordrhein-Westfalen
1332260,15085365,Wegeleben,38828,Landkreis Harz,Sachsen-Anhalt
958088,9275156,Wegscheid,94110,Landkreis Passau,Bayern
1231984,8327051,Wehingen,78564,Landkreis Tuttlingen,Baden-Württemberg
534522,14628370,Wehlen,01829,Landkreis Sächsische Schweiz-Osterzgebirge,Sachsen
2393864,16061103,Wehnde,37339,Landkreis Eichsfeld,Thüringen
1050579,7131210,Wehr,56653,Landkreis Ahrweiler,Rheinland-Pfalz
2787781,8337116,Wehr,79664,Landkreis Waldshut,Baden-Württemberg
1675315,3251045,Wehrbleck,27259,Landkreis Diepholz,Niedersachsen
1675315,3251045,Wehrbleck,49453,Landkreis Diepholz,Niedersachsen
549423,6636014,Wehretal,37287,Werra-Meißner-Kreis,Hessen
418436,6434012,Wehrheim,61273,Hochtaunuskreis,Hessen
935166,9772215,Wehringen,86517,Landkreis Augsburg,Bayern
1050563,7131211,Weibern,56745,Landkreis Ahrweiler,Rheinland-Pfalz
387542,9671157,Weibersbrunn,63879,Landkreis Aschaffenburg,Bayern
943709,9185168,Weichering,86706,Landkreis Neuburg-Schrobenhausen,Bayern
934477,9174151,Weichs,85258,Landkreis Dachau,Bayern
2779977,16076079,Weida,07570,Landkreis Greiz,Thüringen
1245137,7134091,Weiden,55758,Landkreis Birkenfeld,Rheinland-Pfalz
534390,9571216,Weidenbach,91746,Landkreis Ansbach,Bayern
540473,7141134,Weidenbach,56355,Rhein-Lahn-Kreis,Rheinland-Pfalz
1085800,7233081,Weidenbach,54570,Landkreis Vulkaneifel,Rheinland-Pfalz
1071006,9472199,Weidenberg,95466,Landkreis Bayreuth,Bayern
533598,7143305,Weidenhahn,56244,Westerwaldkreis,Rheinland-Pfalz
62554,9363000,Weiden in der Oberpfalz,92637,,Bayern
2789609,8425130,Weidenstetten,89197,Alb-Donau-Kreis,Baden-Württemberg
1249987,7332048,Weidenthal,67475,Landkreis Bad Dürkheim,Rheinland-Pfalz
956870,9473174,Weidhausen b.Coburg,96279,Landkreis Coburg,Bayern
960530,9372174,Weiding,93495,Landkreis Cham,Bayern
961859,9376176,Weiding,92557,Landkreis Schwandorf,Bayern
1171888,7232132,Weidingen,54636,Eifelkreis Bitburg-Prüm,Rheinland-Pfalz
1028550,9371157,Weigendorf,91249,Landkreis Amberg-Sulzbach,Bayern
356752,9575179,Weigenheim,97215,Landkreis Neustadt an der Aisch-Bad Windsheim,Bayern
534275,9571217,Weihenzell,91629,Landkreis Ansbach,Bayern
1059440,9374166,Weiherhammer,92700,Landkreis Neustadt an der Waldnaab,Bayern
1059440,9374166,Weiherhammer,92729,Landkreis Neustadt an der Waldnaab,Bayern
190747,9274187,Weihmichl,84107,Landkreis Landshut,Bayern
402689,8128126,Weikersheim,97990,Main-Tauber-Kreis,Baden-Württemberg
933850,9181145,Weil,86947,Landkreis Landsberg am Lech,Bayern
2787969,8336091,Weil am Rhein,79576,Landkreis Lörrach,Baden-Württemberg
2899768,16063084,Weilar,36457,Wartburgkreis,Thüringen
393499,9676165,Weilbach,63937,Landkreis Miltenberg,Bayern
324303,6533017,Weilburg,35781,Landkreis Limburg-Weilburg,Hessen
722152,8115050,Weil der Stadt,71263,Landkreis Böblingen,Baden-Württemberg
2781623,8417071,Weilen unter den Rinnen,72367,Zollernalbkreis,Baden-Württemberg
548058,7137110,Weiler,56729,Landkreis Mayen-Koblenz,Rheinland-Pfalz
1269804,7135089,Weiler,56825,Landkreis Cochem-Zell,Rheinland-Pfalz
1253792,7335049,Weilerbach,67685,Landkreis Kaiserslautern,Rheinland-Pfalz
1239624,7339063,Weiler bei Bingen,55413,Landkreis Mainz-Bingen,Rheinland-Pfalz
1244166,7133111,Weiler bei Monzingen,55627,Landkreis Bad Kreuznach,Rheinland-Pfalz
1080487,9474171,Weilersbach,91365,Landkreis Forchheim,Bayern
959854,9776129,Weiler-Simmerberg,88171,Landkreis Lindau,Bayern
158134,5366040,Weilerswist,53919,Kreis Euskirchen,Nordrhein-Westfalen
1240403,8337118,Weilheim,79809,Landkreis Waldshut,Baden-Württemberg
2795195,8116070,Weilheim an der Teck,73235,Landkreis Esslingen,Baden-Württemberg
936925,9190157,Weilheim in Oberbayern,82362,Landkreis Weilheim-Schongau,Bayern
722148,8115051,Weil im Schönbuch,71093,Landkreis Böblingen,Baden-Württemberg
324310,6533018,Weilmünster,35789,Landkreis Limburg-Weilburg,Hessen
418383,6434013,Weilrod,61276,Hochtaunuskreis,Hessen
534180,9571218,Weiltingen,91744,Landkreis Ansbach,Bayern
62493,16055000,Weimar,99423,,Thüringen
62493,16055000,Weimar,99425,,Thüringen
62493,16055000,Weimar,99427,,Thüringen
62493,16055000,Weimar,99428,,Thüringen
225493,6534020,Weimar (Lahn),35096,Landkreis Marburg-Biedenkopf,Hessen
540050,7141135,Weinähr,56379,Rhein-Lahn-Kreis,Rheinland-Pfalz
324309,6533019,Weinbach,35796,Landkreis Limburg-Weilburg,Hessen
546772,14627310,Weinböhla,01689,Landkreis Meißen,Sachsen
659819,8215090,Weingarten,76356,Landkreis Karlsruhe,Baden-Württemberg
2808306,8436082,Weingarten,88250,Landkreis Ravensburg,Baden-Württemberg
1250341,7334032,Weingarten (Pfalz),67366,Landkreis Germersheim,Rheinland-Pfalz
454175,8226096,Weinheim,69469,Rhein-Neckar-Kreis,Baden-Württemberg
1245841,7339064,Weinolsheim,55278,Landkreis Mainz-Bingen,Rheinland-Pfalz
410473,8125102,Weinsberg,74189,Landkreis Heilbronn,Baden-Württemberg
1108043,7232226,Weinsheim,54595,Eifelkreis Bitburg-Prüm,Rheinland-Pfalz
1244229,7133112,Weinsheim,55595,Landkreis Bad Kreuznach,Rheinland-Pfalz
401694,8119091,Weinstadt,71384,Rems-Murr-Kreis,Baden-Württemberg
2179227,16075121,Weira,07806,Saale-Orla-Kreis,Thüringen
6906105,14523450,Weischlitz,08538,Vogtlandkreis,Sachsen
539915,7141136,Weisel,56348,Rhein-Lahn-Kreis,Rheinland-Pfalz
1289789,12070416,Weisen,19322,Landkreis Prignitz,Brandenburg
907246,8216059,Weisenbach,76599,Landkreis Rastatt,Baden-Württemberg
1016533,9572164,Weisendorf,91085,Landkreis Erlangen-Höchstadt,Bayern
1249954,7332049,Weisenheim am Berg,67273,Landkreis Bad Dürkheim,Rheinland-Pfalz
1249955,7332050,Weisenheim am Sand,67256,Landkreis Bad Dürkheim,Rheinland-Pfalz
1184403,10042117,Weiskirchen,66709,Landkreis Merzig-Wadern,Saarland
1026863,9478176,Weismain,96260,Landkreis Lichtenfels,Bayern
722149,8115052,Weissach,71287,Landkreis Böblingen,Baden-Württemberg
400936,8119083,Weissach im Tal,71554,Rems-Murr-Kreis,Baden-Württemberg
376923,8126086,Weißbach,74679,Hohenlohekreis,Baden-Württemberg
2778452,16074108,Weißbach,07646,Saale-Holzland-Kreis,Thüringen
1021698,9475184,Weißdorf,95237,Landkreis Hof,Bayern
1309659,14625610,Weißenberg - Wóspork,02627,Landkreis Bautzen,Sachsen
549425,6636015,Weißenborn,37299,Werra-Meißner-Kreis,Hessen
2778453,16074109,Weißenborn,07639,Saale-Holzland-Kreis,Thüringen
416500,14522590,Weißenborn/Erzgebirge,09600,Landkreis Mittelsachsen,Sachsen
1021744,9476185,Weißenbrunn,96369,Landkreis Kronach,Bayern
1015141,9577177,Weißenburg i. Bay.,91781,Landkreis Weißenburg-Gunzenhausen,Bayern
2779191,16076081,Weißendorf,07950,Landkreis Greiz,Thüringen
2405268,15084550,Weißenfels,06667,Burgenlandkreis,Sachsen-Anhalt
2405268,15084550,Weißenfels,06688,Burgenlandkreis,Sachsen-Anhalt
941081,9775164,Weißenhorn,89264,Landkreis Neu-Ulm,Bayern
1080482,9474173,Weißenohe,91367,Landkreis Forchheim,Bayern
812179,9776130,Weißensberg,88138,Landkreis Lindau,Bayern
2410105,16068058,Weißensee,99631,Landkreis Sömmerda,Thüringen
1022880,9479166,Weißenstadt,95163,Landkreis Wunsiedel im Fichtelgebirge,Bayern
548982,7137228,Weißenthurm,56575,Landkreis Mayen-Koblenz,Rheinland-Pfalz
1311128,14626590,Weißkeißel – Wuskidź,02957,Landkreis Görlitz,Sachsen
1310639,14626600,Weißwasser/O.L. - Běła Woda,02943,Landkreis Görlitz,Sachsen
1124265,8316049,Weisweil,79367,Landkreis Emmendingen,Baden-Württemberg
421957,7132113,Weitefeld,57586,Landkreis Altenkirchen,Rheinland-Pfalz
449950,13076148,Weitendorf,19412,Landkreis Ludwigslust-Parchim,Mecklenburg-Vorpommern
374160,13073097,Weitenhagen,18461,Landkreis Vorpommern-Rügen,Mecklenburg-Vorpommern
9682107,13075142,Weitenhagen,17498,Landkreis Vorpommern-Greifswald,Mecklenburg-Vorpommern
1245093,7134092,Weitersbach,55624,Landkreis Birkenfeld,Rheinland-Pfalz
1244118,7133113,Weitersborn,55629,Landkreis Bad Kreuznach,Rheinland-Pfalz
547365,7137229,Weitersburg,56191,Landkreis Mayen-Koblenz,Rheinland-Pfalz
452419,6432023,Weiterstadt,64331,Landkreis Darmstadt-Dieburg,Hessen
1254393,7333081,Weitersweiler,67808,Donnersbergkreis,Rheinland-Pfalz
957827,9780144,Weitnau,87480,Landkreis Oberallgäu,Bayern
956862,9473175,Weitramsdorf,96479,Landkreis Coburg,Bayern
1075159,7233244,Welcherath,53539,Landkreis Vulkaneifel,Rheinland-Pfalz
1246618,7336103,Welchweiler,66887,Landkreis Kusel,Rheinland-Pfalz
445262,9772216,Welden,86465,Landkreis Augsburg,Bayern
1245783,7339065,Welgesheim,55576,Landkreis Mainz-Bingen,Rheinland-Pfalz
453180,7143306,Welkenbach,57644,Westerwaldkreis,Rheinland-Pfalz
337711,3353038,Welle,21261,Landkreis Harburg,Niedersachsen
1255966,7235146,Wellen,54441,Landkreis Trier-Saarburg,Rheinland-Pfalz
943755,8325064,Wellendingen,78669,Landkreis Rottweil,Baden-Württemberg
943534,9176166,Wellheim,91809,Landkreis Eichstätt,Bayern
543134,7137112,Welling,56753,Landkreis Mayen-Koblenz,Rheinland-Pfalz
964208,1051125,Welmbüttel,25782,Kreis Dithmarschen,Schleswig-Holstein
1260069,7235501,Welschbillig,54298,Landkreis Trier-Saarburg,Rheinland-Pfalz
548059,7137113,Welschenbach,56729,Landkreis Mayen-Koblenz,Rheinland-Pfalz
453853,7143079,Welschneudorf,56412,Westerwaldkreis,Rheinland-Pfalz
1107767,1054148,Welt,25836,Kreis Nordfriesland,Schleswig-Holstein
540474,7141137,Welterod,56357,Rhein-Lahn-Kreis,Rheinland-Pfalz
535021,7143307,Weltersburg,56459,Westerwaldkreis,Rheinland-Pfalz
153517,5974048,Welver,59514,Kreis Soest,Nordrhein-Westfalen
401624,8119084,Welzheim,73553,Rems-Murr-Kreis,Baden-Württemberg
401624,8119084,Welzheim,73635,Rems-Murr-Kreis,Baden-Württemberg
401624,8119084,Welzheim,73642,Rems-Murr-Kreis,Baden-Württemberg
401624,8119084,Welzheim,73667,Rems-Murr-Kreis,Baden-Württemberg
1322548,12071408,Welzow,03119,Landkreis Spree-Neiße,Brandenburg
1244182,8336094,Wembach,79677,Landkreis Lörrach,Baden-Württemberg
962647,9779228,Wemding,86650,Landkreis Donau-Ries,Bayern
1182559,3157008,Wendeburg,38176,Landkreis Peine,Niedersachsen
1248629,7331070,Wendelsheim,55234,Landkreis Alzey-Worms,Rheinland-Pfalz
64627,9576151,Wendelstein,90530,Landkreis Roth,Bayern
160880,5966028,Wenden,57482,Kreis Olpe,Nordrhein-Westfalen
372867,13073098,Wendisch Baggendorf,18513,Landkreis Vorpommern-Rügen,Mecklenburg-Vorpommern
1387429,3355040,Wendisch Evern,21403,Landkreis Lüneburg,Niedersachsen
1384800,12067520,Wendisch Rietz,15864,Landkreis Oder-Spree,Brandenburg
2793013,8116071,Wendlingen am Neckar,73240,Landkreis Esslingen,Baden-Württemberg
372313,13073099,Wendorf,18442,Landkreis Vorpommern-Rügen,Mecklenburg-Vorpommern
288257,1057087,Wendtorf,24235,Kreis Plön,Schleswig-Holstein
179050,9274188,Weng,84187,Landkreis Landshut,Bayern
443103,1051126,Wennbüttel,25767,Kreis Dithmarschen,Schleswig-Holstein
2012665,3241020,Wennigsen (Deister),30974,Region Hannover,Niedersachsen
1141531,1054149,Wenningstedt-Braderup (Sylt),25996,Kreis Nordfriesland,Schleswig-Holstein
442930,1060097,Wensin,23827,Kreis Segeberg,Schleswig-Holstein
1464775,1053130,Wentorf,23898,Kreis Herzogtum Lauenburg,Schleswig-Holstein
324756,1053129,Wentorf bei Hamburg,21465,Kreis Herzogtum Lauenburg,Schleswig-Holstein
964618,9375208,Wenzenbach,93173,Landkreis Regensburg,Bayern
280558,3353039,Wenzendorf,21279,Landkreis Harburg,Niedersachsen
962587,12069648,Wenzlow,14778,Landkreis Potsdam-Mittelmark,Brandenburg
401805,8128128,Werbach,97956,Main-Tauber-Kreis,Baden-Württemberg
1322841,12071412,Werben,03096,Landkreis Spree-Neiße,Brandenburg
1284753,15090610,Werben (Elbe),39539,Landkreis Stendal,Sachsen-Anhalt
1284753,15090610,Werben (Elbe),39615,Landkreis Stendal,Sachsen-Anhalt
444283,14523460,Werda,08223,Vogtlandkreis,Sachsen
417076,14524300,Werdau,08412,Landkreis Zwickau,Sachsen
449901,13076151,Werder,19386,Landkreis Ludwigslust-Parchim,Mecklenburg-Vorpommern
1427892,13071158,Werder,17089,Landkreis Mecklenburgische Seenplatte,Mecklenburg-Vorpommern
531654,12069656,Werder (Havel),14542,Landkreis Potsdam-Mittelmark,Brandenburg
168545,5962060,Werdohl,58791,Märkischer Kreis,Nordrhein-Westfalen
2012459,3462017,Werdum,26427,Landkreis Wittmund,Niedersachsen
418143,7132114,Werkhausen,57635,Landkreis Altenkirchen,Rheinland-Pfalz
153508,5974052,Werl,59457,Kreis Soest,Nordrhein-Westfalen
1749929,3454057,Werlte,49757,Landkreis Emsland,Niedersachsen
148789,5378032,Wermelskirchen,42929,Rheinisch-Bergischer Kreis,Nordrhein-Westfalen
535245,14730330,Wermsdorf,04779,Landkreis Nordsachsen,Sachsen
2792766,8116072,Wernau (Neckar),73249,Landkreis Esslingen,Baden-Württemberg
962204,9376150,Wernberg-Köblitz,92533,Landkreis Schwandorf,Bayern
2179228,16075124,Wernburg,07381,Saale-Orla-Kreis,Thüringen
158456,5978040,Werne,59368,Kreis Unna,Nordrhein-Westfalen
318733,9678193,Werneck,97440,Landkreis Schweinfurt,Bayern
1252766,7337083,Wernersberg,76857,Landkreis Südliche Weinstraße,Rheinland-Pfalz
1318353,12060280,Werneuchen,16356,Landkreis Barnim,Brandenburg
1352965,15085370,Wernigerode,38855,Landkreis Harz,Sachsen-Anhalt
1352965,15085370,Wernigerode,38875,Landkreis Harz,Sachsen-Anhalt
1352965,15085370,Wernigerode,38879,Landkreis Harz,Sachsen-Anhalt
2411251,16068059,Werningshausen,99634,Landkreis Sömmerda,Thüringen
534491,7143080,Weroth,56414,Westerwaldkreis,Rheinland-Pfalz
2007860,3454058,Werpeloh,49751,Landkreis Emsland,Niedersachsen
1268881,16063103,Werra-Suhl-Tal,99837,Wartburgkreis,Thüringen
1060408,7131082,Wershofen,53520,Landkreis Ahrweiler,Rheinland-Pfalz
958081,9780145,Wertach,87497,Landkreis Oberallgäu,Bayern
401778,8128131,Wertheim,97877,Main-Tauber-Kreis,Baden-Württemberg
2400553,16062063,Werther,99735,Landkreis Nordhausen,Thüringen
138697,5754052,Werther (Westf.),33824,Kreis Gütersloh,Nordrhein-Westfalen
956952,9773182,Wertingen,86637,Landkreis Dillingen an der Donau,Bayern
58590,5170048,Wesel,46483,Kreis Wesel,Nordrhein-Westfalen
58590,5170048,Wesel,46485,Kreis Wesel,Nordrhein-Westfalen
58590,5170048,Wesel,46487,Kreis Wesel,Nordrhein-Westfalen
1250990,7340055,Weselberg,66919,Landkreis Südwestpfalz,Rheinland-Pfalz
532318,1062094,Wesenberg,23858,Kreis Stormarn,Schleswig-Holstein
1419649,13071159,Wesenberg,17255,Landkreis Mecklenburgische Seenplatte,Mecklenburg-Vorpommern
1384589,3151038,Wesendorf,29392,Landkreis Gifhorn,Niedersachsen
10523427,6633030,Wesertal,34399,Landkreis Kassel,Hessen
447966,1051127,Wesselburen,25764,Kreis Dithmarschen,Schleswig-Holstein
447164,1051128,Wesselburener Deichhausen,25764,Kreis Dithmarschen,Schleswig-Holstein
447965,1051129,Wesselburenerkoog,25764,Kreis Dithmarschen,Schleswig-Holstein
168448,5362040,Wesseling,50389,Rhein-Erft-Kreis,Nordrhein-Westfalen
413110,1051130,Wesseln,25746,Kreis Dithmarschen,Schleswig-Holstein
936656,9188144,Weßling,82234,Landkreis Starnberg,Bayern
936793,9190158,Wessobrunn,82405,Landkreis Weilheim-Schongau,Bayern
1460255,3360026,Weste,29599,Landkreis Uelzen,Niedersachsen
445847,9772217,Westendorf,86707,Landkreis Augsburg,Bayern
447637,9777182,Westendorf,87679,Landkreis Ostallgäu,Bayern
548504,1058171,Westensee,24259,Kreis Rendsburg-Eckernförde,Schleswig-Holstein
532323,1062083,Westerau,23847,Kreis Stormarn,Schleswig-Holstein
964215,1051131,Westerborstel,25782,Kreis Dithmarschen,Schleswig-Holstein
535022,7143308,Westerburg,56457,Westerwaldkreis,Rheinland-Pfalz
447163,1051132,Westerdeichstrich,25761,Kreis Dithmarschen,Schleswig-Holstein
1643401,3355041,Westergellersen,21394,Landkreis Lüneburg,Niedersachsen
958246,9778214,Westerheim,87784,Landkreis Unterallgäu,Bayern
2782603,8425134,Westerheim,72589,Alb-Donau-Kreis,Baden-Württemberg
1395346,1054150,Westerhever,25881,Kreis Nordfriesland,Schleswig-Holstein
2012369,3462018,Westerholt,26556,Landkreis Wittmund,Niedersachsen
1149274,1059178,Westerholz,24977,Kreis Schleswig-Flensburg,Schleswig-Holstein
444182,1056051,Westerhorn,25364,Kreis Pinneberg,Schleswig-Holstein
155572,5566092,Westerkappeln,49492,Kreis Steinfurt,Nordrhein-Westfalen
450522,1061109,Westermoor,25597,Kreis Steinburg,Schleswig-Holstein
533992,9671159,Westerngrund,63825,Landkreis Aschaffenburg,Bayern
533267,7143309,Westernohe,56479,Westerwaldkreis,Rheinland-Pfalz
1406818,1054152,Wester-Ohrstedt,25885,Kreis Nordfriesland,Schleswig-Holstein
450589,1060098,Westerrade,23815,Kreis Segeberg,Schleswig-Holstein
548577,1058172,Westerrönfeld,24784,Kreis Rendsburg-Eckernförde,Schleswig-Holstein
1187357,3451007,Westerstede,26655,Landkreis Ammerland,Niedersachsen
2788339,8425135,Westerstetten,89198,Alb-Donau-Kreis,Baden-Württemberg
965593,3357053,Westertimke,27412,Landkreis Rotenburg (Wümme),Niedersachsen
965601,3357054,Westerwalsede,27386,Landkreis Rotenburg (Wümme),Niedersachsen
2388862,16065079,Westgreußen,99718,Kyffhäuserkreis,Thüringen
915552,8136082,Westhausen,73463,Ostalbkreis,Baden-Württemberg
1270325,16069056,Westhausen,98663,Landkreis Hildburghausen,Thüringen
1286671,15083557,Westheide,39343,Landkreis Börde,Sachsen-Anhalt
1286671,15083557,Westheide,39345,Landkreis Börde,Sachsen-Anhalt
1015122,9577179,Westheim,91747,Landkreis Weißenburg-Gunzenhausen,Bayern
1250340,7334033,Westheim,67368,Landkreis Germersheim,Rheinland-Pfalz
1248781,7331071,Westhofen,67593,Landkreis Alzey-Worms,Rheinland-Pfalz
1470259,3457022,Westoverledingen,26810,Landkreis Leer,Niedersachsen
1418486,1054154,Westre,25926,Kreis Nordfriesland,Schleswig-Holstein
2403988,15084560,Wethau,06618,Burgenlandkreis,Sachsen-Anhalt
1588115,3251046,Wetschen,49453,Landkreis Diepholz,Niedersachsen
418608,6531018,Wettenberg,35435,Landkreis Gießen,Hessen
225482,6534021,Wetter,35083,Landkreis Marburg-Biedenkopf,Hessen
162832,5954032,Wetter (Ruhr),58300,Ennepe-Ruhr-Kreis,Nordrhein-Westfalen
2404218,15084565,Wetterzeube,06722,Burgenlandkreis,Sachsen-Anhalt
2407134,15088216,Wettin-Löbejün,06193,Saalekreis,Sachsen-Anhalt
1152703,7232133,Wettlingen,54646,Eifelkreis Bitburg-Prüm,Rheinland-Pfalz
155793,5566096,Wettringen,48493,Kreis Steinfurt,Nordrhein-Westfalen
534087,9571222,Wettringen,91631,Landkreis Ansbach,Bayern
2006837,3454059,Wettrup,49838,Landkreis Emsland,Niedersachsen
943543,9176167,Wettstetten,85139,Landkreis Eichstätt,Bayern
215978,6532023,Wetzlar,35576,Lahn-Dill-Kreis,Hessen
215978,6532023,Wetzlar,35578,Lahn-Dill-Kreis,Hessen
215978,6532023,Wetzlar,35579,Lahn-Dill-Kreis,Hessen
215978,6532023,Wetzlar,35580,Lahn-Dill-Kreis,Hessen
215978,6532023,Wetzlar,35581,Lahn-Dill-Kreis,Hessen
215978,6532023,Wetzlar,35582,Lahn-Dill-Kreis,Hessen
215978,6532023,Wetzlar,35583,Lahn-Dill-Kreis,Hessen
215978,6532023,Wetzlar,35584,Lahn-Dill-Kreis,Hessen
215978,6532023,Wetzlar,35585,Lahn-Dill-Kreis,Hessen
215978,6532023,Wetzlar,35586,Lahn-Dill-Kreis,Hessen
447770,1061110,Wewelsfleth,25599,Kreis Steinburg,Schleswig-Holstein
935949,9182137,Weyarn,83629,Landkreis Miesbach,Bayern
539906,7141138,Weyer,56357,Rhein-Lahn-Kreis,Rheinland-Pfalz
418878,7132115,Weyerbusch,57635,Landkreis Altenkirchen,Rheinland-Pfalz
1355712,3151039,Weyhausen,38554,Landkreis Gifhorn,Niedersachsen
20101,3251047,Weyhe,28844,Landkreis Diepholz,Niedersachsen
1252490,7337084,Weyher in der Pfalz,76835,Landkreis Südliche Weinstraße,Rheinland-Pfalz
2778456,16074112,Wichmar,07774,Saale-Holzland-Kreis,Thüringen
153510,5974056,Wickede (Ruhr),58739,Kreis Soest,Nordrhein-Westfalen
1245112,7134093,Wickenrodt,55758,Landkreis Birkenfeld,Rheinland-Pfalz
409706,8125103,Widdern,74259,Landkreis Heilbronn,Baden-Württemberg
1190010,7140161,Wiebelsheim,56291,Rhein-Hunsrück-Kreis,Rheinland-Pfalz
374259,13073100,Wieck a. Darß,18375,Landkreis Vorpommern-Rügen,Mecklenburg-Vorpommern
453181,7143310,Wied,57629,Westerwaldkreis,Rheinland-Pfalz
444739,14730340,Wiedemar,04509,Landkreis Nordsachsen,Sachsen
1130290,8336096,Wieden,79695,Landkreis Lörrach,Baden-Württemberg
450070,1061111,Wiedenborstel,24613,Kreis Steinburg,Schleswig-Holstein
1169412,3257037,Wiedensahl,31719,Landkreis Schaumburg,Niedersachsen
958164,9778216,Wiedergeltingen,86879,Landkreis Unterallgäu,Bayern
1186800,3451008,Wiefelstede,26215,Landkreis Ammerland,Niedersachsen
2857022,16071095,Wiegendorf,99510,Landkreis Weimarer Land,Thüringen
173875,5374048,Wiehl,51674,Oberbergischer Kreis,Nordrhein-Westfalen
1437947,13073101,Wiek,18556,Landkreis Vorpommern-Rügen,Mecklenburg-Vorpommern
2012575,3456024,Wielen,49847,Landkreis Grafschaft Bentheim,Niedersachsen
936877,9190159,Wielenbach,82407,Landkreis Weilheim-Schongau,Bayern
423222,1060099,Wiemersdorf,24649,Kreis Segeberg,Schleswig-Holstein
952358,1051133,Wiemerstedt,25779,Kreis Dithmarschen,Schleswig-Holstein
1964353,13072116,Wiendorf,18258,Landkreis Rostock,Mecklenburg-Vorpommern
1797624,3351022,Wienhausen,29342,Landkreis Celle,Niedersachsen
308392,8236065,Wiernsheim,75446,Enzkreis,Baden-Württemberg
543135,7137114,Wierschem,56294,Landkreis Mayen-Koblenz,Rheinland-Pfalz
1152665,7232134,Wiersdorf,54636,Eifelkreis Bitburg-Prüm,Rheinland-Pfalz
158758,1053131,Wiershop,21502,Kreis Herzogtum Lauenburg,Schleswig-Holstein
968891,9377159,Wiesau,95676,Landkreis Tirschenreuth,Bayern
1250675,7340227,Wiesbach,66894,Landkreis Südwestpfalz,Rheinland-Pfalz
62496,6414000,Wiesbaden,55246,,Hessen
62496,6414000,Wiesbaden,55252,,Hessen
62496,6414000,Wiesbaden,65183,,Hessen
62496,6414000,Wiesbaden,65185,,Hessen
62496,6414000,Wiesbaden,65187,,Hessen
62496,6414000,Wiesbaden,65189,,Hessen
62496,6414000,Wiesbaden,65191,,Hessen
62496,6414000,Wiesbaden,65193,,Hessen
62496,6414000,Wiesbaden,65195,,Hessen
62496,6414000,Wiesbaden,65197,,Hessen
62496,6414000,Wiesbaden,65199,,Hessen
62496,6414000,Wiesbaden,65201,,Hessen
62496,6414000,Wiesbaden,65203,,Hessen
62496,6414000,Wiesbaden,65205,,Hessen
62496,6414000,Wiesbaden,65207,,Hessen
331081,7233083,Wiesbaum,54578,Landkreis Vulkaneifel,Rheinland-Pfalz
1060405,7131083,Wiesemscheid,53534,Landkreis Ahrweiler,Rheinland-Pfalz
386877,9671162,Wiesen,63831,Landkreis Aschaffenburg,Bayern
1384805,12067528,Wiesenau,15295,Landkreis Oder-Spree,Brandenburg
1342379,12063142,Wiesenaue,14662,Landkreis Havelland,Brandenburg
453392,8226097,Wiesenbach,69257,Rhein-Neckar-Kreis,Baden-Württemberg
964150,9774189,Wiesenbach,86519,Landkreis Günzburg,Bayern
283689,9675177,Wiesenbronn,97355,Landkreis Kitzingen,Bayern
556296,12069665,Wiesenburg/Mark,14827,Landkreis Potsdam-Mittelmark,Brandenburg
2813370,16061105,Wiesenfeld,37308,Landkreis Eichsfeld,Thüringen
959662,9278197,Wiesenfelden,94344,Landkreis Straubing-Bogen,Bayern
1322601,12071414,Wiesengrund,03149,Landkreis Spree-Neiße,Brandenburg
2782604,8117058,Wiesensteig,73349,Landkreis Göppingen,Baden-Württemberg
966629,9375209,Wiesent,93109,Landkreis Regensburg,Bayern
2889829,16063086,Wiesenthal,36466,Wartburgkreis,Thüringen
1080472,9474175,Wiesenthau,91369,Landkreis Forchheim,Bayern
283694,9675178,Wiesentheid,97353,Landkreis Kitzingen,Bayern
1080445,9474176,Wiesenttal,91346,Landkreis Forchheim,Bayern
534184,9571223,Wieseth,91632,Landkreis Ansbach,Bayern
453399,8226098,Wiesloch,69168,Rhein-Neckar-Kreis,Baden-Württemberg
898631,3452025,Wiesmoor,26639,Landkreis Aurich,Niedersachsen
349417,9677200,Wiesthal,97859,Landkreis Main-Spessart,Bayern
1246781,7336104,Wiesweiler,67744,Landkreis Kusel,Rheinland-Pfalz
1853269,3456025,Wietmarschen,49835,Landkreis Grafschaft Bentheim,Niedersachsen
1799278,3351023,Wietze,29323,Landkreis Celle,Niedersachsen
1183268,3256036,Wietzen,31613,Landkreis Nienburg/Weser,Niedersachsen
1809017,3358023,Wietzendorf,29649,Landkreis Heidekreis,Niedersachsen
957775,9780146,Wiggensbach,87487,Landkreis Oberallgäu,Bayern
534179,9571224,Wilburgstetten,91634,Landkreis Ansbach,Bayern
55776,12061540,Wildau,15745,Landkreis Dahme-Spreewald,Brandenburg
1181675,8235080,Wildberg,72218,Landkreis Calw,Baden-Württemberg
1427901,13071160,Wildberg,17091,Landkreis Mecklenburgische Seenplatte,Mecklenburg-Vorpommern
238967,6632020,Wildeck,36208,Landkreis Hersfeld-Rotenburg,Hessen
956661,9273181,Wildenberg,93359,Landkreis Kelheim,Bayern
417708,14524310,Wildenfels,08134,Landkreis Zwickau,Sachsen
1187315,3458014,Wildeshausen,27793,Landkreis Oldenburg,Niedersachsen
384319,9672163,Wildflecken,97772,Landkreis Bad Kissingen,Bayern
957703,9780147,Wildpoldsried,87499,Landkreis Oberallgäu,Bayern
936782,9190160,Wildsteig,82409,Landkreis Weilheim-Schongau,Bayern
1251075,7340057,Wilgartswiesen,76848,Landkreis Südwestpfalz,Rheinland-Pfalz
1410791,13075143,Wilhelmsburg,17379,Landkreis Vorpommern-Greifswald,Mecklenburg-Vorpommern
357026,9575181,Wilhelmsdorf,91489,Landkreis Neustadt an der Aisch-Bad Windsheim,Bayern
2179229,16075125,Wilhelmsdorf,07389,Saale-Orla-Kreis,Thüringen
2808136,8436083,Wilhelmsdorf,88271,Landkreis Ravensburg,Baden-Württemberg
454181,8226099,Wilhelmsfeld,69259,Rhein-Neckar-Kreis,Baden-Württemberg
62444,3405000,Wilhelmshaven,26382,,Niedersachsen
62444,3405000,Wilhelmshaven,26384,,Niedersachsen
62444,3405000,Wilhelmshaven,26386,,Niedersachsen
62444,3405000,Wilhelmshaven,26388,,Niedersachsen
62444,3405000,Wilhelmshaven,26389,,Niedersachsen
1021751,9476189,Wilhelmsthal,96352,Landkreis Kronach,Bayern
1016403,9573133,Wilhermsdorf,91452,Landkreis Fürth,Bayern
417709,14524320,Wilkau-Haßlau,08112,Landkreis Zwickau,Sachsen
282344,9675179,Willanzheim,97348,Landkreis Kitzingen,Bayern
148590,5762040,Willebadessen,34439,Kreis Höxter,Nordrhein-Westfalen
450071,1061112,Willenscharen,24616,Kreis Steinburg,Schleswig-Holstein
88547,5166036,Willich,47877,Kreis Viersen,Nordrhein-Westfalen
533268,7143311,Willingen,56479,Westerwaldkreis,Rheinland-Pfalz
198593,6635022,Willingen (Upland),34508,Landkreis Waldeck-Frankenberg,Hessen
452219,6634026,Willingshausen,34628,Schwalm-Eder-Kreis,Hessen
386918,9673182,Willmars,97647,Landkreis Rhön-Grabfeld,Bayern
535023,7143312,Willmenrod,56459,Westerwaldkreis,Rheinland-Pfalz
960531,9372175,Willmering,93497,Landkreis Cham,Bayern
415005,7132116,Willroth,56594,Landkreis Altenkirchen,Rheinland-Pfalz
452980,8317141,Willstätt,77731,Ortenaukreis,Baden-Württemberg
1258633,7231132,Willwerscheid,54533,Landkreis Bernkastel-Wittlich,Rheinland-Pfalz
163259,5970044,Wilnsdorf,57234,Kreis Siegen-Wittgenstein,Nordrhein-Westfalen
455469,14628410,Wilsdruff,01723,Landkreis Sächsische Schweiz-Osterzgebirge,Sachsen
455469,14628410,Wilsdruff,01737,Landkreis Sächsische Schweiz-Osterzgebirge,Sachsen
1140566,7232135,Wilsecker,54655,Eifelkreis Bitburg-Prüm,Rheinland-Pfalz
965604,3357055,Wilstedt,27412,Landkreis Rotenburg (Wümme),Niedersachsen
448020,1061113,Wilster,25554,Kreis Steinburg,Schleswig-Holstein
1818115,3456026,Wilsum,49849,Landkreis Grafschaft Bentheim,Niedersachsen
1309672,14625630,Wilthen,02681,Landkreis Bautzen,Sachsen
1255971,7235148,Wiltingen,54459,Landkreis Trier-Saarburg,Rheinland-Pfalz
1244316,7134094,Wilzenberg-Hußweiler,55767,Landkreis Birkenfeld,Rheinland-Pfalz
1060430,7131084,Wimbach,53518,Landkreis Ahrweiler,Rheinland-Pfalz
2409463,15087470,Wimmelburg,06313,Landkreis Mansfeld-Südharz,Sachsen-Anhalt
307899,8236067,Wimsheim,71299,Enzkreis,Baden-Württemberg
1256030,7235149,Wincheringen,54457,Landkreis Trier-Saarburg,Rheinland-Pfalz
933972,9181146,Windach,86949,Landkreis Landsberg am Lech,Bayern
959668,9278198,Windberg,94336,Landkreis Straubing-Bogen,Bayern
418222,1051134,Windbergen,25729,Kreis Dithmarschen,Schleswig-Holstein
552388,1058173,Windeby,24340,Kreis Rendsburg-Eckernförde,Schleswig-Holstein
173115,5382076,Windeck,51570,Rhein-Sieg-Kreis,Nordrhein-Westfalen
534081,9571225,Windelsbach,91635,Landkreis Ansbach,Bayern
540053,7141139,Winden,56379,Rhein-Lahn-Kreis,Rheinland-Pfalz
1250497,7334034,Winden,76872,Landkreis Germersheim,Rheinland-Pfalz
1112864,8316055,Winden im Elztal,79297,Landkreis Emmendingen,Baden-Württemberg
1244003,7133114,Windesheim,55452,Landkreis Bad Kreuznach,Rheinland-Pfalz
443471,7138077,Windhagen,53578,Landkreis Neuwied,Rheinland-Pfalz
1059445,9374168,Windischeschenbach,92670,Landkreis Neustadt an der Waldnaab,Bayern
2676109,16077052,Windischleuba,04603,Landkreis Altenburger Land,Thüringen
958101,9275159,Windorf,94575,Landkreis Passau,Bayern
534386,9571226,Windsbach,91575,Landkreis Ansbach,Bayern
2813813,16061107,Wingerode,37327,Landkreis Eichsfeld,Thüringen
1180887,3352056,Wingst,21789,Landkreis Cuxhaven,Niedersachsen
942012,9171137,Winhöring,84543,Landkreis Altötting,Bayern
453182,7143313,Winkelbach,57644,Westerwaldkreis,Rheinland-Pfalz
1085817,7233084,Winkel (Eifel),54558,Landkreis Vulkaneifel,Rheinland-Pfalz
966151,9574164,Winkelhaid,90610,Landkreis Nürnberger Land,Bayern
2012324,3458015,Winkelsett,27243,Landkreis Oldenburg,Niedersachsen
961854,9376178,Winklarn,92559,Landkreis Schwandorf,Bayern
554521,1058174,Winnemark,24398,Kreis Rendsburg-Eckernförde,Schleswig-Holstein
535024,7143314,Winnen,56459,Westerwaldkreis,Rheinland-Pfalz
401699,8119085,Winnenden,71364,Rems-Murr-Kreis,Baden-Württemberg
1060432,7131085,Winnerath,53520,Landkreis Ahrweiler,Rheinland-Pfalz
1404153,1054156,Winnert,25887,Kreis Nordfriesland,Schleswig-Holstein
1432658,3158035,Winnigstedt,38170,Landkreis Wolfenbüttel,Niedersachsen
546654,7137230,Winningen,56333,Landkreis Mayen-Koblenz,Rheinland-Pfalz
1254726,7333503,Winnweiler,67722,Donnersbergkreis,Rheinland-Pfalz
1108068,7232327,Winringen,54614,Eifelkreis Bitburg-Prüm,Rheinland-Pfalz
450227,1061114,Winseldorf,25551,Kreis Steinburg,Schleswig-Holstein
430471,1060100,Winsen,24568,Kreis Segeberg,Schleswig-Holstein
1799279,3351024,Winsen (Aller),29229,Landkreis Celle,Niedersachsen
1799279,3351024,Winsen (Aller),29308,Landkreis Celle,Niedersachsen
252882,3353040,Winsen (Luhe),21423,Landkreis Harburg,Niedersachsen
401644,8119086,Winterbach,73650,Rems-Murr-Kreis,Baden-Württemberg
964237,9774196,Winterbach,89368,Landkreis Günzburg,Bayern
1244220,7133115,Winterbach,55595,Landkreis Bad Kreuznach,Rheinland-Pfalz
1250996,7340228,Winterbach (Pfalz),66484,Landkreis Südwestpfalz,Rheinland-Pfalz
157414,5958048,Winterberg,59955,Hochsauerlandkreis,Nordrhein-Westfalen
1253876,7333083,Winterborn,67822,Donnersbergkreis,Rheinland-Pfalz
1244169,7133116,Winterburg,55595,Landkreis Bad Kreuznach,Rheinland-Pfalz
163058,9679206,Winterhausen,97286,Landkreis Würzburg,Bayern
2779378,8417075,Winterlingen,72474,Zollernalbkreis,Baden-Württemberg
958623,9778217,Winterrieden,87785,Landkreis Unterallgäu,Bayern
1108049,7232328,Winterscheid,54608,Eifelkreis Bitburg-Prüm,Rheinland-Pfalz
1239620,7339066,Wintersheim,67587,Landkreis Mainz-Bingen,Rheinland-Pfalz
1108074,7232329,Winterspelt,54616,Eifelkreis Bitburg-Prüm,Rheinland-Pfalz
540475,7141140,Winterwerb,56355,Rhein-Lahn-Kreis,Rheinland-Pfalz
1258374,7231133,Wintrich,54487,Landkreis Bernkastel-Wittlich,Rheinland-Pfalz
959808,9271153,Winzer,94577,Landkreis Deggendorf,Bayern
318226,9678196,Wipfeld,97537,Landkreis Schweinfurt,Bayern
173849,5374052,Wipperfürth,51688,Oberbergischer Kreis,Nordrhein-Westfalen
2007908,3454060,Wippingen,26892,Landkreis Emsland,Niedersachsen
898637,3452026,Wirdum,26529,Landkreis Aurich,Niedersachsen
1060413,7131086,Wirft,53534,Landkreis Ahrweiler,Rheinland-Pfalz
1259303,7135090,Wirfus,56814,Landkreis Cochem-Zell,Rheinland-Pfalz
92453,7143081,Wirges,56422,Westerwaldkreis,Rheinland-Pfalz
1022778,9477163,Wirsberg,95339,Landkreis Kulmbach,Bayern
532377,7143082,Wirscheid,56237,Westerwaldkreis,Rheinland-Pfalz
1245135,7134095,Wirschweiler,55758,Landkreis Birkenfeld,Rheinland-Pfalz
289094,1057088,Wisch,24217,Kreis Plön,Schleswig-Holstein
1405168,1054157,Wisch,25876,Kreis Nordfriesland,Schleswig-Holstein
446464,3359040,Wischhafen,21737,Landkreis Stade,Niedersachsen
62599,13074087,Wismar,23966,Landkreis Nordwestmecklenburg,Mecklenburg-Vorpommern
62599,13074087,Wismar,23968,Landkreis Nordwestmecklenburg,Mecklenburg-Vorpommern
62599,13074087,Wismar,23970,Landkreis Nordwestmecklenburg,Mecklenburg-Vorpommern
421224,7132117,Wissen,57537,Landkreis Altenkirchen,Rheinland-Pfalz
1152696,7232501,Wißmannsdorf,54636,Eifelkreis Bitburg-Prüm,Rheinland-Pfalz
337740,3353041,Wistedt,21255,Landkreis Harburg,Niedersachsen
1428598,1054158,Witsum,25938,Kreis Nordfriesland,Schleswig-Holstein
1404155,1054159,Wittbek,25872,Kreis Nordfriesland,Schleswig-Holstein
1428585,1054160,Wittdün auf Amrum,25946,Kreis Nordfriesland,Schleswig-Holstein
534181,9571227,Wittelshofen,91749,Landkreis Ansbach,Bayern
162826,5954036,Witten,58452,Ennepe-Ruhr-Kreis,Nordrhein-Westfalen
162826,5954036,Witten,58453,Ennepe-Ruhr-Kreis,Nordrhein-Westfalen
162826,5954036,Witten,58454,Ennepe-Ruhr-Kreis,Nordrhein-Westfalen
162826,5954036,Witten,58455,Ennepe-Ruhr-Kreis,Nordrhein-Westfalen
162826,5954036,Witten,58456,Ennepe-Ruhr-Kreis,Nordrhein-Westfalen
394349,13072117,Wittenbeck,18209,Landkreis Rostock,Mecklenburg-Vorpommern
1060610,15091375,Wittenberg,06886,Landkreis Wittenberg,Sachsen-Anhalt
1060610,15091375,Wittenberg,06888,Landkreis Wittenberg,Sachsen-Anhalt
1060610,15091375,Wittenberg,06889,Landkreis Wittenberg,Sachsen-Anhalt
1289786,12070424,Wittenberge,19322,Landkreis Prignitz,Brandenburg
450513,1061115,Wittenbergen,25548,Kreis Steinburg,Schleswig-Holstein
422845,1060101,Wittenborn,23829,Kreis Segeberg,Schleswig-Holstein
1451528,13076152,Wittenburg,19243,Landkreis Ludwigslust-Parchim,Mecklenburg-Vorpommern
1451500,13076153,Wittendörp,19243,Landkreis Ludwigslust-Parchim,Mecklenburg-Vorpommern
1451548,13076154,Wittenförden,19073,Landkreis Ludwigslust-Parchim,Mecklenburg-Vorpommern
374136,13073102,Wittenhagen,18510,Landkreis Vorpommern-Rügen,Mecklenburg-Vorpommern
2411252,16068061,Witterda,99189,Landkreis Sömmerda,Thüringen
532378,7143084,Wittgert,56237,Westerwaldkreis,Rheinland-Pfalz
957063,9277152,Wittibreut,84384,Landkreis Rottal-Inn,Bayern
1309582,14625640,Wittichenau - Kulow,02997,Landkreis Bautzen,Sachsen
319195,8128137,Wittighausen,97957,Main-Tauber-Kreis,Baden-Württemberg
1392804,3151040,Wittingen,29378,Landkreis Gifhorn,Niedersachsen
1392804,3151040,Wittingen,29379,Landkreis Gifhorn,Niedersachsen
957100,9773183,Wittislingen,89426,Landkreis Dillingen an der Donau,Bayern
661036,7231134,Wittlich,54516,Landkreis Bernkastel-Wittlich,Rheinland-Pfalz
1130298,8336100,Wittlingen,79599,Landkreis Lörrach,Baden-Württemberg
1432638,3158036,Wittmar,38329,Landkreis Wolfenbüttel,Niedersachsen
310400,1057089,Wittmoldt,24306,Kreis Plön,Schleswig-Holstein
1187861,3462019,Wittmund,26409,Landkreis Wittmund,Niedersachsen
1946227,8315125,Wittnau,79299,Landkreis Breisgau-Hochschwarzwald,Baden-Württemberg
1944506,3355042,Wittorf,21357,Landkreis Lüneburg,Niedersachsen
1302376,12068468,Wittstock/Dosse,16909,Landkreis Ostprignitz-Ruppin,Brandenburg
1467753,1053132,Witzeeze,21514,Kreis Herzogtum Lauenburg,Schleswig-Holstein
549412,6636016,Witzenhausen,37213,Werra-Meißner-Kreis,Hessen
549412,6636016,Witzenhausen,37214,Werra-Meißner-Kreis,Hessen
549412,6636016,Witzenhausen,37215,Werra-Meißner-Kreis,Hessen
549412,6636016,Witzenhausen,37216,Werra-Meißner-Kreis,Hessen
549412,6636016,Witzenhausen,37217,Werra-Meißner-Kreis,Hessen
549412,6636016,Witzenhausen,37218,Werra-Meißner-Kreis,Hessen
454249,1062086,Witzhave,22969,Kreis Stormarn,Schleswig-Holstein
449943,13076155,Witzin,19406,Landkreis Ludwigslust-Parchim,Mecklenburg-Vorpommern
1177206,16070054,Witzleben,99310,Ilm-Kreis,Thüringen
958107,9275160,Witzmannsberg,94104,Landkreis Passau,Bayern
1402990,1054161,Witzwort,25889,Kreis Nordfriesland,Schleswig-Holstein
1451568,13076156,Wöbbelin,19288,Landkreis Ludwigslust-Parchim,Mecklenburg-Vorpommern
1405431,1054162,Wobbenbüll,25856,Kreis Nordfriesland,Schleswig-Holstein
1419835,13071161,Woggersin,17039,Landkreis Mecklenburgische Seenplatte,Mecklenburg-Vorpommern
1157657,1059096,Wohlde,24899,Kreis Schleswig-Flensburg,Schleswig-Holstein
321153,1053133,Wohltorf,21521,Kreis Herzogtum Lauenburg,Schleswig-Holstein
1079011,3357056,Wohnste,27419,Landkreis Rotenburg (Wümme),Niedersachsen
225484,6534022,Wohratal,35288,Landkreis Marburg-Biedenkopf,Hessen
412078,1051113,Wöhrden,25797,Kreis Dithmarschen,Schleswig-Holstein
1419605,13071162,Wokuhl-Dabelow,17237,Landkreis Mecklenburgische Seenplatte,Mecklenburg-Vorpommern
1427893,13071163,Wolde,17091,Landkreis Mecklenburgische Seenplatte,Mecklenburg-Vorpommern
1419919,13071164,Woldegk,17348,Landkreis Mecklenburgische Seenplatte,Mecklenburg-Vorpommern
445739,7138078,Woldert,57614,Landkreis Neuwied,Rheinland-Pfalz
453007,8317145,Wolfach,77709,Ortenaukreis,Baden-Württemberg
2806788,8436085,Wolfegg,88364,Landkreis Ravensburg,Baden-Württemberg
1432648,3158037,Wolfenbüttel,38300,Landkreis Wolfenbüttel,Niedersachsen
1432648,3158037,Wolfenbüttel,38302,Landkreis Wolfenbüttel,Niedersachsen
1432648,3158037,Wolfenbüttel,38304,Landkreis Wolfenbüttel,Niedersachsen
533599,7143085,Wölferlingen,56244,Westerwaldkreis,Rheinland-Pfalz
29824,9178156,Wolfersdorf,85395,Landkreis Freising,Bayern
446621,6440024,Wölfersheim,61200,Wetteraukreis,Hessen
962650,9779231,Wolferstadt,86709,Landkreis Donau-Ries,Bayern
958688,9778218,Wolfertschwenden,87787,Landkreis Unterallgäu,Bayern
452969,6633028,Wolfhagen,34466,Landkreis Kassel,Hessen
534388,9571229,Wolframs-Eschenbach,91639,Landkreis Ansbach,Bayern
935131,9173147,Wolfratshausen,82515,Landkreis Bad Tölz-Wolfratshausen,Bayern
62418,3103000,Wolfsburg,38440,,Niedersachsen
62418,3103000,Wolfsburg,38442,,Niedersachsen
62418,3103000,Wolfsburg,38444,,Niedersachsen
62418,3103000,Wolfsburg,38446,,Niedersachsen
62418,3103000,Wolfsburg,38448,,Niedersachsen
2796538,8116073,Wolfschlugen,72649,Landkreis Esslingen,Baden-Württemberg
975302,9375211,Wolfsegg,93195,Landkreis Regensburg,Bayern
1245784,7339202,Wolfsheim,55578,Landkreis Mainz-Bingen,Rheinland-Pfalz
1246675,7336105,Wolfstein,67752,Landkreis Kusel,Rheinland-Pfalz
1432365,13075144,Wolgast,17438,Landkreis Vorpommern-Greifswald,Mecklenburg-Vorpommern
546656,7137231,Wolken,56332,Landkreis Mayen-Koblenz,Rheinland-Pfalz
422325,14521670,Wolkenstein,09429,Erzgebirgskreis,Sachsen
387430,9673183,Wollbach,97618,Landkreis Rhön-Grabfeld,Bayern
1399073,3159037,Wollbrandshausen,37434,Landkreis Göttingen,Niedersachsen
1399075,3159038,Wollershausen,37434,Landkreis Göttingen,Niedersachsen
549038,12069680,Wollin,14778,Landkreis Potsdam-Mittelmark,Brandenburg
1269813,7135091,Wollmerath,56826,Landkreis Cochem-Zell,Rheinland-Pfalz
450114,6440025,Wöllstadt,61206,Wetteraukreis,Hessen
1248623,7331072,Wöllstein,55597,Landkreis Alzey-Worms,Rheinland-Pfalz
418230,1051135,Wolmersdorf,25704,Kreis Dithmarschen,Schleswig-Holstein
418876,7132118,Wölmersen,57635,Landkreis Altenkirchen,Rheinland-Pfalz
1357523,15089365,Wolmirsleben,39435,Salzlandkreis,Sachsen-Anhalt
79789,15083565,Wolmirstedt,39326,Landkreis Börde,Sachsen-Anhalt
252182,9186162,Wolnzach,85283,Landkreis Pfaffenhofen an der Ilm,Bayern
389472,8127099,Wolpertshausen,74549,Landkreis Schwäbisch Hall,Baden-Württemberg
2808137,8436087,Wolpertswende,88284,Landkreis Ravensburg,Baden-Württemberg
1169361,3257038,Wölpinghausen,31556,Landkreis Schaumburg,Niedersachsen
1446632,3154026,Wolsdorf,38379,Landkreis Helmstedt,Niedersachsen
1152713,7232137,Wolsfeld,54636,Eifelkreis Bitburg-Prüm,Rheinland-Pfalz
1352214,12067544,Woltersdorf,15569,Landkreis Oder-Spree,Brandenburg
1466177,1053134,Woltersdorf,21516,Kreis Herzogtum Lauenburg,Schleswig-Holstein
1818787,3354025,Woltersdorf,29497,Landkreis Lüchow-Dannenberg,Niedersachsen
1245191,7140163,Womrath,55481,Rhein-Hunsrück-Kreis,Rheinland-Pfalz
387770,9674219,Wonfurt,97539,Landkreis Haßberge,Bayern
941681,9189165,Wonneberg,83379,Landkreis Traunstein,Bayern
1022765,9477164,Wonsees,96197,Landkreis Kulmbach,Bayern
1248627,7331075,Wonsheim,55599,Landkreis Alzey-Worms,Rheinland-Pfalz
1245193,7140164,Woppenroth,55490,Rhein-Hunsrück-Kreis,Rheinland-Pfalz
958690,9778219,Woringen,87789,Landkreis Unterallgäu,Bayern
62453,7319000,Worms,67547,,Rheinland-Pfalz
62453,7319000,Worms,67549,,Rheinland-Pfalz
62453,7319000,Worms,67550,,Rheinland-Pfalz
62453,7319000,Worms,67551,,Rheinland-Pfalz
935830,8237072,Wörnersberg,72299,Landkreis Freudenstadt,Baden-Württemberg
534088,9571228,Wörnitz,91637,Landkreis Ansbach,Bayern
423194,3356011,Worpswede,27726,Landkreis Osterholz,Niedersachsen
1250226,7331073,Wörrstadt,55286,Landkreis Alzey-Worms,Rheinland-Pfalz
915550,8136084,Wört,73499,Ostalbkreis,Baden-Württemberg
158726,1053135,Worth,21502,Kreis Herzogtum Lauenburg,Schleswig-Holstein
934776,9177144,Wörth,85457,Landkreis Erding,Bayern
179302,9274191,Wörth a.d. Isar,84109,Landkreis Landshut,Bayern
394447,9676169,Wörth am Main,63939,Landkreis Miltenberg,Bayern
904764,7334501,Wörth am Rhein,76744,Landkreis Germersheim,Rheinland-Pfalz
966622,9375210,Wörth an der Donau,93086,Landkreis Regensburg,Bayern
932238,9188145,Wörthsee,82237,Landkreis Starnberg,Bayern
1433755,13075145,Wrangelsburg,17495,Landkreis Vorpommern-Greifswald,Mecklenburg-Vorpommern
2012152,3360030,Wrestedt,29559,Landkreis Uelzen,Niedersachsen
1460240,3360029,Wriedel,29565,Landkreis Uelzen,Niedersachsen
1332941,12064512,Wriezen,16269,Landkreis Märkisch-Oderland,Brandenburg
450517,1061116,Wrist,25563,Kreis Steinburg,Schleswig-Holstein
1428593,1054163,Wrixum,25938,Kreis Nordfriesland,Schleswig-Holstein
966749,1051136,Wrohm,25799,Kreis Dithmarschen,Schleswig-Holstein
387431,9673184,Wülfershausen an der Saale,97618,Landkreis Rhön-Grabfeld,Bayern
66514,5158036,Wülfrath,42489,Kreis Mettmann,Nordrhein-Westfalen
335212,3353042,Wulfsen,21445,Landkreis Harburg,Niedersachsen
450515,1061117,Wulfsmoor,25563,Kreis Steinburg,Schleswig-Holstein
1416138,3159039,Wulften am Harz,37199,Landkreis Göttingen,Niedersachsen
1419841,13071166,Wulkenzin,17039,Landkreis Mecklenburgische Seenplatte,Mecklenburg-Vorpommern
551076,14627340,Wülknitz,01609,Landkreis Meißen,Sachsen
2410106,16068062,Wundersleben,99610,Landkreis Sömmerda,Thüringen
2790944,16076084,Wünschendorf/Elster,07570,Landkreis Greiz,Thüringen
1022873,9479169,Wunsiedel,95632,Landkreis Wunsiedel im Fichtelgebirge,Bayern
73888,3241021,Wunstorf,31515,Region Hannover,Niedersachsen
62478,5124000,Wuppertal,42103,,Nordrhein-Westfalen
62478,5124000,Wuppertal,42105,,Nordrhein-Westfalen
62478,5124000,Wuppertal,42107,,Nordrhein-Westfalen
62478,5124000,Wuppertal,42109,,Nordrhein-Westfalen
62478,5124000,Wuppertal,42111,,Nordrhein-Westfalen
62478,5124000,Wuppertal,42113,,Nordrhein-Westfalen
62478,5124000,Wuppertal,42115,,Nordrhein-Westfalen
62478,5124000,Wuppertal,42117,,Nordrhein-Westfalen
62478,5124000,Wuppertal,42119,,Nordrhein-Westfalen
62478,5124000,Wuppertal,42275,,Nordrhein-Westfalen
62478,5124000,Wuppertal,42277,,Nordrhein-Westfalen
62478,5124000,Wuppertal,42279,,Nordrhein-Westfalen
62478,5124000,Wuppertal,42281,,Nordrhein-Westfalen
62478,5124000,Wuppertal,42283,,Nordrhein-Westfalen
62478,5124000,Wuppertal,42285,,Nordrhein-Westfalen
62478,5124000,Wuppertal,42287,,Nordrhein-Westfalen
62478,5124000,Wuppertal,42289,,Nordrhein-Westfalen
62478,5124000,Wuppertal,42327,,Nordrhein-Westfalen
62478,5124000,Wuppertal,42329,,Nordrhein-Westfalen
62478,5124000,Wuppertal,42349,,Nordrhein-Westfalen
62478,5124000,Wuppertal,42369,,Nordrhein-Westfalen
62478,5124000,Wuppertal,42389,,Nordrhein-Westfalen
62478,5124000,Wuppertal,42399,,Nordrhein-Westfalen
957061,9277153,Wurmannsquick,84329,Landkreis Rottal-Inn,Bayern
307898,8236068,Wurmberg,75449,Enzkreis,Baden-Württemberg
1231950,8327054,Wurmlingen,78573,Landkreis Tuttlingen,Baden-Württemberg
192243,9274193,Wurmsham,84189,Landkreis Landshut,Bayern
1245167,7140165,Würrich,56858,Rhein-Hunsrück-Kreis,Rheinland-Pfalz
157994,5334036,Würselen,52146,Städteregion Aachen,Nordrhein-Westfalen
4447299,3352061,Wurster Nordseeküste,27639,Landkreis Cuxhaven,Niedersachsen
2179230,16075133,Wurzbach,07343,Saale-Orla-Kreis,Thüringen
62464,9663000,Würzburg,97070,,Bayern
62464,9663000,Würzburg,97072,,Bayern
62464,9663000,Würzburg,97074,,Bayern
62464,9663000,Würzburg,97076,,Bayern
62464,9663000,Würzburg,97078,,Bayern
62464,9663000,Würzburg,97080,,Bayern
62464,9663000,Würzburg,97082,,Bayern
62464,9663000,Würzburg,97084,,Bayern
422917,14729410,Wurzen,04808,Landkreis Leipzig,Sachsen
1253974,7333084,Würzweiler,67808,Donnersbergkreis,Rheinland-Pfalz
1241653,7140166,Wüschheim,55471,Rhein-Hunsrück-Kreis,Rheinland-Pfalz
410482,8125107,Wüstenrot,71543,Landkreis Heilbronn,Baden-Württemberg
1308889,12068477,Wusterhausen/Dosse,16845,Landkreis Ostprignitz-Ruppin,Brandenburg
1308889,12068477,Wusterhausen/Dosse,16866,Landkreis Ostprignitz-Ruppin,Brandenburg
1308889,12068477,Wusterhausen/Dosse,16868,Landkreis Ostprignitz-Ruppin,Brandenburg
1432696,13075146,Wusterhusen,17509,Landkreis Vorpommern-Greifswald,Mecklenburg-Vorpommern
1240551,12063357,Wustermark,14641,Landkreis Havelland,Brandenburg
964560,12069688,Wusterwitz,14789,Landkreis Potsdam-Mittelmark,Brandenburg
1284754,15090631,Wust-Fischbeck,39524,Landkreis Stendal,Sachsen-Anhalt
2396283,16061111,Wüstheuterode,37318,Landkreis Eichsfeld,Thüringen
374242,13073103,Wustrow,18347,Landkreis Vorpommern-Rügen,Mecklenburg-Vorpommern
1419647,13071167,Wustrow,17255,Landkreis Mecklenburgische Seenplatte,Mecklenburg-Vorpommern
1821905,3354026,Wustrow,29462,Landkreis Lüchow-Dannenberg,Niedersachsen
2785261,8337127,Wutach,79879,Landkreis Waldshut,Baden-Württemberg
1268933,16063092,Wutha-Farnroda,99848,Wartburgkreis,Thüringen
2785701,8337123,Wutöschingen,79793,Landkreis Waldshut,Baden-Württemberg
1124274,8316051,Wyhl,79369,Landkreis Emmendingen,Baden-Württemberg
1428590,1054164,Wyk auf Föhr,25938,Kreis Nordfriesland,Schleswig-Holstein
58591,5170052,Xanten,46509,Kreis Wesel,Nordrhein-Westfalen
410519,8125108,Zaberfeld,74374,Landkreis Heilbronn,Baden-Württemberg
959159,9276146,Zachenberg,94239,Landkreis Regen,Bayern
1607094,15091391,Zahna-Elster,06895,Landkreis Wittenberg,Sachsen-Anhalt
659840,8215094,Zaisenhausen,75059,Landkreis Karlsruhe,Baden-Württemberg
961933,9372177,Zandt,93499,Landkreis Cham,Bayern
940971,9183151,Zangberg,84539,Landkreis Mühldorf am Inn,Bayern
449926,13076158,Zapel,19089,Landkreis Ludwigslust-Parchim,Mecklenburg-Vorpommern
1077536,9471214,Zapfendorf,96199,Landkreis Bamberg,Bayern
393341,13072118,Zarnewanz,18195,Landkreis Rostock,Mecklenburg-Vorpommern
532392,1062087,Zarpen,23619,Kreis Stormarn,Schleswig-Holstein
374599,13073104,Zarrendorf,18510,Landkreis Vorpommern-Rügen,Mecklenburg-Vorpommern
1451545,13076159,Zarrentin am Schaalsee,19246,Landkreis Ludwigslust-Parchim,Mecklenburg-Vorpommern
1332938,12064538,Zechin,15328,Landkreis Märkisch-Oderland,Brandenburg
2804640,16076086,Zedlitz,07557,Landkreis Greiz,Thüringen
1316017,12065356,Zehdenick,16792,Landkreis Oberhavel,Brandenburg
1964782,13072119,Zehna,18276,Landkreis Rostock,Mecklenburg-Vorpommern
533269,7143315,Zehnhausen bei Rennerod,56477,Westerwaldkreis,Rheinland-Pfalz
534492,7143316,Zehnhausen bei Wallmerod,56414,Westerwaldkreis,Rheinland-Pfalz
1284764,15090635,Zehrental,39615,Landkreis Stendal,Sachsen-Anhalt
388844,9674221,Zeil am Main,97475,Landkreis Haßberge,Bayern
957071,9277154,Zeilarn,84367,Landkreis Rottal-Inn,Bayern
1250385,7334036,Zeiskam,67378,Landkreis Germersheim,Rheinland-Pfalz
551072,14627360,Zeithain,01619,Landkreis Meißen,Sachsen
966595,9375213,Zeitlarn,93197,Landkreis Regensburg,Bayern
384269,9672166,Zeitlofs,97799,Landkreis Bad Kissingen,Bayern
2404586,15084590,Zeitz,06711,Burgenlandkreis,Sachsen-Anhalt
2404586,15084590,Zeitz,06712,Burgenlandkreis,Sachsen-Anhalt
961327,9372167,Zell,93199,Landkreis Cham,Bayern
1270652,16066092,Zella-Mehlis,98544,Landkreis Schmalkalden-Meiningen,Thüringen
453018,8317146,Zell am Harmersbach,77736,Ortenaukreis,Baden-Württemberg
181162,9679209,Zell am Main,97299,Landkreis Würzburg,Bayern
1254390,7333501,Zellertal,67308,Donnersbergkreis,Rheinland-Pfalz
1021693,9475189,Zell im Fichtelgebirge,95239,Landkreis Hof,Bayern
1226078,8336103,Zell im Wiesental,79669,Landkreis Lörrach,Baden-Württemberg
335436,9677203,Zellingen,97225,Landkreis Main-Spessart,Bayern
1269737,7135092,Zell (Mosel),56856,Landkreis Cochem-Zell,Rheinland-Pfalz
1269737,7135092,Zell (Mosel),56858,Landkreis Cochem-Zell,Rheinland-Pfalz
1269737,7135092,Zell (Mosel),56859,Landkreis Cochem-Zell,Rheinland-Pfalz
2792704,8117060,Zell unter Aichelberg,73087,Landkreis Göppingen,Baden-Württemberg
2792704,8117060,Zell unter Aichelberg,73119,Landkreis Göppingen,Baden-Württemberg
1258363,7231136,Zeltingen-Rachtig,54492,Landkreis Bernkastel-Wittlich,Rheinland-Pfalz
1258363,7231136,Zeltingen-Rachtig,54539,Landkreis Bernkastel-Wittlich,Rheinland-Pfalz
1432369,13075147,Zemitz,17440,Landkreis Vorpommern-Greifswald,Mecklenburg-Vorpommern
1255879,7235151,Zemmer,54313,Landkreis Trier-Saarburg,Rheinland-Pfalz
1433097,13075148,Zempin,17459,Landkreis Vorpommern-Greifswald,Mecklenburg-Vorpommern
1140570,7232331,Zendscheid,54655,Eifelkreis Bitburg-Prüm,Rheinland-Pfalz
958944,9272152,Zenting,94579,Landkreis Freyung-Grafenau,Bayern
1963819,13072120,Zepelin,18246,Landkreis Rostock,Mecklenburg-Vorpommern
1070782,15082430,Zerbst/Anhalt,39261,Landkreis Anhalt-Bitterfeld,Sachsen-Anhalt
1070782,15082430,Zerbst/Anhalt,39264,Landkreis Anhalt-Bitterfeld,Sachsen-Anhalt
1256076,7235152,Zerf,54314,Landkreis Trier-Saarburg,Rheinland-Pfalz
1818809,3354027,Zernien,29499,Landkreis Lüchow-Dannenberg,Niedersachsen
1302366,12068501,Zernitz-Lohm,16845,Landkreis Ostprignitz-Ruppin,Brandenburg
1410902,13075149,Zerrenthin,17309,Landkreis Vorpommern-Greifswald,Mecklenburg-Vorpommern
1332930,12064539,Zeschdorf,15326,Landkreis Märkisch-Oderland,Brandenburg
1187413,3455027,Zetel,26340,Landkreis Friesland,Niedersachsen
1427699,13071169,Zettemin,17153,Landkreis Mecklenburgische Seenplatte,Mecklenburg-Vorpommern
1259831,7135093,Zettingen,56761,Landkreis Cochem-Zell,Rheinland-Pfalz
414701,14522600,Zettlitz,09306,Landkreis Mittelsachsen,Sachsen
1329613,16076087,Zeulenroda-Triebes,07937,Landkreis Greiz,Thüringen
1329613,16076087,Zeulenroda-Triebes,07950,Landkreis Greiz,Thüringen
55775,12061572,Zeuthen,15738,Landkreis Dahme-Spreewald,Brandenburg
965599,3357057,Zeven,27404,Landkreis Rotenburg (Wümme),Niedersachsen
1334116,12073645,Zichow,16306,Landkreis Uckermark,Brandenburg
1444878,13074088,Zickhusen,19069,Landkreis Nordwestmecklenburg,Mecklenburg-Vorpommern
449891,13076160,Ziegendorf,19372,Landkreis Ludwigslust-Parchim,Mecklenburg-Vorpommern
416406,7132119,Ziegenhain,57632,Landkreis Altenkirchen,Rheinland-Pfalz
2179231,16075127,Ziegenrück,07924,Saale-Orla-Kreis,Thüringen
1286662,15083580,Zielitz,39326,Landkreis Börde,Sachsen-Anhalt
963833,9774198,Ziemetshausen,86473,Landkreis Günzburg,Bayern
454616,6633029,Zierenberg,34289,Landkreis Kassel,Hessen
1479678,13074089,Zierow,23968,Landkreis Nordwestmecklenburg,Mecklenburg-Vorpommern
957096,9773186,Ziertheim,89446,Landkreis Dillingen an der Donau,Bayern
1451535,13076161,Zierzow,19300,Landkreis Ludwigslust-Parchim,Mecklenburg-Vorpommern
946195,12069696,Ziesar,14793,Landkreis Potsdam-Mittelmark,Brandenburg
394323,13072121,Ziesendorf,18059,Landkreis Rostock,Mecklenburg-Vorpommern
1318346,12060296,Ziethen,16247,Landkreis Barnim,Brandenburg
1433752,13075150,Ziethen,17390,Landkreis Vorpommern-Greifswald,Mecklenburg-Vorpommern
1476161,1053136,Ziethen,23911,Kreis Herzogtum Lauenburg,Schleswig-Holstein
1266515,7140504,Zilshausen,56288,Rhein-Hunsrück-Kreis,Rheinland-Pfalz
1384815,12067552,Ziltendorf,15295,Landkreis Oder-Spree,Brandenburg
2778458,16074113,Zimmern,07778,Saale-Holzland-Kreis,Thüringen
943738,8325069,Zimmern ob Rottweil,78652,Landkreis Rottweil,Baden-Württemberg
943738,8325069,Zimmern ob Rottweil,78658,Landkreis Rottweil,Baden-Württemberg
2818339,16067082,Zimmernsupra,99100,Landkreis Gotha,Thüringen
2781605,8417078,Zimmern unter der Burg,72369,Zollernalbkreis,Baden-Württemberg
540051,7141141,Zimmerschied,56379,Rhein-Lahn-Kreis,Rheinland-Pfalz
374275,13073105,Zingst,18374,Landkreis Vorpommern-Rügen,Mecklenburg-Vorpommern
1432810,13075151,Zinnowitz,17454,Landkreis Vorpommern-Greifswald,Mecklenburg-Vorpommern
1433094,13075152,Zirchow,17419,Landkreis Vorpommern-Greifswald,Mecklenburg-Vorpommern
1437795,13073106,Zirkow,18528,Landkreis Vorpommern-Rügen,Mecklenburg-Vorpommern
3351257,9573134,Zirndorf,90513,Landkreis Fürth,Bayern
1419831,13071170,Zirzow,17039,Landkreis Mecklenburgische Seenplatte,Mecklenburg-Vorpommern
1424396,13071171,Zislow,17209,Landkreis Mecklenburgische Seenplatte,Mecklenburg-Vorpommern
418117,14626610,Zittau,02763,Landkreis Görlitz,Sachsen
418117,14626610,Zittau,02788,Landkreis Görlitz,Sachsen
449913,13076162,Zölkow,19374,Landkreis Ludwigslust-Parchim,Mecklenburg-Vorpommern
29831,9178157,Zolling,85406,Landkreis Freising,Bayern
2778459,16074114,Zöllnitz,07751,Saale-Holzland-Kreis,Thüringen
1329608,15082440,Zörbig,06780,Landkreis Anhalt-Bitterfeld,Sachsen-Anhalt
929912,9175139,Zorneding,85604,Landkreis Ebersberg,Bayern
1245313,7339067,Zornheim,55270,Landkreis Mainz-Bingen,Rheinland-Pfalz
956143,9773187,Zöschingen,89447,Landkreis Dillingen an der Donau,Bayern
176781,12072477,Zossen,15806,Landkreis Teltow-Fläming,Brandenburg
1245780,7339068,Zotzenheim,55576,Landkreis Mainz-Bingen,Rheinland-Pfalz
445994,14730360,Zschepplin,04838,Landkreis Nordsachsen,Sachsen
422355,14521690,Zschopau,09405,Erzgebirgskreis,Sachsen
422355,14521690,Zschopau,09434,Erzgebirgskreis,Sachsen
419013,14521700,Zschorlau,08321,Erzgebirgskreis,Sachsen
1451511,13076163,Zülow,19073,Landkreis Ludwigslust-Parchim,Mecklenburg-Vorpommern
158138,5366044,Zülpich,53909,Kreis Euskirchen,Nordrhein-Westfalen
1504916,13074090,Zurow,23992,Landkreis Nordwestmecklenburg,Mecklenburg-Vorpommern
956859,9773188,Zusamaltheim,86637,Landkreis Dillingen an der Donau,Bayern
1257089,7235153,Züsch,54422,Landkreis Trier-Saarburg,Rheinland-Pfalz
537904,9772223,Zusmarshausen,86441,Landkreis Augsburg,Bayern
1515590,13074091,Züsow,23992,Landkreis Nordwestmecklenburg,Mecklenburg-Vorpommern
1433754,13075154,Züssow,17495,Landkreis Vorpommern-Greifswald,Mecklenburg-Vorpommern
453376,8226101,Zuzenhausen,74939,Rhein-Neckar-Kreis,Baden-Württemberg
62719,7320000,Zweibrücken,66482,,Rheinland-Pfalz
1171875,7232138,Zweifelscheid,54673,Eifelkreis Bitburg-Prüm,Rheinland-Pfalz
377169,8126094,Zweiflingen,74639,Hohenlohekreis,Baden-Württemberg
420477,14729430,Zwenkau,04442,Landkreis Leipzig,Sachsen
397076,14524330,Zwickau,08056,Landkreis Zwickau,Sachsen
397076,14524330,Zwickau,08058,Landkreis Zwickau,Sachsen
397076,14524330,Zwickau,08060,Landkreis Zwickau,Sachsen
397076,14524330,Zwickau,08062,Landkreis Zwickau,Sachsen
397076,14524330,Zwickau,08064,Landkreis Zwickau,Sachsen
397076,14524330,Zwickau,08066,Landkreis Zwickau,Sachsen
2778122,8415085,Zwiefalten,88529,Landkreis Reutlingen,Baden-Württemberg
959161,9276148,Zwiesel,94227,Landkreis Regen,Bayern
403750,8225113,Zwingenberg,69439,Neckar-Odenwald-Kreis,Baden-Württemberg
537054,6431022,Zwingenberg,64673,Kreis Bergstraße,Hessen
536015,14521710,Zwönitz,08297,Erzgebirgskreis,Sachsen
null,null,Wolfsberg,98704,Ilm-Kreis,Thüringen
null,null,Möhrenbach,98708,Ilm-Kreis,Thüringen
null,null,Frauenwald,98711,Ilm-Kreis,Thüringen
null,null,Stützerbach,98714,Ilm-Kreis,Thüringen
null,null,Bilzingsleben,06578,Landkreis Sömmerda,Thüringen
null,null,Schmiedefeld,98739,Landkreis Saalfeld-Rudolstadt,Thüringen
null,null,Kamsdorf,07334,Landkreis Saalfeld-Rudolstadt,Thüringen
null,null,Benshausen,98554,Landkreis Schmalkalden-Meiningen,Thüringen
null,null,Brotterode,98599,Landkreis Schmalkalden-Meiningen,Thüringen
null,null,Buchholz,99762,Landkreis Nordhausen,Thüringen
null,null,Sachsenbrunn,98678,Landkreis Hildburghausen,Thüringen
null,null,Mengersgereuth-Hämmern,96529,Landkreis Sonneberg,Thüringen
